<?xml version="1.0" encoding="utf-8"?>
<COLLADA xmlns="http://www.collada.org/2005/11/COLLADASchema" version="1.4.1" xmlns:xsi="http://www.w3.org/2001/XMLSchema-instance">
  <asset>
    <contributor>
      <author>Blender User</author>
      <authoring_tool>Blender 4.3.2 commit date:2024-12-16, commit time:21:10, hash:32f5fdce0a0a</authoring_tool>
    </contributor>
    <created>2025-01-30T18:35:53</created>
    <modified>2025-01-30T18:35:53</modified>
    <unit name="meter" meter="1"/>
    <up_axis>Z_UP</up_axis>
  </asset>
  <library_cameras>
    <camera id="Camera-camera" name="Camera">
      <optics>
        <technique_common>
          <perspective>
            <xfov sid="xfov">39.59775</xfov>
            <aspect_ratio>1.777778</aspect_ratio>
            <znear sid="znear">0.1</znear>
            <zfar sid="zfar">100</zfar>
          </perspective>
        </technique_common>
      </optics>
      <extra>
        <technique profile="blender">
          <shiftx sid="shiftx" type="float">0</shiftx>
          <shifty sid="shifty" type="float">0</shifty>
          <dof_distance sid="dof_distance" type="float">10</dof_distance>
        </technique>
      </extra>
    </camera>
  </library_cameras>
  <library_lights>
    <light id="Light-light" name="Light">
      <technique_common>
        <point>
          <color sid="color">1000 1000 1000</color>
          <constant_attenuation>1</constant_attenuation>
          <linear_attenuation>0</linear_attenuation>
          <quadratic_attenuation>0</quadratic_attenuation>
        </point>
      </technique_common>
      <extra>
        <technique profile="blender">
          <type sid="type" type="int">0</type>
          <flag sid="flag" type="int">0</flag>
          <mode sid="mode" type="int">2097153</mode>
          <red sid="red" type="float">1</red>
          <green sid="green" type="float">1</green>
          <blue sid="blue" type="float">1</blue>
          <energy sid="blender_energy" type="float">1000</energy>
          <spotsize sid="spotsize" type="float">75</spotsize>
          <spotblend sid="spotblend" type="float">0.15</spotblend>
          <clipsta sid="clipsta" type="float">0.04999995</clipsta>
          <clipend sid="clipend" type="float">40</clipend>
          <radius sid="radius" type="float">0.1</radius>
          <area_shape sid="area_shape" type="int">1</area_shape>
          <area_size sid="area_size" type="float">0.1</area_size>
          <area_sizey sid="area_sizey" type="float">0.1</area_sizey>
          <area_sizez sid="area_sizez" type="float">1</area_sizez>
        </technique>
      </extra>
    </light>
  </library_lights>
  <library_images/>
  <library_geometries>
    <geometry id="lds-mesh" name="lds">
      <mesh>
        <source id="lds-mesh-positions">
          <float_array id="lds-mesh-positions-array" count="21693">9.25 16.02147 -17.8 9.25 16.02147 -12.4 10.51858 15.21872 -12.4 10.59383 15.34905 -12.55 10.51858 15.21872 -17.8 10.66907 15.47937 -12.7 7.920506 16.71872 -17.8 7.920506 16.71872 -12.4 9.399998 16.28128 -12.7 7.995751 16.84905 -12.55 0 18.2 -18.1 4.059168 18.04919 -17.8 7.920506 16.71872 -18.1 8.221467 17.24 -12.7 8.070995 16.97937 -12.7 9.098851 15.76221 -18.1 15.76094 9.100756 -18.1 16.38359 8.592329 -17.8 16.3836 8.592293 -18.1 10.51858 15.21872 -18.1 10.81954 15.74 -18.1 -18.5 0 -12.4 -18.5 0 -17.8 -18.43909 -1.5 -17.8 -15.76094 -9.100756 -18.1 -18.43909 -1.5 -12.4 -18.58958 -1.5 -12.55 -12.53994 -13.60147 -17.8 -18.43909 -1.5 -18.1 -19.04101 -1.5 -12.7 -18.74007 -1.5 -12.7 -18.43909 1.5 -12.4 -18.43909 1.5 -17.8 -18.19968 0 -18.1 -18.58958 1.5 -12.55 -15.76094 9.100756 -18.1 -12.53994 13.60147 -17.8 -15.63308 9.892267 -18.1 -18.43909 1.5 -18.1 -19.04101 1.5 -18.1 -18.74007 1.5 -12.7 -18.8 0 -12.7 9.25 -16.02147 -17.8 7.920506 -16.71872 -12.4 7.920506 -16.71872 -17.8 7.995751 -16.84905 -12.55 9.098851 -15.76221 -18.1 4.059168 -18.04919 -17.8 -0.7502757 -18.48478 -18.1 7.920506 -16.71872 -18.1 8.221467 -17.24 -18.1 8.070995 -16.97937 -12.7 9.25 -16.02147 -12.4 10.51858 -15.21872 -17.8 10.51858 -15.21872 -12.4 9.399998 -16.28128 -12.7 10.59383 -15.34905 -12.55 15.76094 -9.100756 -18.1 16.38359 -8.592329 -17.8 10.51858 -15.21872 -18.1 10.81954 -15.74 -12.7 10.66907 -15.47937 -12.7 0 -18.5 -17.8 0 -18.41213 -18.01213 -9.249953 -16.0215 -18.1 18.19968 0 -18.1 18.5 0 -17.8 16.3836 -8.592293 -18.1 18.5 0 -18.1 0 18.41213 -18.01213 0 18.5 -17.8 -9.098851 15.76221 -18.1 -0.7502757 18.48478 -18.1 8.221467 17.24 -18.1 9.549999 16.54108 -18.1 0 -18.2 -18.1 9.549999 -16.54108 -18.1 -9.098851 -15.76221 -18.1 13.07014 13.06829 -11.3 0 18.49568 -11.34927 0 18.48284 -11.3 -13.08148 13.08148 -11.4 13.08323 13.07915 -11.3 -13.07014 13.06829 -11.3 0 18.5 -11.3 0 18.5 -11.4 13.08148 13.08148 -11.4 -13.08543 13.07694 -11.3 18.48252 0 -11.3 18.5 0 -11.4 13.07014 -13.06829 -11.3 13.08148 -13.08148 -11.4 18.49967 -0.03361666 -11.3 0 -18.49568 -11.34927 0 -18.5 -11.4 13.08543 -13.07694 -11.3 0 -18.48284 -11.3 -13.07014 -13.06829 -11.3 -13.08148 -13.08148 -11.4 0 -18.5 -11.3 -13.08323 -13.07915 -11.3 -18.5 0 -11.4 -18.48252 0 -11.3 -17.10526 -7.046925 -11.3 -18.49967 0.03361666 -11.3 -13.85641 8 -11.3 -11.69136 6.749978 -11.3 0 13.5 -11.3 0 13.5 -11.1 0 16 -11.3 11.69639 6.741251 -11.3 11.6908 6.750561 -11.1 -11.69639 -6.741251 -11.3 -11.6908 6.750561 -11.1 0 -16 -11.3 0 -13.5 -11.3 -11.6908 -6.750561 -11.1 -13.85641 -8 -11.3 13.85641 -8 -11.3 11.69136 -6.749978 -11.3 0 -13.5 -11.1 11.6908 -6.750561 -11.1 13.85641 8 -11.3 0 16 -10.3 -13.86103 7.991949 -10.3 13.86828 7.979363 -10.3 8.005306 13.85334 -10.3 13.86103 -7.991949 -10.3 0 -16 -10.3 -13.86828 -7.979363 -10.3 -8.005306 -13.85334 -10.3 0 13.7 -11.1 11.86303 6.85234 -11.1 -11.86303 -6.85234 -11.1 -6.848675 11.86545 -11.1 -11.87489 6.831686 -11.1 0 -13.7 -11.1 6.848675 -11.86545 -11.1 11.87489 -6.831686 -11.1 -11.08512 6.4 -11.1 0 12.58787 -11.18787 0 12.8 -11.1 8.838835 8.838835 -11.4 -9.05184 9.049732 -10.8 11.08512 6.4 -11.1 0 12.8 -10.8 -3.311362 12.36396 -10.8 -6.399353 11.08563 -10.8 0 12.5 -11.4 -8.838835 8.838835 -11.4 0 12.5 -17.7 8.838835 8.838835 -17.7 -12.5 0 -11.4 -8.838835 8.838835 -17.7 -11.08512 -6.4 -11.1 -8.838835 -8.838835 -11.4 -12.5 0 -17.7 0 -12.58787 -11.18787 0 -12.5 -11.4 -8.838835 -8.838835 -17.7 0 -12.8 -11.1 11.08512 -6.4 -11.1 8.838835 -8.838835 -11.4 0 -12.5 -17.7 0 -12.8 -10.8 9.05184 -9.049732 -10.8 3.311362 -12.36396 -10.8 6.399353 -11.08563 -10.8 -11.08507 -6.399823 -10.8 -3.32805 -12.35946 -10.8 -9.054538 -9.047026 -10.8 -6.414697 -11.07681 -10.8 -11.09416 6.383983 -10.8 -12.37083 3.286495 -10.8 -12.79977 -0.02205693 -10.8 -12.36121 -3.3226 -10.8 12.5 0 -11.4 8.838835 -8.838835 -17.7 12.5 0 -17.7 11.08507 6.399823 -10.8 9.054538 9.047026 -10.8 6.414697 11.07681 -10.8 3.32805 12.35946 -10.8 11.09416 -6.383983 -10.8 12.37083 -3.286495 -10.8 12.79977 0.02205693 -10.8 12.36121 3.3226 -10.8 10.56551 6.1 -17.4 10.56551 -6.1 -17.4 0 12.28787 -17.61213 -10.56551 6.1 -17.4 0 12.2 -17.4 -10.56551 -6.1 -17.4 11.86455 6.85 -17.9 15.1553 8.750292 -17.9 17.5 0 -17.9 17.5 0 -18.1 11.86455 -6.85 -17.9 15.14657 -8.765335 -17.9 15.15597 -8.748895 -18.1 0 13.7 -17.9 8.753511 15.15334 -17.9 15.15597 8.748895 -18.1 -8.747501 15.15679 -17.9 -0.002998173 17.49985 -17.9 8.750727 15.15475 -18.1 0 17.4997 -18.1 -15.14657 8.765335 -17.9 -8.750727 15.15475 -18.1 -11.86455 6.85 -17.9 -17.5 0 -17.9 -15.15597 8.748895 -18.1 -11.86455 -6.85 -17.9 -15.1553 -8.750292 -17.9 -17.5 0 -18.1 0 -13.7 -17.9 -8.753511 -15.15334 -17.9 -15.15597 -8.748895 -18.1 8.747501 -15.15679 -17.9 0.002998173 -17.49985 -17.9 -8.750727 -15.15475 -18.1 0 -17.4997 -18.1 8.750727 -15.15475 -18.1 0 14 -18.2 -12.12436 7 -18.2 12.12436 7 -18.2 12.12436 -7 -18.2 0 -14 -18.2 -12.12436 -7 -18.2 14.29715 8.236573 -18.1 8.269328 14.27823 -18.1 0 16.5 -18.1 -14.2907 8.247756 -18.1 -14.29715 -8.236573 -18.1 -8.269328 -14.27823 -18.1 0 -16.5 -18.1 14.2907 -8.247756 -18.1 -9.249953 16.0215 -18.1 -15.63308 -9.892267 -18.1 0 -12.28787 -17.61213 0 -12.2 -17.4 3.881891 8.829129 -18.6 4.413033 9.449707 -18.2 4.413033 9.049708 -18.6 5.226205 9.11288 -18.2 4.947369 8.825849 -18.6 3.59986 9.11288 -18.2 4.413033 9.449707 -17.8 5.563033 8.299708 -17.8 3.663047 8.302671 -18.6 3.263033 8.299708 -18.2 3.878696 7.773566 -18.6 3.59986 7.486535 -18.2 3.263033 8.299708 -17.8 4.413033 7.549707 -18.6 4.413033 7.149707 -18.2 4.944175 7.770287 -18.6 5.226205 7.486535 -18.2 4.413033 7.149707 -17.8 5.163018 8.296745 -18.6 5.563033 8.299708 -18.2 5.563033 8.299708 -16.3 4.413033 7.149707 -10.6 4.413033 7.149707 -16.3 3.274344 8.138873 -10.6 8.210995 7.319806 -16.3 3.263033 8.299708 -16.3 1.669726 7.1397 -16.3 8.239694 7.096042 -16.3 5.342835 7.623184 -10.6 5.348396 5.01635 -10.6 0 6.3 -10.6 5.507238 8.653565 -15.6 5.507238 8.653565 -10.6 5.85687 9.311127 -10.6 4.413033 9.449707 -16.3 5.089585 9.22952 -15.6 5.164186 9.712423 -15.6 5.85687 9.311127 -15.6 4.413033 9.449707 -15.6 4.444154 10.06228 -15.6 4.252197 9.438403 -15.6 5.5 9.52628 -16.3 2.030582 10.45833 -16.3 4.601841 -9.659793 -17.8 4.333044 2.494932 -17.8 4.331504 -2.497604 -17.8 4.616581 9.65283 -17.8 7.166112 7.945862 -17.8 6.162973 -2.87858 -17.8 5.49432 -4.50256 -17.8 2.2674 9.38548 -17.8 4.094522 9.40472 -15.6 4.094522 9.40472 -10.6 3.357638 10.47502 -10.6 4.444154 10.06228 -10.6 2.23364 10.77083 -10.6 2.224226 7.859038 -10.6 2.108604 8.081689 -17.8 0 5 -17.8 2.23364 10.77083 -16.3 7.104038 8.398344 -10.6 8.210995 7.319806 -10.6 2.025579 10.68392 -10.6 2.025528 10.68384 -16.3 2.030582 10.45833 -10.6 8.042216 6.987709 -10.6 8.24405 7.105011 -10.6 8.061705 6.986719 -10.6 8.454228 -4.499698 -10.6 7.794229 -3.84 -10.6 7.13423 -4.500302 -10.6 8.041892 6.987702 -16.3 -5.023777 6.530059 -16.3 7.794229 -5.16 -10.6 5.34835 5.01613 -16.3 0 5.5 -16.3 -5.32561 6.479504 -16.3 7.017634 2.123953 -10.6 5.454802 3.151526 -10.6 10.07247 3.470631 -16.3 10.07247 3.470631 -10.6 7.017543 -2.123925 -10.6 7.017738 2.123919 -16.3 5.461673 -3.139724 -10.6 10.26515 3.587762 -16.3 10.07247 -3.470631 -10.6 10.14631 3.556261 -10.6 10.44464 3.451027 -16.3 4.763811 2.748836 -16.3 10.70681 2.522747 -16.3 10.88581 1.580872 -16.3 8.552883 1.499405 -16.3 4.766783 -2.743679 -16.3 8.274353 1.372383 -16.3 0 6.5 -10.6 -5.461673 3.139724 -10.6 -2.224192 7.858972 -10.6 -1.669726 7.1397 -16.3 -2.193029 10.775 -10.6 -2.03518 10.44993 -10.6 -2.213441 10.77396 -10.6 -2.23364 10.77083 -10.6 -2.01439 10.66458 -10.6 -2.030582 10.45833 -16.3 -2.025586 10.68393 -16.3 -5.348352 5.016139 -10.6 -5.499997 9.526274 -10.6 -2.23364 10.77083 -16.3 -8.041892 6.987702 -10.6 -8.210995 7.319806 -10.6 -5.828257 9.329064 -16.3 -3.53305 10.41718 -16.3 -4.776665 9.908758 -16.3 -8.239702 7.096055 -10.6 -8.210995 7.319806 -16.3 -7.538167 8.010994 -16.3 -6.81198 8.636952 -16.3 -8.239694 7.096042 -16.3 -8.041892 6.987702 -16.3 -7.016292 -2.124333 -10.6 -7.017737 2.123919 -10.6 -5.34835 5.01613 -16.3 -10.07247 -3.470631 -10.6 -10.07247 3.470631 -10.6 -7.017738 2.123919 -16.3 -10.25473 -3.588281 -10.6 -10.26515 3.587762 -10.6 -10.07247 3.470631 -16.3 -10.14631 -3.556261 -10.6 -10.37336 -3.549142 -10.6 -10.44464 3.451027 -10.6 -10.26524 3.587762 -16.3 -10.44529 -3.448344 -10.6 -10.99999 0 -10.6 -10.44464 3.451027 -16.3 -11 0 -16.3 -10.44464 -3.451027 -16.3 -10.26515 -3.587762 -16.3 -10.07247 -3.470631 -16.3 -5.454802 -3.151526 -10.6 -5.34829 -5.016102 -10.6 -5.348299 -5.015875 -16.3 -7.018024 -2.123825 -16.3 -5.499997 -9.526274 -10.6 -8.044372 -6.987497 -10.6 -2.23364 -10.77083 -10.6 -1.668661 -7.138746 -10.6 0 -6.3 -10.6 7.134229 -4.499985 -17.4 7.794229 -3.84 -17.4 -8.210995 -7.319806 -10.6 -8.041892 -6.987702 -16.3 -8.061705 -6.986719 -10.6 -8.24405 -7.105011 -10.6 -8.239694 -7.096042 -16.3 -8.210995 -7.319806 -16.3 -5.165032 -9.711975 -16.3 -7.255014 -8.2683 -16.3 -6.192903 -9.091093 -16.3 -2.030582 -10.45833 -10.6 -2.025579 -10.68392 -10.6 -2.23364 -10.77083 -16.3 -4.073829 -10.21782 -16.3 -3.168641 -10.53374 -16.3 -2.025528 -10.68384 -16.3 -2.030582 -10.45833 -16.3 1.673086 -7.142723 -10.6 1.669373 -7.139383 -16.3 -1.67052 -7.140413 -16.3 2.034463 -10.45154 -10.6 2.193029 -10.775 -10.6 2.01439 -10.66458 -10.6 2.030582 -10.45833 -16.3 2.025586 -10.68393 -16.3 2.213441 -10.77396 -10.6 2.23364 -10.77083 -10.6 5.347956 -5.014519 -10.6 5.499997 -9.526274 -10.6 2.23364 -10.77083 -16.3 8.041892 -6.987702 -10.6 8.210995 -7.319806 -10.6 5.5 -9.52628 -16.3 8.239702 -7.096055 -10.6 8.210995 -7.319806 -16.3 8.239713 -7.096078 -16.3 8.041892 -6.987702 -16.3 7.018024 -2.123825 -16.3 5.348299 -5.015875 -16.3 10.25473 3.588281 -10.6 10.26515 -3.587762 -10.6 10.07247 -3.470631 -16.3 10.37336 3.549142 -10.6 10.44464 -3.451027 -10.6 10.26524 -3.587762 -16.3 10.44529 3.448344 -10.6 10.99999 0 -10.6 10.44464 -3.451027 -16.3 10.99334 0.3828569 -16.3 10.78806 -2.148878 -16.3 10.96957 -0.8176657 -16.3 0 -6.3 -9.446411 5.45596 -3.15 -9.446411 -5.45596 -3.15 -9.446411 -5.45596 3.15 -9.446411 0 6.3 -9.446411 5.45596 3.15 -9.446411 -11.21349 4.742061 -16.05001 -10.9953 4.616067 -16.3 -12.17413 2.484169 -15.79999 -10.79888 4.502686 -16.3 -11.43166 4.868019 -15.8 -11.92479 -1.37746e-5 -16.3 -11.6998 0 -16.3 -10.78922 4.49711 -16.3 -11.43167 4.868024 -10.8 -12.425 0 -15.79999 -12.17404 2.484149 -10.8 -12.17413 -2.484169 -15.79999 -12.425 0 -10.8 -11.21352 -4.742077 -16.05001 -11.43167 -4.868024 -15.8 -12.17404 -2.484149 -10.8 -10.99532 -4.616099 -16.3 -10.78922 -4.49711 -9.800001 -11.43167 -4.868024 -10.8 -10.79888 -4.502686 -16.3 -10.48957 4.658569 -16.3 -10.48707 5.187622 -16.3 -10.56551 -6.1 -16.8 -11.49709 4.905799 -9.800001 -10.78922 4.49711 -9.800001 -10.59459 4.494265 -9.800001 -10.59435 4.494247 -16.3 -10.48957 4.658569 -9.800001 -11.49709 4.905799 -10.8 -10.82531 6.249994 -10.8 -10.13249 5.849997 -9.800001 -10.82531 6.249994 -9.800001 -10.38042 5.275811 -16.3 -10.1325 5.85 -16.3 -9.279224 6.754948 -9.800001 -9.75868 6.352277 -16.3 -9.735561 6.489133 -16.3 -10.56551 6.1 -16.8 -9.279224 6.754948 -16.3 -9.189425 6.927866 -9.800001 -9.18931 6.927856 -16.3 -9.997093 7.503875 -9.800001 -9.289223 7.095186 -9.800001 -9.289223 7.095186 -16.3 -9.298881 7.100762 -16.3 -9.713517 7.340152 -16.05001 -9.495317 7.214174 -16.3 -9.931666 7.4661 -15.8 -9.931666 7.4661 -10.8 -9.997093 7.503875 -10.8 -6.212499 10.76037 -15.8 -8.309615 8.236523 -16.3 -5.962394 10.32718 -16.3 -6.212398 10.76019 -10.8 -1.5 12.08215 -16.0501 -1.499991 11.83028 -16.3 -3.805347 11.30142 -16.3 -1.5 11.60345 -16.3 -1.5 12.33409 -15.80004 -3.368779 11.20452 -16.3 -1.5 11.5923 -16.3 -1.5 12.33412 -10.8 -5.149701 10.50574 -16.3 -7.185017 9.233935 -16.3 -0.6218937 11.6274 -16.3 -0.7526789 11.67576 -16.3 -1.5 12.40967 -9.800001 -1.5 11.5923 -9.800001 -1.467776 11.48376 -9.800001 -1.405045 11.4221 -16.3 -0.7513585 12.4774 -9.800001 -1.5 12.40967 -10.8 -0.7513585 12.4774 -10.8 -1.216533 11.41109 -9.800001 -1.210345 11.41352 -16.3 -0.6214981 11.62752 -9.800001 -1.386427 11.41212 -9.800001 0 11.7 -9.800001 0 11.7 -16.3 0.6218848 11.62737 -9.800001 0.6218937 11.6274 -16.3 0.7537286 11.6757 -16.3 0 12.2 -16.8 1.210345 11.41352 -9.800001 1.210345 11.41352 -16.3 1.5 11.60345 -16.3 1.404796 11.4221 -9.800001 1.405045 11.4221 -16.3 1.5 11.5923 -16.3 0.7513585 12.4774 -9.800001 1.5 12.40967 -9.800001 0 12.5 -9.800001 1.5 11.5923 -9.800001 1.5 11.83025 -16.3 1.5 12.08222 -16.05 1.5 12.33412 -15.79999 1.5 12.33412 -10.8 1.5 12.40967 -10.8 5.962499 10.32715 -16.3 5.847509 10.13374 -16.3 6.212518 10.76035 -15.80003 6.212398 10.76019 -10.8 0.7513585 12.4774 -10.8 9.713108 7.339916 -16.05051 9.495609 7.214094 -16.3 9.298881 7.100762 -16.3 9.931488 7.465997 -15.80029 9.289223 7.095186 -16.3 9.931666 7.4661 -10.8 9.18931 6.927856 -16.3 9.279224 6.754948 -16.3 9.736184 6.4882 -16.3 9.997093 7.503875 -9.800001 9.289223 7.095186 -9.800001 9.189424 6.92784 -9.800001 10.82531 6.249994 -9.800001 9.997093 7.503875 -10.8 10.82531 6.249994 -10.8 9.279224 6.754948 -9.800001 10.13249 5.849997 -9.800001 9.75868 6.352277 -16.3 10.1325 5.85 -16.3 10.48957 4.658569 -9.800001 10.38057 5.275126 -16.3 10.48772 5.186302 -16.3 10.56551 6.1 -16.8 10.48957 4.658569 -16.3 10.59459 4.494265 -9.800001 10.59435 4.494247 -16.3 10.79888 4.502686 -16.3 11.49709 4.905799 -9.800001 10.78922 4.49711 -9.800001 10.78922 4.49711 -16.3 11.21353 4.742086 -16.05003 10.99535 4.616117 -16.3 11.43167 4.868026 -15.80001 11.43167 4.868024 -10.8 11.49709 4.905799 -10.8 12.17413 2.484172 -15.79995 11.28724 3.080291 -16.3 11.92476 1.37898e-4 -16.3 12.17404 2.484149 -10.8 11.21353 -4.742084 -16.04995 10.99521 -4.615718 -16.3 12.17413 -2.484165 -15.79995 10.78922 -4.49711 -16.3 10.79888 -4.502686 -16.3 11.43185 -4.868133 -15.79967 11.68991 -2.354974 -16.3 11.38799 -2.683966 -16.3 11.43167 -4.868024 -10.8 12.425 0 -15.79995 12.17404 -2.484149 -10.8 12.425 0 -10.8 11.67309 -0.7930982 -16.3 11.58933 1.60544 -16.3 10.48957 -4.658569 -16.3 10.48699 -5.187771 -16.3 11.49709 -4.905799 -9.800001 10.78922 -4.49711 -9.800001 10.74099 -4.477134 -9.800001 10.59469 -4.494065 -16.3 10.68922 -4.470315 -9.800001 10.55202 -4.524803 -9.800001 11.49709 -4.905799 -10.8 10.82531 -6.249994 -10.8 10.48957 -4.658569 -9.800001 10.13249 -5.849997 -9.800001 10.82531 -6.249994 -9.800001 10.38057 -5.275126 -16.3 10.1325 -5.85 -16.3 9.279224 -6.754948 -9.800001 9.75868 -6.352277 -16.3 9.735287 -6.489544 -16.3 10.56551 -6.1 -16.8 9.279224 -6.754948 -16.3 9.189425 -6.927866 -9.800001 9.18931 -6.927856 -16.3 9.997093 -7.503875 -9.800001 9.289223 -7.095186 -9.800001 9.289223 -7.095186 -16.3 9.298881 -7.100762 -16.3 9.713521 -7.340155 -16.05002 9.495326 -7.214179 -16.3 9.931667 -7.466101 -15.8 9.931666 -7.4661 -10.8 9.997093 -7.503875 -10.8 6.212506 -10.76036 -15.79999 5.959936 -10.32859 -16.3 6.212398 -10.76019 -10.8 5.797019 -10.1627 -16.3 1.498577 -11.86456 -16.26616 1.494281 -11.83094 -16.3 1.382837 -11.61544 -9.800001 1.455593 -11.7151 -16.3 1.5 -11.89831 -16.23248 1.5 -12.11627 -16.01616 1.5 -12.33412 -10.8 1.5 -12.33416 -15.79994 1.5 -11.89831 -9.800001 1.5 -12.40967 -9.800001 0.9580645 -11.5243 -16.3 1.385113 -11.61772 -16.3 1.185304 -11.5077 -16.3 0.4855594 -11.65598 -16.3 0.6954603 -11.67931 -16.3 0.9580645 -11.5243 -9.800001 1.027849 -11.50484 -9.800001 1.1 -11.49828 -9.800001 0 -11.69978 -9.800001 0.7513585 -12.4774 -9.800001 0 -12.5 -9.800001 0 -11.7 -16.3 -0.9580645 -11.5243 -9.800001 -0.4855594 -11.65598 -16.3 -0.6951911 -11.67933 -16.3 0 -12.2 -16.8 -0.9580645 -11.5243 -16.3 -1.385113 -11.61772 -16.3 -1.027849 -11.50484 -9.800001 -1.1 -11.49828 -9.800001 -1.185304 -11.5077 -16.3 -0.7513585 -12.4774 -9.800001 -1.5 -12.40967 -9.800001 -1.382837 -11.61544 -9.800001 -1.5 -11.89828 -9.800001 -1.5 -12.40967 -10.8 -1.5 -12.33412 -10.8 -1.5 -12.33413 -15.8 -1.5 -12.11622 -16.01628 -1.5 -11.89828 -16.23254 -1.498576 -11.86455 -16.26618 -1.494301 -11.831 -16.3 -1.455595 -11.7151 -16.3 -0.7513585 -12.4774 -10.8 0 -12.5 -10.8 0.7513585 -12.4774 -10.8 1.5 -12.40967 -10.8 -6.212398 -10.76019 -10.8 -6.212496 -10.76037 -15.79999 -9.71351 -7.340148 -16.04998 -9.495263 -7.214182 -16.3 -7.883527 -8.947191 -16.3 -9.289223 -7.095186 -16.3 -9.298881 -7.100762 -16.3 -9.931668 -7.466102 -15.79998 -8.017929 -8.52073 -16.3 -9.931666 -7.4661 -10.8 -5.959889 -10.32861 -16.3 -2.918544 -11.33014 -16.3 -6.523387 -9.712642 -16.3 -4.404313 -10.83937 -16.3 -9.18931 -6.927856 -16.3 -9.279224 -6.754948 -16.3 -9.736197 -6.48818 -16.3 -9.997093 -7.503875 -9.800001 -9.289223 -7.095186 -9.800001 -9.189424 -6.92784 -9.800001 -10.82531 -6.249994 -9.800001 -9.997093 -7.503875 -10.8 -10.82531 -6.249994 -10.8 -9.279224 -6.754948 -9.800001 -10.13249 -5.849997 -9.800001 -9.75868 -6.352277 -16.3 -10.1325 -5.85 -16.3 -10.48957 -4.658569 -9.800001 -10.38057 -5.275126 -16.3 -10.48754 -5.18666 -16.3 -10.48957 -4.658569 -16.3 -10.55202 -4.524803 -9.800001 -10.59469 -4.494065 -16.3 -11.49709 -4.905799 -9.800001 -10.78922 -4.49711 -16.3 -10.74099 -4.477134 -9.800001 -10.68922 -4.470315 -9.800001 -11.49709 -4.905799 -10.8 0 12.5 -10.8 0 -13.7 -9.100001 -9.687363 -9.687363 -9.100001 9.687363 -9.687363 -9.100001 13.7 0 -9.100001 9.687363 9.687363 -9.100001 0 13.7 -9.100001 -9.687363 9.687363 -9.100001 -13.7 0 -9.100001 7.334167 -12.73949 -8.100001 -7.360449 -12.72436 -8.100001 12.735 -7.342576 -8.100001 14.7 0 -8.100001 7.360449 12.72436 -8.100001 -7.334167 12.73949 -8.100001 -12.735 7.342576 -8.100001 -14.7 0 -8.100001 13.09686 10.83845 -8.100001 14.14192 -7.483201 -8.100001 16.7 -3.179636 -8.100001 15.5 -3.968627 -8.100001 0 17 -8.100001 -8.177893 14.90391 -8.100001 -14.35354 9.108764 -8.100001 -10.05219 -13.70984 -8.100001 -15.39925 -7.201232 -8.100001 -2.4 -15.5 -8.100001 7.497088 -15.25744 -8.100001 -0.5 -15.5 -8.100001 -0.3 -15.7 -8.100001 0.5 -15.5 -8.100001 2.4 -15.5 -8.100001 2.4 -16.50001 -8.100001 2.2 -16.85705 -8.100001 12 -10.583 -8.100001 16.26693 -3.827966 -8.100001 15.5 -3.968627 -7.733333 14.14192 -7.483201 -7.2 16.32575 -3.786455 -7.100756 16.7 -3.179636 -6.9 13.09683 10.8385 -6.9 0 17 -6.9 -8.179601 14.90282 -6.9 -16.96592 1.072106 -8.100001 -16.96422 1.10232 -6.9 -14.34108 9.128722 -6.9 -15.40184 -7.196053 -6.9 -2.2 -16.7 -8.100001 -2.2 -16.85705 -8.100001 -10.03942 -13.71897 -6.9 -2.400005 -16.5 -8.100001 -2.2 -16.7 -5.2 -2.2 -16.85705 -6.9 -2.400005 -16.5 -5.042009 -2.4 -15.5 -5.599989 -2.4 -15.93468 -5.599989 -0.5 -15.5 -5.6 -0.3 -15.7 -5.6 0.3 -15.7 -8.100001 0.3 -15.7 -5.6 0.5 -15.5 -5.6 2.4 -15.5 -5.6 2.400146 -16.50008 -5.04206 2.399996 -15.93469 -5.600004 2.2 -16.7 -8.100001 2.2 -16.7 -5.2 2.2 -16.85705 -6.9 12 -12.04159 -8.100001 7.497142 -15.25755 -6.9 12 -12.04159 -6.899997 12 -10.583 -7.2 12 -10.73289 -5.600466 12 -10.88301 -5.5 15.5 -8.337266 -6.4 17.59535 0.399307 -6.4 15.5 -6.18726 -7.159101 15.5 -3.968627 -7.2 -2.343306 -17.44331 -6.4 -2.271698 -17.3717 -6.466983 -2.2 -17.07854 -6.716957 -15.97215 -7.392147 -6.4 -14.82835 9.480222 -6.4 0 17.6 -6.4 8.689862 15.30496 -6.4 15.11179 9.021827 -6.4 15.5 -4.710588 -5.5 15.5 -3.968627 -5.699997 15.5 -4.340627 -5.603703 15.5 -13.41642 -6.4 20.4764 0.9783933 -6.4 14.15578 14.82756 -6.4 0 20.5 -6.4 -20.46736 1.156038 -6.4 -14.06851 14.91062 -6.4 -15.70782 -13.17247 -6.4 -2.2 -17.3 -5.2 -2.4 -17.5 -6.4 -2.2 -17.3 -6.533897 -2.4 -17.21716 -5 -2.399993 -16.50001 -5.000007 -2.4 -17.5 -5.2 -2.427571 -16.47243 -5.021009 -2.45514 -16.44486 -5.000007 -2.6 -17.41716 -5 -2.597045 -16.19301 -4.99996 -2.599124 -15.78748 -5.4 -2.599124 -15.3 -5.4 -2.596725 -15.9873 -5.20332 -2.899808 -15.73503 -5.4 -0.4171573 -15.3 -5.4 3.2 -15 -5.4 -3.2 -15 -5.4 -3.2 -15.67673 -5.4 -12.15316 -6.323812 -5.4 -10.43867 -6.876141 -5.4 -12.5 0 -5.4 -12.5 0 -9.100001 -13.23304 -3.545782 -5.4 -13.68686 -0.6 -5.4 -15.98875 -0.6 -5.4 -16 0 -5.4 -13.68686 0.6 -5.4 -10.44177 6.871463 -5.4 -10.82563 6.249673 -9.100001 -9.687257 -9.687257 -5.4 -4.926803 -11.48809 -5.4 -9.236279 -8.422341 -9.100001 -11.55316 -7.363043 -5.4 -14.14666 -7.474758 -5.4 -6.323812 -12.15316 -5.4 2.197243 -12.30527 -5.4 -1.15 -12.44699 -7.3 -7.363043 -11.55316 -5.4 7.4 -11.52953 -5.4 8.600001 -9.071384 -5.4 1.15 -12.44699 -9.100001 4.142886 -13.05858 -5.4 -3.545782 -13.23304 -5.4 0 -12.5 -7.3 1.15 -12.44699 -7.3 8.600001 -13.49222 -5.4 8.600001 -9.071384 -7.2 7.4 -14.18591 -5.4 8.007515 -13.85206 -5.4 8.600001 -13.72731 -5.20126 8.600001 -13.49222 -5.699999 8.600001 -13.96424 -5 7.4 -14.18591 -6.6 5.708343 -15.37436 -5 5.352162 -15.07827 -5.4 5.352152 -15.07825 -6.6 7.4 -11.52953 -6.6 -0.6 -13.68686 -5.4 0.6 -13.68686 -5.4 4.142886 -13.05858 -6.6 -0.6 -14.7 -5.4 0.6 -14.7 -5.4 0.6 -14.7 -6.6 0.6 -13.68686 -6.6 2.9 -14.7 -5.4 3.2 -15 -6.6 2.9 -14.7 -6.6 2.599124 -15.3 -5.4 3.2 -15.67673 -5.4 3.2 -15.67673 -6.6 0.4171573 -15.3 -5.4 2.599124 -15.78749 -5.4 2.900582 -15.73489 -5.4 2.596725 -15.98738 -5.203241 -0.2171573 -15.5 -5.4 0.2171573 -15.5 -5.4 -3.2 -15 -6.6 -5.391929 -15.0641 -5.4 -5.391918 -15.06407 -6.6 -3.2 -15.67673 -6.6 -2.9 -14.7 -5.4 -2.9 -14.7 -6.6 -0.6 -13.68686 -6.6 -0.6 -14.7 -6.6 -3.545782 -13.23304 -6.6 -8 -13.85641 -5.4 -7.474758 -14.14666 -5.4 -6.323812 -12.15316 -6.6 -8.513989 -13.54666 -5.4 -7.474758 -14.14666 -6.6 -8.513989 -13.54666 -6.6 -10.01838 -12.98451 -5 -11.31371 -11.31371 -5.4 -11.31357 -11.31357 -6.6 -7.363043 -11.55316 -6.6 -9.687257 -9.687257 -6.6 -13.85641 -8 -5.4 -13.54666 -8.513989 -5.4 -11.55316 -7.363043 -6.6 -13.54666 -8.513989 -6.6 -14.14666 -7.474758 -6.6 -14.99003 -6.652398 -5 -15.45481 -4.141105 -5.4 -15.45462 -4.141054 -6.6 -12.15316 -6.323812 -6.6 -13.23304 -3.545782 -6.6 -13.68686 -0.6 -6.6 -15.98875 -0.6 -6.6 -15.98875 0.6 -5.4 -15.98875 0.6 -6.6 -16.34998 1.277054 -5 -15.45481 4.141105 -5.4 -15.45462 4.141054 -6.6 -13.23304 3.545782 -5.4 -13.68686 0.6 -6.6 -12.15316 6.323812 -5.4 -13.23304 3.545782 -6.6 -11.55316 7.363043 -5.4 -14.14666 7.474758 -5.4 -12.15316 6.323812 -6.6 -13.54666 8.513989 -5.4 -13.85641 8 -5.4 -14.14666 7.474758 -6.6 -13.54666 8.513989 -6.6 -13.75973 8.923229 -5 -11.31371 11.31371 -5.4 -11.31357 11.31357 -6.6 -4.947392 11.47924 -5.4 -9.687257 9.687257 -5.4 -11.55316 7.363043 -6.6 -7.363043 11.55316 -5.4 -9.687257 9.687257 -6.6 -6.323812 12.15316 -5.4 -8.513989 13.54666 -5.4 -7.363043 11.55316 -6.6 2.191719 12.30624 -5.4 -7.474758 14.14666 -5.4 -8 13.85641 -5.4 -8.513989 13.54666 -6.6 -7.819531 14.41592 -5 -7.474758 14.14666 -6.6 -4.141105 15.45481 -5.4 -4.141054 15.45462 -6.6 4.142886 13.05858 -5.4 -3.545782 13.23304 -5.4 -6.323812 12.15316 -6.6 0.6 13.68686 -5.4 -0.6 13.68686 -5.4 -3.545782 13.23304 -6.6 0.6 15.98875 -5.4 -0.6 15.98875 -5.4 -0.6 13.68686 -6.6 0.3000528 15.99719 -5.4 -0.3000528 15.99719 -5.4 -0.6 15.98875 -6.6 0 16 -5.4 0 16.4 -5 0.6 15.98875 -6.6 4.100312 15.46569 -5.4 4.100264 15.4655 -6.6 0.6 13.68686 -6.6 7.4 11.52953 -5.4 4.142886 13.05858 -6.6 8.007515 13.85206 -5.4 7.4 14.18591 -5.4 7.4 11.52953 -6.6 8.600001 13.49222 -5.4 8.600001 9.071384 -5.4 4.469141 15.77931 -5 7.4 14.18591 -6.6 8.600001 13.72732 -5.201259 8.600001 13.96424 -5 8.600001 13.49222 -5.699999 8.600001 13.6106 -5.600033 8.600001 9.071384 -7.2 8.600001 13.49222 -7.2 0.02077418 12.49978 -9.100001 6.249154 10.82565 -9.100001 -6.234878 10.83384 -9.100001 9.23636 -8.422253 -9.100001 11.48349 -4.93702 -7.2 8.600001 -13.49222 -7.2 -10.1372 -5.429701 -9.100001 -1.15 -12.44699 -9.100001 -1.15 -11.44235 -8.100001 -1.15 -11.44235 -9.100001 -1.15 -10.56 -7.3 0 -10.65 -7.3 -1.127849 -10.40406 -7.3 -1.063718 -10.26135 -7.3 -0.5673777 -10.54933 -7.3 1.15 -11.44235 -9.100001 1.127851 -10.40406 -7.3 1.063718 -10.26135 -7.3 0.5673777 -10.54933 -7.3 1.15 -10.56 -7.3 1.15 -10.56 -8.100001 1.15 -11.44235 -8.100001 12.5 0 -7.2 12.5 0 -9.100001 10.1372 -5.429701 -9.100001 11.48349 4.93702 -7.2 10.81676 6.265102 -9.100001 10.16077 5.385466 -9.100001 14.8803 5.880173 -7.2 14.88028 5.880239 -5.7 10.40219 -12.15704 -7.2 12 -10.583 -5.7 10.40221 -12.15706 -5.7 1.2 11.43722 -9.100001 -1.2 11.43722 -9.100001 0.7708939 9.85336 -9.100001 0 10.15 -9.100001 1.14325 9.124417 -9.100001 1.1853 9.207242 -9.100001 1.2 9.300001 -9.100001 -10.16077 5.385466 -9.100001 1.099557 -10.32772 -7.440608 0 -10.25 -7.1 0.8830536 -9.88431 -7.1 1.686616 -9.466721 -7.6 1.139676 -10.45297 -8.100001 1.110231 -10.35273 -8.100001 1.110231 -10.35273 -7.6 -1.15 -10.56 -8.100001 -1.099567 -10.32775 -7.440681 -1.139676 -10.45297 -8.100001 -1.110231 -10.35273 -7.6 -0.883935 -9.883432 -7.1 0 -10.47361 -7.152786 -1.746202 -9.113903 -8.100001 -8.52158 -7.72209 -8.100001 -5.410295 -3.128953 -8.100001 8.528851 -7.714029 -8.100001 1.746202 -9.113903 -8.100001 -5.975575 3.45 -9.100001 0 6.9 -9.100001 -5.410295 3.128953 -9.100001 5.975575 3.45 -9.100001 0 6.25 -9.100001 -5.975575 -3.45 -9.100001 0 -6.9 -9.100001 5.975575 -3.45 -9.100001 0 -6.25 -9.100001 5.410295 -3.128953 -9.100001 -5.41694 -3.117394 -9.100001 5.41694 3.117394 -9.100001 -5.574964 6.65731 -16.3 -4.766783 2.743679 -16.3 -3.539648 7.929117 -16.3 -4.616707 9.652772 -16.4 -7.238287 9.319185 -16.4 -7.211652 9.27656 -16.35 -6.652023 8.380967 -16.4 -3.489197 7.627199 -16.3 -3.666899 7.37793 -16.3 0 -5.5 -16.3 -5.096992 -7.029983 -16.3 -4.743813 -6.817772 -16.3 -4.949828 -6.874907 -16.3 -4.763811 -2.748836 -16.3 -6.051192 -8.824572 -16.4 -2.977918 -8.156716 -16.3 -3.932118 -9.951304 -16.4 -4.451507 -10.92813 -16.4 -4.42791 -10.88375 -16.35 -4.556025 -6.864593 -16.3 -2.948658 -7.85199 -16.3 -3.143309 -7.615747 -16.3 -4.647047 -6.82966 -16.3 8.636641 -0.8991333 -16.3 10.6679 -0.8282002 -16.4 11.68979 1.608948 -16.4 11.63956 1.607194 -16.35 10.58414 1.570338 -16.4 0.8564752 8.232569 -9.100001 0 8.15 -9.4 0 7.85 -9.100001 -0.85 9 -9.4 0.9 9 -9.100001 -0.8564752 8.232569 -9.100001 0.85 9 -9.4 0 8.15 -16.3 -0.8499835 8.996643 -16.3 0 9.850001 -9.4 0.8499835 9.003358 -16.3 -0.7694427 9.854669 -9.100001 -1.14325 9.124417 -9.100001 0 9.850001 -16.3 1.036919 9.033067 -9.100001 1.2 9.300001 -8.100001 1.112095 9.087919 -8.100001 -1.036925 9.03307 -9.100001 -1.1853 9.207242 -9.100001 -1.112082 9.087905 -8.100001 -0.9 9 -9.100001 0 10.15 -16.3 1.15 9 -16.3 -1.15 9 -16.3 0 7.85 -16.3 8.600001 13.7288 -5.500001 8.600001 20.03198 -5.500001 8.600001 19.81414 -5 8.600001 20.0319 -5.199942 4.681769 21.49607 -5.4 4.391696 21.14864 -5 -14.85916 15.67674 -5 8.600001 20.24945 -5.700016 8.600001 20.24945 -5.400003 8.600001 20.14074 -5.599994 0.6 21.99182 -6.6 15.45443 15.6576 -5.7 12.00081 18.43855 -6.6 15.49815 15.33124 -5.5 15.17239 5.677423 -5.5 20.12392 8.382596 -5.5 15.5 -22.4731 -7.2 15.5 -21.74029 -6.6 15.5 -15.6125 -6.6 16.95308 -16.5 -6.6 15.5 -15.6125 -7.2 15.5 -15.47083 -5.599692 15.5 -15.6125 -5.7 21.42298 -5.005551 -6.6 18.95308 -14.5 -6.6 15.5 -22.10584 -6.898486 16.23544 -21.94768 -7.2 16.95308 -20.62725 -6.6 16.23608 -21.19622 -6.6 13.82243 -17.11548 -7.2 14.32548 -23.23942 -9.200127 16.95308 -21.3982 -9.200066 13.78808 -23.56223 -7.2 12 -24.52122 -7.2 12 -18.43909 -7.2 15.5 -15.6125 -8.100001 13.82243 -17.11548 -8.100001 15.5 -14.16863 -6.999998 15.5 -14.16863 -8.100001 20.99959 -0.1300669 -8.100001 15.5 -15.32938 -5.5 15.88134 -20.83802 -8.100001 13.71058 -17.85021 -8.100001 20.99062 0.627732 -7 15.5 -13.79363 -6.698609 21.36434 -4.336425 -5.5 21.49432 -4.689783 -5.7 20.81338 7.127638 -6.6 20.59459 7.737124 -6.1 20.65155 7.583768 -6.413852 20.95713 7.10682 -6.6 20.59459 7.737124 -5.7 21.59729 7.732413 -6.1 21.10223 7.100002 -6.6 26.69984 6.03105e-5 -6.6 21.1 7.6 -4.1 20.39289 7.892893 -4.1 20.39564 7.890157 -5.568684 22.5998 8.596202 -6.6 22.1 8.600001 -6.1 21.80711 7.892893 -4.1 22.16168 7.540488 -6.6 22.16517 9.655921 -6.6 21.85268 9.258386 -6.1 22.1 8.600001 -4.1 21.23303 9.591113 -6.1 21.80711 9.307107 -4.1 20.40215 9.927777 -6.6 20.5476 9.433579 -6.1 21.1 9.600001 -4.1 21.09777 10.1 -6.6 20.0689 9.013278 -6.413921 20.1354 8.863724 -6.1 20.39289 9.307107 -4.1 19.86581 9.452504 -6.6 20.1354 8.863724 -5.7 22.41964 14.5 -6.6 16.95308 16.5 -6.6 18.95308 14.5 -6.6 20.25005 8.073143 -5.5 20.1 8.600001 -4.1 20.17397 8.222565 -5.5 20.10612 8.489513 -5.524941 20.1 8.600001 -5.562525 20.10869 8.731576 -5.622594 20.6 8.600001 -3.6 20.74624 8.953206 -3.6 20.74624 8.246795 -3.6 21.1 8.100173 -3.6 21.45376 8.246795 -3.6 21.6 8.600001 -3.6 21.45376 8.953206 -3.6 21.1 9.099827 -3.6 0.6 21.99182 -5.4 0.6 25.2 -6.6 0.3000279 21.99795 -5.4 0.6 24.62523 -5.4 16.95308 20.62724 -6.6 7.166882 22.8001 -6.6 6.5 24.5 -6.6 3.316515 24.50868 -6.6 8.804859 22.00764 -6.6 2.024961 25.14957 -6.6 -21.56687 1.191367 -5 -21.25037 5.694019 -5.4 -21.99182 0.6 -5.4 -21.99182 0.6 -6.6 -22 0 -5.4 -23.04228 0.1577354 -5.4 -23.16762 0.6 -5.4 -19.34547 10.47629 -5.4 -21.25037 5.694018 -6.6 -19.05256 11 -5.4 -23.94314 14.5164 -5.4 -24.24871 14 -5.4 -24.54314 13.47717 -5.4 -19.34547 10.47629 -6.6 -18.74547 11.51552 -5.4 -15.55635 15.55635 -5.4 -18.74547 11.51552 -6.6 -22.81704 13.86624 -6.6 -11.51552 18.74547 -5.4 -15.55635 15.55635 -6.6 0 21.6 -5 -11 19.05256 -5.4 -14.5164 23.94314 -5.4 -11.51552 18.74547 -6.6 -10.47629 19.34547 -5.4 -5.694019 21.25037 -5.4 -10.47629 19.34547 -6.6 -12.82701 23.41704 -6.6 -13.47717 24.54314 -5.4 -0.6 21.99182 -5.4 -5.694018 21.25037 -6.6 -0.3000279 21.99795 -5.4 0.002228915 24.5 -5.4 -0.3053707 24.53143 -5.4 -0.6 24.62523 -5.4 -0.6 21.99182 -6.6 0 22 -5.4 0.3075527 24.53188 -5.4 -18.74547 -11.51552 -5.4 -16.49273 -13.94785 -5 -19.05256 -11 -5.4 -19.34547 -10.47629 -5.4 -21.25037 -5.694019 -5.4 -21.99182 -0.6 -5.4 -2.49212 -21.59212 -5.135462 -2.4 -21.46625 -5 -2.6 -20.3 -5 -2.600473 -21.70049 -5.255733 -2.900268 -21.80799 -5.4 -3.2 -21.76603 -5.4 -6.944424 -20.87522 -5.4 -10.47629 -19.34547 -5.4 -11 -19.05256 -5.4 -11.51552 -18.74547 -5.4 -15.55635 -15.55635 -5.4 -2.384063 -21.48406 -5.015937 -2.2 -21.3 -5.2 -2.2 -20.7 -5.2 -2.4 -20.5 -5 -2.600441 -21.77336 -5.328094 -2.400029 -21.49998 -5.296898 -2.600097 -21.84581 -5.4 -2.600097 -22.7 -5.4 -2.4 -22.5 -5.6 -2.4 -21.80529 -5.6 -2.500412 -21.82538 -5.499554 -2.9 -23.3 -5.4 -3.2 -21.76603 -6.6 -3.2 -23 -5.4 -3.2 -23 -6.6 -6.944392 -20.87513 -6.6 -14.5164 -23.94314 -5.4 -14 -24.24871 -5.4 -13.47717 -24.54314 -5.4 -10.47629 -19.34547 -6.6 -11.51552 -18.74547 -6.6 -13.86624 -22.81704 -6.6 -15.55635 -15.55635 -6.6 -23.94314 -14.5164 -5.4 -18.74547 -11.51552 -6.6 -19.34547 -10.47629 -6.6 -24.54314 -13.47717 -5.4 -23.41704 -12.82701 -6.6 -21.25037 -5.694018 -6.6 -23.01807 -0.6 -5.4 -23.01807 -0.6 -6.6 -21.99182 -0.6 -6.6 -23 -0.3 -5.4 -23.00452 -0.4502717 -5.4 -23 -0.3 -3.8 -23.73223 -2.067767 -3.8 -23.73223 1.467767 -3.8 -24.07409 1.753273 -6.6 -23.16762 0.6 -6.6 -5.845664 -3.374617 -3.8 -25.47128 2.199835 -4.6 -25.5 2.2 -3.8 -25.47128 2.199835 -6.6 -27.25749 1.477798 -4.6 -27.26777 1.467767 -3.8 -26.56161 11.00195 -3.8 -5.847512 3.371487 -3.8 -28 -0.3 -4.6 -28 -0.3 -3.8 -28.74998 -0.02306413 -3.8 -27.25749 -2.077798 -4.6 -27.26777 -2.067767 -3.8 -29.25 0 -4.6 -27.8569 -2.827244 -4.6 -27.91123 2.227869 -4.6 -26.60814 2.212897 -6.6 0.7502694 -27.98995 -4.6 1.5 -29.21151 -4.6 1.5 -27.95979 -4.6 1.5 -29.21151 -3.8 1.050136 -27.9803 -9.600001 1.5 -28.71084 -3.8 1.5 -26.5 -3.8 1.5 -26.5 -6.6 1.5 -27.65899 -9.600001 1.5 -27.95979 -9.600001 1.5 -27.45887 -9.400177 1.5 -27.25876 -9.200355 1.5 -27.25876 -7.2 1.5 -26.9583 -6.899998 1.5 -26.65783 -6.6 0 -28 -4.6 -10.15171 -27.43182 -4.6 -18.77262 -20.77443 -4.6 -20.1455 -21.20662 -4.6 -10.68412 -27.22859 -0.1 6.5 -28.51864 -0.1 -26.87508 -11.54522 -4.6 -24.16935 -16.47385 -0.1 -26.87513 11.54511 -4.6 -29.25 0 -0.1 -18.9949 20.57137 -4.6 -20.14562 21.20651 -4.6 -24.17352 16.46778 -0.1 0 28 -4.6 -10.15182 27.43178 -4.6 -10.69097 27.22588 -0.1 1.5 29.21151 -4.6 0.7502694 27.98995 -4.6 1.5 27.95979 -4.6 1.5 26.5 -3.8 1.5 29.21151 -3.8 1.5 28.71084 -3.8 1.5 27.95979 -9.600001 1.5 26.65783 -6.6 1.5 26.9583 -6.899998 1.5 27.25876 -7.2 0.6 27.99357 -5.4 1.050136 27.9803 -9.600001 0 28 -5.4 0.3000172 27.99839 -5.4 -0.6 27.99357 -5.4 -14 24.24871 -5.4 -0.3000172 27.99839 -5.4 -14.5164 23.94314 -9.600001 -19.79899 19.79899 -9.600001 -24.54314 13.47717 -9.600001 -26.82353 8.031068 -9.600001 -27.91123 2.227869 -9.600001 -27.61054 2.224414 -9.600001 -27.41007 2.222111 -9.399999 -27.2096 2.219807 -9.2 -27.2096 2.219807 -7.2 -26.90888 2.216352 -6.899997 -25.47128 -2.799835 -4.6 -25.5 -2.8 -3.8 -27.15405 -2.819169 -7.2 -26.55148 -2.812246 -6.6 -25.47128 -2.799835 -6.6 -23.831 -2.161288 -6.6 -26.85278 -2.815708 -6.899995 -27.8569 -2.827244 -9.600001 -24.24871 -14 -5.4 -23.94314 -14.5164 -9.600001 -19.79899 -19.79899 -9.600001 0 -28 -5.4 -13.47717 -24.54314 -9.600001 -7.246932 -27.04592 -9.600001 -0.6 -27.99357 -5.4 -0.3000172 -27.99839 -5.4 0.5999993 -27.99357 -9.600001 0.6 -27.99357 -5.4 0.3000172 -27.99839 -5.4 0.7071158 -26.70709 -3.8 2.086427 -25.08539 -3.8 1 -26 -3.8 3.50833 -29.03884 -3.8 3.508807 -28.53508 -3.8 3.143851 -28.57757 -2.2 0 -28.75 -2.2 0.7507122 -28.7402 -3.8 -11.02538 -26.5519 -3.8 0 -27 -3.8 1.050134 -27.67971 -9.600001 1.050143 -27.2798 -9.200362 1.050143 -27.2798 -7.2 1.050149 -26.67934 -6.6 0.6 -23.3 -6.6 1 -25.5 -6.6 2.024918 -25.14962 -6.6 5.5 -28.72825 -3.8 5.5 -28.21901 -3.8 5.5 -28.72825 -4.6 5.5 -26.5 -3.8 5.875373 -28.14325 -3.8 5.46631 -26.13445 -6.6 4.913573 -25.08539 -3.8 6.25 -28.06243 -3.8 5.491603 -26.31692 -6.78379 5.5 -26.5 -6.964737 5.5 -27.45451 -4.6 4.703366 -24.90272 -6.6 3.5 -24.50031 -3.8 6.25 -24.5 -3.8 3.316431 -24.50869 -6.6 1 -25 -3.8 0.7070907 -24.29289 -3.8 2.9 -23.3 -6.6 3.2 -21.76603 -6.6 3.2 -23 -6.6 6.001058 -26.63226 -7.2 5.984335 -26.02072 -6.6 5.5 -26.62012 -7.082365 5.5 -26.74023 -7.2 5.5 -27.45451 -9.600001 5.5 -26.74023 -9.200294 6.001058 -26.63226 -9.200285 5.5 -26.94422 -9.400137 6.001026 -27.04184 -9.600001 5.5 -27.14816 -9.600001 6.001003 -27.34937 -9.600001 6.001003 -27.34937 -4.6 6.5 -28.51864 -4.6 6.000916 -28.62781 -4.6 6.5 -26.20588 -6.899966 6.5 -25.89672 -6.6 6.5 -27.23509 -4.6 6.5 -24.5 -6.6 6.5 -26.5149 -7.2 6.5 -26.5149 -9.200278 6.5 -24.5 -0.1 7.233091 -26.26869 -0.1 7.232233 -22.73223 2.9 6.5 -24.5 2.9 -5.225306 -29.54119 -0.1 8.990516 -26.9998 -0.1 11.5 -26.89447 -0.1 15 -25.98076 -0.1 5.205555 -29.54473 -0.1 6.5 -26.92626 -9.600001 6.5 -27.23509 -9.600001 6.5 -26.72061 -9.400125 7.166923 -22.80006 -6.6 5.210728 29.54381 -0.1 6.5 28.51864 -0.1 5.5 28.72825 -3.8 9.009485 26.9998 -0.1 7.243836 26.27935 -0.1 6.5 24.5 -0.1 6.5 28.51864 -4.6 -22.97077 19.29584 -0.1 -14.96529 26.00076 -0.1 -5.176931 29.54974 -0.1 3.50833 29.03884 -3.8 -30 0 -0.1 -28.18926 10.26422 -0.1 -28.19105 -10.25928 -0.1 -15.03467 -25.9607 -0.1 -23.00236 -19.25822 -0.1 7.232233 -26.26777 2.9 10.75616 -26.27935 -0.1 9 -27 2.9 11.5 -24.5 -0.1 10.76777 -26.26777 2.9 11.5 -26.89447 -4.6 11.5 -25.52939 -4.6 11.5 -24.5 -6.964737 11.4923 -24.30397 -6.784118 11.5 -24.5 2.9 13.27997 -26.06156 -0.1 15 -25.111 -0.1 13.27997 -26.06156 -4.6 15 -25.98076 -4.6 15 -25.111 -4.6 1.218022 -29.97522 -6.1 10.6337 -28.05183 -6.1 -8.31664 -28.82395 -6.1 -17.01555 -24.70768 -6.1 -23.98131 -18.02436 -6.1 -30 0 -6.1 -23.9806 18.0253 -6.1 -28.44828 9.52256 -6.1 -17.05069 24.68343 -6.1 -8.37685 28.80651 -6.1 1.175363 29.97694 -6.1 11.5 26.89447 -0.1 15 25.98076 -0.1 10.6348 28.05142 -6.1 13.27997 26.06156 -0.1 15 25.111 -0.1 15 25.111 -4.6 15 25.98076 -4.6 13.27997 26.06156 -4.6 10.76691 26.26869 -0.1 11.5 24.5 -0.1 11.5 24.5 -6.964737 11.5 25.52939 -4.6 11.5 26.89447 -4.6 11.5 24.5 2.9 10.76777 22.73223 2.9 10.76777 26.26777 2.9 9 27 2.9 7.232233 26.26777 2.9 6.5 27.23509 -4.6 6.5 25.89672 -6.6 6.5 24.5 2.9 6.000916 28.62781 -4.6 5.5 27.45451 -4.6 6.001003 27.34937 -4.6 5.5 28.72825 -4.6 5.5 28.21901 -3.8 3.508807 28.53508 -3.8 6.5 26.20588 -6.899966 6.5 26.5149 -7.2 6.5 27.23509 -9.600001 4.703417 24.90276 -6.6 5.984335 26.02072 -6.6 6.5 26.5149 -9.199549 6.001058 26.63226 -9.199554 6.001058 26.63226 -7.2 6.5 26.72099 -9.39976 6.5 26.92701 -9.600001 6.001003 27.34937 -9.600001 6.001026 27.04259 -9.600001 5.5 27.45451 -9.600001 5.5 27.14891 -9.600001 5.5 26.94459 -9.399769 5.5 26.74023 -9.199559 5.5 26.74023 -7.2 5.5 26.62012 -7.082365 5.5 26.5 -6.964737 5.5 26.5 -3.8 5.46631 26.13445 -6.6 5.491552 26.31637 -6.783234 4.913573 25.08539 -3.8 7.232233 22.73223 2.9 14.31765 22.53649 -6.6 10.54623 22.53553 -6.6 9 22 2.9 11.46955 24.11098 -6.6 14.32548 23.23942 -7.2 11.4923 24.30397 -6.784118 16.95308 21.01325 -6.899322 16.95308 21.3982 -7.200004 16.95308 22.28437 -4.6 16.95308 16.5 -4.1 18.95308 14.5 -4.1 22.77562 14.5 -6.899606 24.5102 14.5 -4.1 22.41963 -14.5 -6.6 27.3 0 -7.2 23.13093 14.5 -7.199999 24.5102 -14.5 -4.1 22.77562 -14.5 -6.899604 18.95308 -14.5 -4.1 16.95308 -16.5 -4.1 16.95308 -21.01325 -6.899326 16.95308 -22.28437 -4.6 16.95308 -21.3982 -7.199999 0.8942273 25.55289 -6.6 0.6 25.2 -4.9 0.6 25.0375 -5.240924 1.5 26.5 -6.6 1 26 -6.6 0.9282441 26.3717 -6.6 1 26 -3.2 -1.27395e-4 25 -3.2 1.111931 26.67684 -6.6 0.723626 26.69019 -6.6 1.050143 27.2798 -7.2 0.6637132 26.74799 -6.65622 0.6 27.2935 -7.200095 2.086427 25.08539 -3.8 3.5 24.50031 -3.8 6.178514 22.88749 2.9 6.188767 26.13016 2.9 7.3648 21.69144 2.9 9 21.25 2.9 11.81123 22.86984 2.9 11.82149 26.11251 2.9 11.5 24.62986 -7.08235 11.5 24.75965 -7.2 11.5 25.20053 -9.600001 11.5 25.52939 -9.600001 14.32153 23.71097 -9.600001 14.31875 24.06184 -9.600001 11.5 24.98018 -9.399701 11.5 24.75965 -9.199505 14.32548 23.23942 -9.199488 14.31875 24.06184 -4.6 16.95308 22.28437 -9.600001 16.95308 21.90687 -9.600001 15.98837 25.38448 -4.6 16.95308 24.75062 -4.6 16.95308 24.75062 -4.1 16.95308 21.3982 -9.199479 16.95308 21.65276 -9.399463 18.97303 23.23801 -6.1 21.5983 20.82063 -4.1 18.95426 -23.25339 -6.1 15.98837 -25.38448 -4.6 16.95308 -24.75062 -4.6 14.31875 -24.06184 -4.6 16.95308 -24.75062 -4.1 21.5983 -20.82063 -4.1 19.89538 -21.04984 -4.1 18.75 -19.9 -4.1 25.35538 -16.03448 -6.1 25.35538 -16.03448 -4.1 21.05 -19.9 -4.1 25.48362 -15.27192 -6.1 25.38597 -15.01763 -4.1 21.1 -15.75 -4.1 22.25 -16.9 -4.1 21.1 -18.05 -4.1 19.90462 -18.75016 -4.1 25.03003 -14.64573 -6.1 14.42695 -25.15676 -6.1 0 -29 -6.1 -11.10452 -26.7896 -6.1 -20.50522 -20.50673 -6.1 -28.99975 0.006299495 -6.1 -26.7911 11.10074 -6.1 -20.52071 20.49127 -6.1 -11.127 26.78024 -6.1 0 29 -6.1 14.42695 25.15676 -6.1 25.35538 16.03448 -4.1 25.35538 16.03448 -6.1 25.38597 15.01763 -4.1 25.48364 15.27198 -6.1 22.25 17.1 -4.1 21.1 15.95 -4.1 21.1 18.25 -4.1 11.5 -25.52939 -9.600001 11.5 -24.62986 -7.08235 11.5 -24.75965 -7.2 14.31875 -24.06184 -9.600001 16.95308 -22.28437 -9.600001 11.7506 -24.6417 -7.2 11.5 -24.75965 -9.200186 11.5 -24.97981 -9.400041 14.32153 -23.71022 -9.600001 11.5 -25.19977 -9.600001 6.188767 -22.86984 2.9 6.178514 -26.11251 2.9 8.804937 -22.00763 -6.6 7.779837 -20.57824 -6.6 9 -22 2.9 10.54627 -22.53557 -6.6 10.76777 -22.73223 2.9 11.46955 -24.11098 -6.6 11.73549 -23.98267 -6.6 12 -18.43909 -6.6 12 -23.85142 -6.6 11.82149 -22.88749 2.9 11.81123 -26.13016 2.9 10.6352 -21.69144 2.9 9 -21.25 2.9 7.3648 -27.30856 2.9 9 -27.75 2.9 0.6 -26.3 -6.6 0.6 -26.69326 -6.6 0.8942273 -25.94711 -6.6 0.6 -26.3 -4.9 0.6 -27.29338 -7.199969 0.6 -26.87477 -5.4 0.6 -26.4625 -5.240924 0.8942273 -25.05289 -6.6 1 -25.5 -3.2 -1.27395e-4 -26.5 -3.2 0.6 -24.7 -6.6 0.6 -23.3 -5.4 0.6 -24.12523 -5.4 0.6 -24.54414 -5.234897 0.6 -24.7 -4.9 3.2 -23 -5.4 2.9 -23.3 -5.4 3.2 -21.76603 -5.4 8.600001 -20.24945 -5.700019 5.94853 -21.18053 -5.4 12 -17.23369 -8.100001 12 -18.43909 -5.7 10.3397 -19.41882 -5.7 12 -24.18657 -6.899859 0.6 -27.29338 -9.200092 0.6 -27.49327 -9.400188 0.5999993 -27.69312 -9.600001 -26.73546 -8.318813 -9.600001 -26.44596 -8.239489 -9.600001 -27.15405 -2.819169 -9.2 -27.35487 -2.821476 -9.399998 -27.55569 -2.823784 -9.600001 -24.54314 -13.47717 -9.600001 -24.28328 -13.32713 -9.600001 -23.93678 -13.12709 -7.2 -23.68328 -14.36637 -9.600001 -23.33678 -14.16632 -7.2 -23.33678 -14.16632 -9.2 -22.81704 -13.86624 -6.6 -14.5164 -23.94314 -9.600001 -19.58686 -19.58686 -9.600001 -14.16632 -23.33678 -7.2 -14.36637 -23.68328 -9.600001 -13.32713 -24.28328 -9.600001 -13.12709 -23.93678 -9.2 -12.82701 -23.41704 -6.6 -13.12709 -23.93678 -7.2 -0.6 -27.99357 -9.600001 -7.169286 -26.75614 -9.600001 -0.6 -27.6935 -9.600001 -0.6 -26.87477 -5.4 -0.6 -26.3 -6.6 -0.6 -26.69326 -6.6 -0.6 -27.29341 -9.2 -0.6 -27.29341 -7.2 -0.3053707 -26.96858 -5.4 0.002228915 -27 -5.4 0.3075527 -26.96812 -5.4 -26.06015 -8.133787 -7.2 -25.48093 -7.975077 -6.6 -26.06015 -8.133787 -9.2 -26.55529 -11.01719 -3.8 0 -6.75 -3.8 -25.5 0.85 -3.8 -24.65 -0.3 -4.1 -24.35 -0.3 -3.8 -25.5 -1.15 -4.1 -24.4 -0.3 -3.8 -25.5 -1.45 -3.8 -25.5 0.55 -4.1 -24.65 -0.3 -8.100001 -25.23748 -1.108433 -8.100001 -26.65 -0.3 -3.8 -26.35 -0.3 -4.1 -26.19936 0.1831101 -8.100001 -25.24695 0.5114486 -8.100001 -26.35 -0.3 -8.251708 -26.31323 -0.05270683 -8.213258 -26.6 -0.3 -3.8 -25.50024 0.7999979 -3.8 -26.31199 -0.5513374 -8.217745 -26.1878 -0.7994297 -8.100001 -25.49976 -1.399998 -3.8 -26.5 0 -8.4 -25.86161 -4.19707 -8.100001 -25.09656 -7.523488 -8.100001 -25.09656 7.523488 -8.100001 -21.58418 6.382248 -8.100001 -25.90918 3.892544 -8.100001 -25.38195 7.616217 -8.4 -21.58418 -6.382248 -8.100001 -23.96182 -7.154791 -10.1 -25.38195 -7.616217 -8.4 -25.38195 -7.616217 -10.1 -21.21336 7.523516 -8.100001 -21.21336 -7.523516 -8.100001 -23.591 -8.296059 -10.1 -23.34433 -11.89453 -8.100001 -24.72574 -8.664756 -8.100001 -21.54336 -14.91052 -8.100001 -18.55555 -12.73976 -8.100001 -20.97005 1.116724 -8.100001 -25.01113 -8.757486 -8.4 -23.61167 -12.03075 -8.4 -20.5781 -14.20922 -10.1 -21.78613 -15.08691 -10.1 -21.78613 -15.08691 -8.4 -15.97787 -13.62717 -8.100001 -17.85021 -13.71058 -8.100001 -19.87275 -15.18004 -10.1 -18.52617 -18.52617 -8.100001 -20.83802 -15.88134 -8.100001 -21.08078 -16.05773 -8.4 -15.88134 -20.83802 -8.100001 -18.73833 -18.73833 -8.4 -13.71058 -17.85021 -8.100001 -15.18004 -19.87275 -10.1 -16.05773 -21.08078 -10.1 -16.05773 -21.08078 -8.4 -2.2 -20.88444 -8.100001 -12.73976 -18.55555 -8.100001 -11.89453 -23.34433 -8.100001 -14.91052 -21.54336 -8.100001 -14.20922 -20.5781 -10.1 -7.523516 -21.21336 -8.100001 -15.08691 -21.78613 -8.4 -8.664756 -24.72574 -8.100001 -12.03075 -23.61167 -8.4 -8.296059 -23.591 -10.1 -8.757486 -25.01113 -10.1 -8.757486 -25.01113 -8.4 -6.382248 -21.58418 -8.100001 -4.098577 -25.87739 -8.100001 -7.523488 -25.09656 -8.100001 -7.154791 -23.96182 -10.1 -7.616217 -25.38195 -8.4 -0.6 -22.5 -8.100001 -0.6 -26.19313 -8.100001 -4.145514 -26.17374 -8.4 -2.4 -22.5 -8.100001 -2.4 -21.5 -8.100001 -0.6 -25 -10.1 -0.6 -26.49321 -10.1 -0.6 -26.49321 -8.4 -0.5 -22.5 -8.100001 0.6 -25 -10.1 -2.2 -21.3 -8.100001 -2.2 -20.88444 -7 -20.97109 1.101516 -7 -15.97093 -13.6356 -7 -15.88134 20.83802 -8.100001 -14.4617 15.22676 -8.100001 -17.85021 13.71058 -8.100001 -18.55555 12.73976 -8.100001 -0.6 22.5 -8.100001 0 21 -8.100001 -14.45455 15.23371 -7 -6.382248 21.58418 -8.100001 -7.523516 21.21336 -8.100001 -8.664756 24.72574 -8.100001 -12.73976 18.55555 -8.100001 -13.71058 17.85021 -8.100001 0.6 22.5 -8.100001 1.101516 20.97109 -8.100001 0 21 -7 1.52993 26.15529 -8.100001 2.2 20.88444 -8.100001 1.065133 26.17834 -8.100001 13.71058 17.85021 -8.100001 15.64951 14.0033 -8.100001 14.62562 15.06954 -7 12.73976 18.55555 -8.100001 10.31862 24.08226 -8.100001 5.313023 25.65564 -8.100001 3.238125 24.51723 -8.100001 19.79453 15.58503 -8.100001 19.1 17.1 -8.100001 17.61935 19.39067 -8.100001 15.88134 20.83802 -8.100001 17.65063 -19.36221 -8.100001 19.1 -16.9 -8.100001 19.84304 -15.34457 -8.100001 21.21336 -7.523516 -8.100001 21.21336 7.523516 -8.100001 21.39548 15.12195 -8.100001 12.73976 -18.55555 -8.100001 12 -18.43909 -8.100001 10.31862 -24.08226 -8.100001 7.330892 -19.67887 -8.100001 12 -17.23369 -6.999999 12 -18.31961 -5.599973 12 -18.2 -5.5 2.2 -21.3 -8.100001 2.2 -20.88444 -8.100001 7.330894 -19.67887 -7 2.4 -21.5 -8.100001 2.4 -22.5 -8.100001 3.238125 -24.51723 -8.100001 5.313023 -25.65564 -8.100001 2.2 -21.3 -5.2 2.2 -20.88444 -7 2.4 -21.5 -5.296882 2.4 -22.5 -5.6 2.399967 -21.80531 -5.599973 0.6 -26.19313 -8.100001 0.6 -22.5 -8.100001 0.5 -22.5 -5.6 1.065133 -26.17834 -8.100001 1.52993 -26.15529 -8.100001 0.5 -22.5 -8.100001 1.050378 -26.47918 -8.4 0.6 -26.49321 -8.4 1.509492 -26.30538 -8.248653 1.500452 -26.45749 -8.4 3.238113 -24.51743 -10.6 1.500452 -26.45749 -10.6 5.371728 -25.79528 -8.248661 14.91052 -21.54336 -8.100001 10.46165 -24.34757 -8.4 5.419947 -25.93982 -8.4 14.20922 -20.5781 -10.1 15.08691 -21.78613 -8.4 15.08691 -21.78613 -10.1 15.18004 -19.87275 -10.1 17.81387 -19.61928 -8.4 16.05773 -21.08078 -8.4 19.14641 -17.32827 -8.100001 19.28342 -17.73668 -8.100001 19.35462 -17.87655 -8.247144 19.43759 -18.01194 -8.4 19.18633 -17.48101 -12.1 19.43759 -18.01194 -12.1 19.1 -16.9 -12.1 21.51977 -14.94455 -8.100001 19.96952 -15.25016 -12.1 24.72574 -8.664756 -8.100001 23.33493 -11.91297 -8.100001 21.67183 -14.98349 -8.247176 23.62601 -12.00258 -8.4 21.82206 -15.03489 -8.4 23.591 -8.296059 -10.1 25.01113 -8.757486 -8.4 25.01113 -8.757486 -10.1 21.58418 6.382248 -8.100001 21.58418 -6.382248 -8.100001 22.5 -0.6 -8.100001 25.09656 -7.523488 -8.100001 23.96182 -7.154791 -10.1 22.5 0.6 -8.100001 26.19313 -0.6 -8.100001 25.87739 -4.098577 -8.100001 25.38195 -7.616217 -8.4 26.17374 -4.145514 -8.4 25 -0.6 -10.1 26.49321 -0.6 -8.4 26.49321 -0.6 -10.1 25 0.6 -10.1 25.87739 4.098577 -8.100001 26.19313 0.6 -8.100001 25.09656 7.523488 -8.100001 26.49321 0.6 -8.4 26.17374 4.145514 -8.4 23.96182 7.154791 -10.1 25.38195 7.616217 -8.4 25.38195 7.616217 -10.1 23.591 8.296059 -10.1 23.28548 12.00933 -8.100001 24.72574 8.664756 -8.100001 23.58157 12.08964 -8.4 25.01113 8.757486 -8.4 21.55341 15.15207 -8.246431 21.71055 15.19547 -8.4 19.92137 15.48445 -12.1 21.71055 15.19547 -12.1 19.13178 17.45505 -8.100001 19.1 17.1 -12.1 19.22607 17.79883 -8.100001 19.16698 17.61308 -12.1 19.28841 17.94743 -8.246783 17.77344 19.65592 -8.4 19.36326 18.09183 -8.4 15.18004 19.87275 -10.1 16.05773 21.08078 -8.4 16.05773 21.08078 -10.1 14.91052 21.54336 -8.100001 14.20922 20.5781 -10.1 10.46165 24.34757 -8.4 15.08691 21.78613 -8.4 5.371916 25.79578 -8.249188 5.419947 25.93982 -8.4 3.238188 24.51742 -10.6 5.419947 25.93982 -10.6 1.509439 26.30592 -8.249187 0.6 26.19313 -8.100001 1.050378 26.47918 -8.4 1.500452 26.45749 -8.4 0.6 25 -10.1 0.6 26.49321 -10.1 0.6 26.49321 -8.4 -0.6 25 -10.1 -0.6 26.19313 -8.100001 -4.098577 25.87739 -8.100001 -0.6 26.49321 -8.4 -7.523488 25.09656 -8.100001 -4.145514 26.17374 -8.4 -7.154791 23.96182 -10.1 -7.616217 25.38195 -10.1 -7.616217 25.38195 -8.4 -8.296059 23.591 -10.1 -11.89453 23.34433 -8.100001 -8.757486 25.01113 -8.4 -14.91052 21.54336 -8.100001 -12.03075 23.61167 -8.4 -14.20922 20.5781 -10.1 -15.08691 21.78613 -10.1 -15.08691 21.78613 -8.4 -15.18004 19.87275 -10.1 -18.52617 18.52617 -8.100001 -16.05773 21.08078 -8.4 -20.83802 15.88134 -8.100001 -18.73833 18.73833 -8.4 -19.87275 15.18004 -10.1 -21.08078 16.05773 -10.1 -21.08078 16.05773 -8.4 -21.54336 14.91052 -8.100001 -20.5781 14.20922 -10.1 -24.72574 8.664756 -8.100001 -23.34433 11.89453 -8.100001 -21.78613 15.08691 -8.4 -23.61167 12.03075 -8.4 -23.591 8.296059 -10.1 -25.01113 8.757486 -10.1 -25.01113 8.757486 -8.4 -23.96182 7.154791 -10.1 -25.38195 7.616217 -10.1 -26.5 0 -12.4 -25.203 8.188951 -10.1 -18.73833 18.73833 -12.4 -21.78613 15.08691 -10.1 -21.43895 15.57631 -10.1 -16.05773 21.08078 -10.1 -15.57631 21.43895 -10.1 0 26.5 -12.4 -8.757486 25.01113 -10.1 -8.188951 25.203 -10.1 -0.6 26.49321 -10.1 -0.3000192 26.4983 -10.1 0.3000192 26.4983 -10.1 1.500452 26.45749 -10.6 0 26.5 -10.1 3.469866 26.27185 -10.6 18.73833 18.73833 -12.4 15.08691 21.78613 -10.1 15.57631 21.43895 -10.1 19.36326 18.09183 -12.1 26.5 0 -12.4 20.5879 16.68498 -12.1 25.01113 8.757486 -10.1 25.203 8.188951 -10.1 26.49321 0.6 -10.1 26.5 0 -10.1 21.82206 -15.03489 -12.1 25.38195 -7.616217 -10.1 25.203 -8.188951 -10.1 18.73833 -18.73833 -12.4 20.68346 -16.56637 -12.1 16.05773 -21.08078 -10.1 0 -26.5 -12.4 15.57631 -21.43895 -10.1 5.419947 -25.93982 -10.6 3.469866 -26.27185 -10.6 0.6 -26.49321 -10.1 0.3000192 -26.4983 -10.1 0 -26.5 -10.1 -0.3000192 -26.4983 -10.1 -18.73833 -18.73833 -12.4 0 -27.5 -13.4 -19.44544 -19.44544 -13.4 19.44544 -19.44544 -13.4 27.5 0 -13.4 19.44544 19.44544 -13.4 0 27.5 -13.4 0.3 -22.3 -8.100001 0.3 -22.3 -5.6 -0.5 -22.5 -5.6 -0.3 -22.3 -8.100001 -7.616217 -25.38195 -10.1 -8.188951 -25.203 -10.1 -15.08691 -21.78613 -10.1 -15.57631 -21.43895 -10.1 -21.08078 -16.05773 -10.1 -21.43895 -15.57631 -10.1 -25.01113 -8.757486 -10.1 -25.203 -8.188951 -10.1 -19.44544 19.44544 -13.4 -27.5 0 -13.4 0 27.5 -15.1 19.44553 19.4451 -15.1 -19.46105 19.4296 -15.1 -10.55268 25.39455 -15.1 -27.49976 0.002623975 -15.1 -19.44553 -19.4451 -15.1 0 -27.5 -15.1 0 29 -15.1 11.127 26.78024 -15.1 -11.10452 26.7896 -15.1 -20.50522 20.50673 -15.1 -20.52071 -20.49127 -15.1 -28.99975 -0.006299495 -15.1 -11.127 -26.78024 -15.1 10.55268 -25.39455 -15.1 0 -29 -15.1 27.49976 -0.002623975 -15.1 19.46105 -19.4296 -15.1 11.10452 -26.7896 -15.1 20.50522 -20.50673 -15.1 20.52071 20.49127 -15.1 28.99975 0.006299495 -15.1 0 -29 -12.6 -11.10452 -26.7896 -12.6 11.127 -26.78024 -12.6 20.52071 -20.49127 -12.6 28.99975 -0.006299495 -12.6 20.50522 20.50673 -12.6 11.10452 26.7896 -12.6 0 29 -12.6 -11.127 26.78024 -12.6 -20.52071 20.49127 -12.6 -28.99975 0.006299495 -12.6 -20.50522 -20.50673 -12.6 0 -28.71761 -12.6 -11.01917 -26.51924 -12.6 20.30572 -20.30687 -12.6 28.71736 0.005583584 -12.6 20.32121 20.2914 -12.6 11.01917 26.51924 -12.6 0 28.71761 -12.6 -20.30572 20.30687 -12.6 -28.71736 -0.005583584 -12.6 -20.32121 -20.2914 -12.6 0 28.41325 -12.30091 6.638482 27.62686 -12.30091 -20.09097 20.09143 -12.30091 -28.41325 0 -12.30091 -20.09097 -20.09143 -12.30091 0 -28.41325 -12.30091 20.73713 -18.67015 -11.8 6.638482 -27.62686 -12.30091 12.6779 -24.85714 -11.8 12.9095 -25.31122 -12.30091 26.05074 9.997991 -11.8 27.90333 -0.0170176 -11.8 26.04317 -10.01768 -11.8 12.9095 25.31122 -12.30091 20.74191 18.66482 -11.8 -9.716238 27.00645 -12.2984 1.811051 28.64391 -12.2984 -26.34018 11.3995 -12.2984 -19.6446 20.92471 -12.2984 -28.70111 -0.001661717 -12.2984 -19.64214 -20.92701 -12.2984 -26.33885 -11.40256 -12.2984 1.81429 -28.64371 -12.2984 -9.713016 -27.00761 -12.2984 1.758887 -27.84791 -11.8 10.53071 -25.40369 -11.8 0 -27.5 -11.8 0 -27.5 -11.4 -9.447474 -26.25522 -11.8 -10.55268 -25.39455 -11.8 -19.44553 -19.4451 -11.4 19.44553 -19.4451 -11.8 10.55268 -25.39455 -11.4 25.40364 -10.53077 -11.8 19.46105 -19.4296 -11.4 27.49976 0.002623975 -11.8 25.40665 -10.52349 -11.4 25.40665 10.52349 -11.8 27.49976 -0.002623975 -11.4 19.46105 19.4296 -11.8 25.40364 10.53077 -11.4 12.6779 24.85714 -11.8 10.55268 25.39455 -11.8 19.44553 19.4451 -11.4 1.763242 27.84765 -11.8 0 27.5 -11.8 10.53071 25.40369 -11.4 -19.09501 20.3463 -11.8 -19.44553 19.4451 -11.8 0 27.5 -11.4 -9.442913 26.25686 -11.8 -25.60591 11.08771 -11.8 -27.49976 -0.002623975 -11.8 -19.46105 19.4296 -11.4 -10.55268 25.39455 -11.4 -25.60791 -11.08309 -11.8 -19.46105 -19.4296 -11.8 -27.49976 0.002623975 -11.4 -27.90352 0.002532064 -11.8 -19.09864 -20.3429 -11.8 -9.424236 26.1966 -11.7378 49.15327 6.182521 -11.7378 12.64914 24.80075 -11.7378 12.64914 -24.80075 -11.7378 49.15327 -6.182521 -11.7378 -9.424236 -26.1966 -11.7378 -25.54961 -11.05874 -11.7378 -25.54961 11.05874 -11.7378 49.41363 -6.692986 -12.30091 49.18203 -6.238908 -11.8 13.04028 -25.56765 -12.2984 13.04028 25.56765 -12.2984 49.41363 6.692986 -12.30091 49.18203 6.238908 -11.8 49.54441 6.949416 -12.2984 1.758889 -27.84791 -11.4 -19.09864 -20.3429 -11.4 -9.447473 -26.25522 -11.4 12.6779 -24.85714 -11.4 20.74191 -18.66482 -11.4 26.05074 -9.997991 -11.4 26.04317 10.01768 -11.4 27.90333 0.0170176 -11.4 20.73713 18.67015 -11.4 12.6779 24.85714 -11.4 1.763242 27.84765 -11.4 -9.442914 26.25686 -11.4 -19.09501 20.3463 -11.4 -25.60591 11.08771 -11.4 -25.60791 -11.08309 -11.4 -27.90352 0.002531826 -11.4 12.9095 -25.31122 -10.89909 -9.426302 -26.19844 -11.45982 49.15438 -6.184682 -11.45982 12.65025 -24.80291 -11.45982 20.32121 -20.2914 -10.6 28.71736 -0.005583584 -10.6 20.30572 20.30687 -10.6 12.65025 24.80291 -11.45982 12.9095 25.31122 -10.89909 49.15438 6.184682 -11.45982 -9.421752 26.20007 -11.45982 -25.55071 11.0623 -11.45982 -25.5527 -11.05769 -11.45982 6.638482 27.62686 -10.89909 1.811051 28.64391 -10.9016 49.41363 6.692986 -10.89909 49.18203 6.238908 -11.4 13.04028 25.56765 -10.9016 11.01917 -26.51924 -10.6 6.638482 -27.62686 -10.89909 13.04028 -25.56765 -10.9016 49.41363 -6.692986 -10.89909 49.18203 -6.238908 -11.4 49.54441 -6.949416 -10.9016 0 -28.71761 -10.6 0 -28.41325 -10.89909 1.81429 -28.64371 -10.9016 -20.30572 -20.30687 -10.6 -20.0912 -20.0912 -10.89909 -9.713016 -27.00761 -10.9016 0 -29 -10.6 -11.127 -26.78024 -10.6 11.10452 -26.7896 -10.6 20.50522 -20.50673 -10.6 20.52071 20.49127 -10.6 28.99975 0.006299495 -10.6 0 28.41325 -10.89909 0 28.71761 -10.6 11.127 26.78024 -10.6 -20.0912 20.0912 -10.89909 -11.01917 26.51924 -10.6 0 29 -10.6 -19.6446 20.92471 -10.9016 -9.716238 27.00645 -10.9016 -20.32121 20.2914 -10.6 -11.10452 26.7896 -10.6 -28.41325 0 -10.89909 -28.71736 0.005583584 -10.6 -20.50522 20.50673 -10.6 -20.52071 -20.49127 -10.6 -28.99975 -0.006299495 -10.6 -26.33885 -11.40256 -10.9016 -19.64214 -20.92701 -10.9016 -26.34018 11.3995 -10.9016 -28.70111 -0.001661717 -10.9016 25.03003 -14.64573 -9.2 27.99092 7.583408 -9.2 27.99089 -7.583513 -9.2 28.99999 -7.27003e-5 -9.2 25.03003 14.64573 -9.2 25.03003 14.64573 -6.1 24.78013 -14.53715 -9.2 24.5102 -14.5 -9.2 26.96929 -7.527075 -9.2 23.95308 -14.5 -9.2 28 0 -9.2 24.78013 14.53715 -9.2 24.5102 14.5 -9.2 26.96929 7.527075 -9.2 23.13093 -14.5 -7.200002 23.13093 -14.5 -9.199889 23.36654 -14.5 -9.399847 23.60181 -14.5 -9.600001 19.95 -16.9 -4.1 21.95 -16.9 -4.4 21.1 -17.75 -4.4 21.1 -16.05 -4.4 20.25 -16.9 -4.4 21.05 -19.9 -4.3 19.89899 -21.05 -4.3 20.71211 -20.71424 -4.3 19.90101 -18.75 -4.3 20.71353 -19.08718 -4.3 18.75 -19.9 -4.3 19.0879 -19.08576 -4.3 19.08647 -20.71282 -4.3 16.95308 -21.90612 -9.600001 16.95308 -21.65238 -9.399759 10.34065 -19.19142 -5.5 12 -12.87476 -6.4 10.3978 -12.42276 -5.5 12 -16.62077 -6.4 12 -16.92621 -6.698092 8.600001 -20.03198 -5.500001 8.600001 -13.7288 -5.500001 12 -12.45908 -6.651485 7.438657 -19.10278 -6.4 7.526646 -15.90941 -6.4 5.561675 -20.87165 -5 2.900392 -21.80797 -5.4 2.4 -21.46625 -5 8.600001 -20.24945 -5.400003 8.600001 -20.14075 -5.599995 8.600001 -20.0319 -5.199942 2.600097 -21.84581 -5.4 2.600097 -22.7 -5.4 0.4171573 -22.7 -5.4 0.3053707 -24.03143 -5.4 -0.6 -24.5375 -5.240924 0.2171573 -22.5 -5.4 -0.002228915 -24 -5.4 -0.2171573 -22.5 -5.4 -0.3075527 -24.03188 -5.4 -0.6 -23.3 -5.4 -0.6 -24.12523 -5.4 -0.4171573 -22.7 -5.4 -0.6 -23.3 -6.6 -2.9 -23.3 -6.6 -0.3 -22.3 -5.6 2.600441 -21.77337 -5.328094 2.500412 -21.82538 -5.499554 2.60048 -21.70048 -5.255737 -0.6 -24.7 -4.9 -0.6 -24.7 -6.6 -4.07204e-7 -24.5 -4.9 1.27394e-4 -24.5 -3.2 -1 -25.5 -6.6 -0.8942273 -25.05289 -6.6 0.912132 -25.5 -2.987868 -0.002260804 -26.19976 -2.9 -1 -25.5 -3.2 0.002260804 -24.80024 -2.9 0.7 -25.5 -2.9 -0.8942273 -25.94711 -6.6 -0.6 -26.3 -4.9 -0.912132 -25.5 -2.987868 4.07204e-7 -26.5 -4.9 -0.6 -26.45586 -5.234897 -0.7 -25.5 -2.9 -7.06576 -26.36978 -9.2 -7.06576 -26.36978 -7.2 -6.910467 -25.79022 -6.6 -18.87975 -18.87975 -6.6 -14.16632 -23.33678 -9.2 -19.30401 -19.30401 -7.2 -19.30401 -19.30401 -9.2 -23.93678 -13.12709 -9.2 -2.2 -20.79222 -6.889947 -2.2 -20.7 -6.779896 -2.4 -20.5 -5.2 -2.300016 -20.59998 -6.673583 -2.4 -20.5 -6.568011 -2.4 -20.35903 -6.4 2.49212 -21.59212 -5.135462 2.384063 -21.48406 -5.015936 2.4 -20.78284 -5 2.2 -20.7 -5.2 2.2 -20.7 -6.779896 2.2 -20.79222 -6.889947 8.600001 -19.81414 -5 2.6 -20.58284 -5 2.6 -17.41716 -5 2.4 -20.5 -5.2 2.4 -17.21716 -5 2.4 -17.5 -5.2 2.399993 -16.50001 -5.000007 2.2 -17.3 -5.2 2.455196 -16.44491 -5.00004 2.427571 -16.47243 -5.021009 2.597045 -16.19301 -4.99996 2.300017 -20.59998 -6.673583 2.4 -20.5 -6.568012 2.4 -20.35903 -6.4 2.4 -17.5 -6.4 2.343306 -17.44331 -6.4 2.271698 -17.3717 -6.466983 2.2 -17.3 -6.533897 8.600001 -13.6106 -5.600033 27.3 5.72933e-5 -9.199647 27.70034 1.30812e-5 -9.600001 23.95308 -14.5 -9.600001 26.96929 -7.527075 -9.600001 28 0 -9.600001 23.13093 14.5 -9.19949 23.95308 14.5 -9.2 23.95308 14.5 -9.600001 23.60227 14.5 -9.600001 23.36677 14.5 -9.399647 26.96929 7.527075 -9.600001 19.95 17.1 -4.1 21.95 17.1 -4.4 21.1 16.25 -4.4 21.1 17.95 -4.4 21.70104 17.70104 -4.4 20.25 17.1 -4.4 20.49896 17.70104 -4.4 20.25 17.1 -4.600003 20.25894 17.2218 -10.6 21.63265 16.4376 -10.6 20.91753 16.26982 -8.100001 20.91753 16.26982 -10.6 20.43964 16.56482 -8.100001 20.25003 17.09346 -8.100001 21.95 17.1 -10.6 21.16057 17.94767 -10.6 20.25 -16.9 -10.6 21.09664 -16.05002 -10.6 21.10336 -17.74998 -10.6 21.95 -16.9 -10.6 19.40568 -19.40438 -3.802506 19.07081 -19.9 -4.137917 20.72919 -19.9 -4.137917 20.39433 -20.39562 -3.802506 20.39519 -19.40524 -3.802506 20.6 -19.9 -3.802506 19.90061 -19.2 -3.802506 20.6 -19.9 -2.75 19.9028 -20.6 -2.75 19.8972 -19.20001 -2.75 19.2 -19.9 -3.802506 19.40481 -20.39476 -3.802506 19.2 -19.9 -2.75 19.89939 -20.6 -3.802506 19.28787 -19.9 -2.537868 19.90173 -19.5 -2.45 19.89827 -20.3 -2.45 19.5 -19.9 -2.45 20.51213 -19.9 -2.537868 20.3 -19.9 -2.45 10.6352 27.30856 2.9 9 27.75 2.9 -0.6 25.04414 -5.234897 4.07204e-7 25 -4.9 -0.6 25.2 -4.9 -0.6 25.2 -6.6 -1 26 -3.2 -0.8942273 25.55289 -6.6 -1 26 -6.6 1.27394e-4 27 -3.2 -6.970174 25.77414 -6.6 -0.9282441 26.3717 -6.6 -0.6 26.8 -4.9 -0.912132 26 -2.987868 0.002260804 26.69976 -2.9 -0.002260804 25.30024 -2.9 -0.7 26 -2.9 0.6 26.8 -6.706716 0.6 26.8 -4.9 0.912132 26 -2.987868 -13.12709 23.93678 -7.2 -13.47717 24.54314 -9.600001 -13.32713 24.28328 -9.600001 -13.12709 23.93678 -9.2 -7.06576 26.36978 -7.2 -7.246932 27.04592 -9.600001 -0.6 27.99357 -9.600001 -7.06576 26.36978 -9.2 -7.169286 26.75614 -9.600001 -0.6 27.29341 -7.2 -0.6 27.29341 -9.2 -0.6 27.6935 -9.600001 -0.6 26.8 -6.706716 -0.6 27.37477 -5.4 -0.723626 26.69019 -6.6 -0.6634511 26.74822 -6.656446 -0.6 26.9625 -5.240924 -4.07204e-7 27 -4.9 0.6 26.95586 -5.234897 0.6 27.37477 -5.4 0.7 26 -2.9 -0.3075527 27.46812 -5.4 -0.002228915 27.5 -5.4 0.3053707 27.46858 -5.4 0.5999993 27.99357 -9.600001 0.5999993 27.69387 -9.600001 0.6 27.2935 -9.199967 0.6 27.49328 -9.400115 1.5 27.65974 -9.600001 1.5 27.25876 -9.199605 1.5 27.45925 -9.399803 1.050143 27.68046 -9.600001 -14.36637 23.68328 -9.600001 -13.86624 22.81704 -6.6 -14.16632 23.33678 -7.2 -14.16632 23.33678 -9.2 -23.94314 14.5164 -9.600001 -19.58686 19.58686 -9.600001 -23.33678 14.16632 -7.2 -23.68328 14.36637 -9.600001 -24.28328 13.32713 -9.600001 -23.41704 12.82701 -6.6 -23.93678 13.12709 -7.2 -23.93678 13.12709 -9.2 -26.53387 7.951675 -9.600001 0 27.05 -3.8 1.049851 26.00422 -3.8 1.05014 27.2798 -9.199611 3.143851 28.57757 -2.2 0.7507122 28.7402 -3.8 0 28.75 -3.8 6.25 28.06243 -2.2 6.25 28.06243 -3.8 5.875373 28.14325 -3.8 6.25 24.5 -3.8 0 24.95 -3.8 7.055557 22.55556 -3.8 -19.30401 19.30401 -7.2 -18.87975 18.87975 -6.6 -19.30401 19.30401 -9.2 -23.33678 14.16632 -9.2 -25.56917 7.687289 -6.6 -26.14824 7.845995 -7.2 -26.14824 7.845995 -9.2 8.349912 -0.7919466 -17.8 8.349912 -0.7919463 -16.3 8.636641 -0.8991333 -17.8 8.222925 -0.5133368 -17.8 8.222925 -0.5133368 -16.3 8.167086 1.085689 -17.8 8.167086 1.085688 -16.3 8.043987 -1.119951 -17.8 10.56732 -0.8317125 -16.5 10.56732 -0.8317125 -17.8 10.61761 -0.8299563 -16.45 11.72332 -0.7913441 -16.35 11.77355 -0.78959 -16.4 10.59354 0.3699347 -16.5 10.59353 0.3699343 -17.8 10.65041 -1.028933 -17.8 10.69347 0.3734243 -16.4 11.79281 0.4118139 -16.4 -2.977918 -8.156716 -17.8 -3.88487 -9.862443 -17.8 -3.908494 -9.906875 -16.45 -3.88487 -9.862443 -16.5 -2.948651 -7.852014 -17.8 -2.519646 -7.720841 -17.8 -3.744035 -10.02358 -17.8 -3.143309 -7.615747 -17.8 0 -5 -17.8 -4.333044 -2.494932 -17.8 -4.556025 -6.864593 -17.8 -5.023342 -9.447532 -16.4 -5.539762 -10.41878 -16.4 -4.976398 -9.359245 -16.5 -4.976395 -9.359237 -17.8 -5.023338 -9.447526 -17.8 -6.570581 -9.801402 -16.4 -5.202971 10.59099 -16.4 -6.253044 10.00696 -16.4 -5.176337 10.54837 -16.35 -5.670132 9.074108 -16.4 -6.546985 -9.757022 -16.35 10.53385 1.568582 -16.45 10.48356 1.566825 -16.5 10.48356 1.566825 -17.8 10.55269 1.769362 -17.8 10.69347 0.3734241 -17.8 8.552883 1.499405 -17.8 7.794229 -2.2 -17.8 7.911368 2.677734 -17.8 7.946267 1.678343 -17.8 8.910759 2.712633 -18.8 10.55269 1.769362 -18.8 8.274369 1.3724 -17.8 8.945658 1.713243 -18.8 10.33726 2.762448 -17.8 10.33726 2.762448 -18.8 7.166141 7.945843 -18.8 1.683911 10.56667 -17.8 1.631256 10.62142 -17.6 1.683911 10.56667 -18.8 2.299908 8.99744 -17.6 1.262207 7.077363 -17.8 1.625249 7.372524 -17.6 0 6.7 -17.8 -4.331504 2.497604 -17.8 -1.262237 7.077383 -17.8 0 6.7 -17.6 -2.108623 8.081733 -17.8 -1.631256 7.37858 -17.6 -2.204039 8.056192 -17.8 -2.267394 9.385516 -17.8 -2.299908 9.002561 -17.6 -2.596979 10.38006 -17.8 -1.683911 10.56667 -17.8 -3.490348 10.11472 -17.8 -1.683911 10.56667 -18.8 -1.475792 10.7641 -18.96479 -1.625249 10.62748 -17.6 -2.59698 10.38006 -18.8 -3.490348 10.11472 -18.8 -3.052087 7.526272 -17.8 -3.582006 8.37432 -18.8 -2.733958 8.904239 -18.8 -3.539648 7.929117 -17.8 -4.434124 9.737995 -17.8 -3.489202 7.627175 -17.8 -5.61714 8.989303 -17.8 -5.670128 9.074102 -17.8 -4.434124 9.737995 -18.8 -4.563376 9.567424 -17.8 -6.598691 8.295619 -17.8 -6.808659 8.254221 -17.8 -5.670136 9.074115 -18.8 -5.574964 6.65731 -17.8 -5.426621 6.042498 -17.8 -6.808659 8.254221 -18.8 -6.16898 -2.872524 -17.8 -6.27467 5.512578 -17.8 -6.804589 6.360627 -18.8 -5.49432 -4.49744 -17.8 -5.32561 6.479504 -17.8 -5.956541 6.890546 -18.8 -7.794229 -2.2 -17.8 -7.560978 7.571103 -17.8 -9.992958 -3.825024 -17.8 -10.46437 2.233104 -17.8 -7.560978 7.571103 -18.8 -9.161276 -2.650362 -17.8 -10.46437 2.233139 -18.8 -9.419478 -2.872524 -17.6 -10.09414 -4.49744 -17.6 -9.992958 -3.825024 -18.8 -7.794229 -2.2 -17.6 -6.162973 -2.87858 -17.6 -5.874847 -5.936849 -17.8 -6.162973 -6.12142 -17.8 -5.49432 -4.50256 -17.6 -4.991899 -6.406321 -17.8 -5.023777 6.530059 -17.8 -7.690906 -7.439079 -17.8 -7.794229 -6.8 -17.8 -6.16898 -6.127476 -17.6 -7.014427 -8.080088 -17.8 -8.053286 -6.785362 -17.8 -7.794229 -6.8 -17.6 -8.309047 -6.741643 -17.8 -8.309047 -6.741643 -18.8 -8.584085 -6.660122 -18.96479 -8.837411 -6.549822 -19.1 -9.425485 -6.12142 -17.6 -7.690908 -7.439082 -18.8 -7.014427 -8.080088 -18.8 -5.46137 -7.289268 -18.8 -6.344318 -6.819797 -18.8 -6.003944 -8.735712 -17.8 -6.216289 -8.709062 -17.8 -4.949828 -6.874907 -17.8 -5.096992 -7.029983 -17.8 -6.216289 -8.709062 -18.8 -5.023346 -9.44754 -18.8 -3.744035 -10.02358 -18.8 -1.636698 -8.190313 -17.8 -2.10617 -9.073261 -18.8 -2.989117 -8.603789 -18.8 -1.400177 -10.60798 -17.8 -2.776278 -10.33355 -17.8 -2.776278 -10.33355 -18.8 0 -10.7 -17.8 -1.400179 -10.60799 -18.8 0 -10.7 -18.8 8.053286 -6.785362 -17.8 8.309047 -6.741643 -17.8 4.601871 -9.659855 -18.8 7.794229 -6.8 -17.8 6.16898 -6.127476 -17.8 9.419478 -6.127476 -17.6 8.309047 -6.741643 -18.8 7.794229 -6.8 -17.6 6.162973 -6.12142 -17.6 5.49432 -4.49744 -17.6 6.16898 -2.872524 -17.6 8.078886 -2.119342 -17.8 9.161241 -2.650336 -17.8 7.794229 -2.2 -17.6 10.50477 -2.034628 -17.8 9.992958 -3.825024 -17.8 9.425485 -2.87858 -17.6 10.28788 -2.94098 -17.8 9.992958 -3.825024 -18.8 10.05945 -4.101545 -18.96352 10.09102 -4.378511 -19.1 10.09414 -4.50256 -17.6 10.28789 -2.940981 -18.8 10.50477 -2.034628 -18.8 9.043377 -1.085052 -18.8 9.078277 -2.084443 -18.8 10.65041 -1.028933 -18.8 10.69348 0.3734246 -18.8 0 -5 -16.8 4.330127 -2.5 -16.8 -4.330127 -2.5 -16.8 -4.330127 2.5 -16.8 -4.743813 -6.817772 -17.8 -4.647047 -6.82966 -17.8 -3.666899 7.37793 -17.8 0 5 -16.8 4.330127 2.5 -16.8 -6.003944 -8.735712 -16.5 -6.027569 -8.780143 -16.45 -4.563376 9.567424 -16.5 -4.590042 9.610099 -16.45 -6.598691 8.295619 -16.5 -5.617144 8.989311 -16.5 10.45677 2.268464 -18.8 9.527351 5.497915 -19.1 10.58954 -1.53351 -18.8 9.032011 -5.736876 -17.6 7.794229 -6.25 -17.6 8.581967 -6.660895 -18.96364 4.947282 -9.824588 -19.1 8.837411 -6.549822 -19.1 9.786093 -5.649984 -19.1 12.12354 -7.001319 -19.1 0 -14 -19.1 12.12554 6.997841 -19.1 7.794229 -2.75 -17.6 6.556447 -3.263123 -17.6 9.543958 -4.5 -17.6 9.032011 -3.263123 -17.6 6.0445 -4.5 -17.6 6.556447 -5.736876 -17.6 7.794229 -2.75 -18.1 6.556761 -3.262593 -18.1 9.544229 -4.49997 -18.1 9.031656 -3.262553 -18.1 9.031696 -5.737407 -18.1 7.794229 -6.25 -18.1 6.044229 -4.50003 -18.1 6.556802 -5.737447 -18.1 -4.947282 -9.824588 -19.1 -3.263839 -10.19006 -18.8 0 -11 -19.1 -6.622828 -8.404055 -18.8 -10.05982 -4.103646 -18.9646 -9.52501 5.50197 -19.1 -10.09102 -4.378511 -19.1 -9.786076 -5.650012 -19.1 -12.12554 -6.997841 -19.1 -12.12354 7.001319 -19.1 -7.794229 -6.25 -17.6 -6.556447 -5.736876 -17.6 -9.543958 -4.5 -17.6 -9.032011 -5.736876 -17.6 -9.032011 -3.263123 -17.6 -7.794229 -2.75 -17.6 -7.192933 7.921598 -18.8 -1.253607 10.92833 -19.1 -3.966711 9.937565 -18.8 0 7.25 -17.6 1.237782 7.763123 -17.6 -1.749729 9 -17.6 -1.237782 7.763123 -17.6 0 11.3 -19.1 0 11.3 -17.6 -1.237782 10.23688 -17.6 -0.6537492 11.20505 -19.1 0.6537492 11.20505 -19.1 1.253607 10.92833 -19.1 1.477521 10.76265 -18.96364 0 10.75 -17.6 0 14 -19.1 1.749729 9 -17.6 1.237782 10.23688 -17.6 0 10.75 -18.1 -1.237467 10.23741 -18.1 1.75 9.00003 -18.1 1.237426 10.23745 -18.1 1.237467 7.762593 -18.1 0 7.25 -18.1 -1.75 8.999971 -18.1 -1.237426 7.762553 -18.1 -1.15 9 -17.6 0 10.15 -17.6 0 9.86 -17.6 1.15 9 -17.6 0.8597031 8.999432 -17.6 0 7.85 -17.6 -0.8597031 9.000569 -17.6 0 8.140001 -17.6 -6.0445 -4.5 -17.6 -6.556447 -3.263123 -17.6 -7.794229 -2.75 -18.1 -9.031696 -3.262593 -18.1 -6.044229 -4.49997 -18.1 -6.556802 -3.262553 -18.1 -6.556761 -5.737407 -18.1 -7.794229 -6.25 -18.1 -9.544229 -4.50003 -18.1 -9.031656 -5.737447 -18.1 -6.625358 8.338294 -16.45 -7.794229 -6.103553 -18.45355 -6.910294 -5.383431 -18.6 -9.044229 -4.500611 -18.6 -8.677283 -5.38431 -18.6 -7.794229 -5.75 -18.6 -8.678164 -3.616569 -18.6 -7.794229 -2.896447 -18.45355 -8.094229 -5.5 -18.6 -7.494229 -5.5 -18.6 -8.794229 -4.8 -18.6 -8.094229 -4.8 -18.6 -8.794229 -4.2 -18.6 -7.794229 -3.25 -18.6 -8.094229 -3.5 -18.6 -7.494229 -3.5 -18.6 -6.911175 -3.61569 -18.6 -6.794229 -4.8 -18.6 -6.544229 -4.499389 -18.6 -6.794229 -4.2 -18.6 -7.494229 -4.2 -18.6 -7.494229 -3.5 -18.1 -8.094229 -3.5 -18.1 -7.494229 -4.2 -18.1 -6.794229 -4.2 -18.1 -7.494229 -4.8 -18.6 -6.794229 -4.8 -18.1 -7.494229 -4.8 -18.1 -7.494229 -5.5 -18.1 -8.094229 -5.5 -18.1 -8.094229 -4.8 -18.1 -8.794229 -4.8 -18.1 -8.094229 -4.2 -18.6 -8.794229 -4.2 -18.1 -8.094229 -4.2 -18.1 0 7.396447 -18.45355 0.883935 8.116569 -18.6 -1.25 8.99939 -18.6 -0.8830536 8.115691 -18.6 0 7.75 -18.6 -0.883935 9.883432 -18.6 0 10.60355 -18.45355 -0.3 8 -18.6 0.3 8 -18.6 -1 8.7 -18.6 -0.3 8.7 -18.6 -1 9.300001 -18.6 0 10.25 -18.6 -0.3 10 -18.6 0.3 10 -18.6 0.8830536 9.88431 -18.6 1 8.7 -18.6 1.25 9.000611 -18.6 1 9.300001 -18.6 0.3 9.300001 -18.6 0.3 10 -18.1 -0.3 10 -18.1 0.3 9.300001 -18.1 1 9.300001 -18.1 0.3 8.7 -18.6 1 8.7 -18.1 0.3 8.7 -18.1 0.3 8 -18.1 -0.3 8 -18.1 -0.3 8.7 -18.1 -1 8.7 -18.1 -0.3 9.300001 -18.6 -1 9.300001 -18.1 -0.3 9.300001 -18.1 0 9.718579 -17.54142 0.66 8.999985 -17.4 -0.66 9.000016 -17.4 0 9.66 -17.4 0 8.281422 -17.54142 0 8.340001 -17.4 0 8.340001 -10.6 -0.6599987 8.999698 -10.6 0.6599987 9.000303 -10.6 0 9.66 -10.6 7.794229 -6.103553 -18.45355 8.678164 -5.383431 -18.6 6.544229 -4.500611 -18.6 6.911175 -5.38431 -18.6 7.794229 -5.75 -18.6 6.910294 -3.616569 -18.6 7.794229 -2.896447 -18.45355 7.494229 -5.5 -18.6 8.094229 -5.5 -18.6 6.794229 -4.8 -18.6 7.494229 -4.8 -18.6 6.794229 -4.2 -18.6 7.794229 -3.25 -18.6 7.494229 -3.5 -18.6 8.094229 -3.5 -18.6 8.677283 -3.61569 -18.6 8.794229 -4.8 -18.6 9.044229 -4.499389 -18.6 8.794229 -4.2 -18.6 8.094229 -4.2 -18.6 8.094229 -3.5 -18.1 7.494229 -3.5 -18.1 8.094229 -4.2 -18.1 8.794229 -4.2 -18.1 8.094229 -4.8 -18.6 8.794229 -4.8 -18.1 8.094229 -4.8 -18.1 8.094229 -5.5 -18.1 7.494229 -5.5 -18.1 7.494229 -4.8 -18.1 6.794229 -4.8 -18.1 7.494229 -4.2 -18.6 6.794229 -4.2 -18.1 7.494229 -4.2 -18.1 -1.118031 2.236062 -18.1 -2.948597 1.78354 -18.1 -2.497999 1.5 -18.1 -2.497999 1.5 -19.49454 -2 1.5 -18.1 -2.888312 2.3125 -18.1 -2.950127 1.786504 -19.66838 0 2.5 -18.1 -1.602107 3.335051 -18.1 -2.888312 2.3125 -19.75 0 3.7 -18.1 -1.602147 3.335135 -19.75 3.201771 1.85435 -18.1 0 3.7 -19.75 2.499983 -0.006783425 -18.1 3.208644 -1.842429 -18.1 3.204294 1.85 -19.75 1.775282 1.760228 -18.1 -1.602107 -3.335051 -18.1 0 -3.7 -18.1 3.204294 -1.85 -19.75 0 -2.5 -18.1 1.766104 -1.769485 -18.1 0 -3.7 -19.75 -2.888312 -2.3125 -18.1 -1.602147 -3.335135 -19.75 -1.118031 -2.236062 -18.1 -2.948597 -1.78354 -18.1 -2.888312 -2.3125 -19.75 -2 -1.5 -18.1 -2.497999 -1.5 -18.1 -2.946246 -1.778471 -19.66595 -2 -1.5 -19.51019 -2.497999 -1.5 -19.49454 -0.08512288 -2.49855 -19.51019 -1.155946 -2.216707 -19.51019 0 -2.5 -19.51019 -0.04256761 -2.499638 -19.51019 2.499638 -0.04256761 -19.51019 1.752652 -1.782753 -19.51019 1.812337 1.722043 -19.51019 0.08512288 2.49855 -19.51019 0 2.5 -19.51019 0.04256761 2.499638 -19.51019 -1.118034 2.236068 -19.51019 -2 1.5 -19.51019 -5 3 -20.44239 -2.985929 1.5 -19.63352 -5 3.42727 -20.51742 -5 3.859047 -20.6 -2.785457 5.668448 -20.6 -3.5 1.5 -19.78506 -2.302929 1.5 -20.33687 -1.897622 2.984239 -20.93677 -3.349726 1.5 -20.98023 -3.202601 1.5 -20.93677 -3.5 1.5 -21.02496 -4.883199 2.419689 -21.55834 -5 4.85012 -22.05106 -5 3 -21.68229 -5 3.902132 -21.84849 -4.54412 1.923054 -20.15104 -4.548685 1.927498 -21.39287 -4.882657 2.418398 -20.31809 -0.120414 -3.534424 -20.93677 -1.94816 -2.951495 -20.93677 -0.06021571 -3.535962 -20.93677 0 -3.536474 -20.93677 3.042407 -1.80289 -20.93677 3.10203 1.698253 -20.93677 0.120414 3.534424 -20.93677 0.06021571 3.535962 -20.93677 0 3.536474 -20.93677 -2.312525 -1.5 -20.34996 -2.988115 -1.5 -19.63416 -3.202601 -1.5 -20.93677 -4.882773 -2.418676 -21.55808 -3.5 -1.5 -19.78506 -4.545357 -1.924254 -21.39147 -3.349726 -1.5 -20.98023 -2.81684 -6.370955 -22.05106 -5 -3 -21.68229 -5 -3.901472 -21.84836 -5 -4.85012 -22.05106 -0.2227309 -6.962331 -22.05106 -0.1113797 -6.965002 -22.05106 0 -6.965893 -22.05106 4.654225 0 -21.3 3.558544 -3 -21.3 3.558544 3 -21.3 0.2227309 6.962331 -22.05106 3.81031 5.831398 -22.05106 0.1113797 6.965002 -22.05106 0 6.965893 -22.05106 -2.714613 6.41518 -22.05106 -3.5 -1.5 -21.02496 -4.548608 -1.927423 -20.15294 -4.882483 -2.417987 -20.31801 -5 -3 -20.44239 -5 -3.859047 -20.6 -5 -3.42727 -20.51742 -5 -5.068302 -22.08786 -2.798558 -6.715078 -22.1 -5 -5.284346 -22.1 -0.2326115 -7.27119 -22.1 3.716583 -5.891576 -22.05106 3.845005 -6.175638 -22.1 4.798542 -3 -21.62649 6.286785 -3 -22.05106 17.74824 -3 -21.3 6.455543 -3 -22.0877 17.74824 3 -21.3 6.286785 3 -22.05106 4.818293 3 -21.63192 6.627542 3 -22.1 17.24094 3 -22.1 17.74824 3 -21.6 17.49462 3 -21.85002 6.455543 3 -22.0877 4.040515 6.049558 -22.1 0.2326115 7.27119 -22.1 -2.582379 6.801031 -22.1 -5 5.068302 -22.08786 -5 5.284346 -22.1 -5 5.5 -20.6 -5 5.5 -22.1 -5.439326 6.560636 -20.6 -5.439364 6.560674 -22.1 -8.269328 14.27823 -20.6 -6.5 7 -22.1 -9.615109 14.62172 -22.1 11.61895 13.74773 -21.6 17.99999 0.004763364 -19.9 15.58626 9.003586 -19.9 17.99993 0 -21.3 6.92569 16.07104 -22.1 -9.578201 -14.64587 -22.1 -12.56064 -6.560674 -22.1 -11.5 -7 -22.1 -11.5 -7 -20.6 -6.5 -7 -22.1 -6.5 -7 -20.6 -17.5 0 -22.1 -13 -5.5 -22.1 -12.56067 -6.560636 -20.6 -13 5.5 -22.1 -13 -5.5 -20.6 -12.56067 6.560636 -22.1 -13 5.5 -20.6 -11.5 7 -22.1 -12.56064 6.560674 -20.6 -11.5 7 -20.6 -6.5 7 -20.6 0 18 -21.6 -15.58846 8.999989 -21.6 -9 15.58846 -21.6 -18 0 -21.6 6.966192 -16.05357 -22.1 -9 -15.58846 -21.6 -15.58846 -8.999989 -21.6 6.627542 -3 -22.1 17.24094 -3 -22.1 11.61895 -13.74773 -21.6 0 -18 -21.6 17.49462 -3 -21.85002 -5 -5.5 -22.1 -5.439326 -6.560636 -22.1 -5 -5.5 -20.6 -5.439364 -6.560674 -20.6 0 -16.5 -20.6 -14.2907 -8.247756 -20.6 -14.29715 8.236573 -20.6 0 -6.316031 -20.6 8.269328 -14.27823 -20.6 -2.785457 -5.668448 -20.6 0 6.316031 -20.6 0 16.5 -20.6 5.471676 3.154524 -20.6 14.2907 8.247756 -20.6 14.29715 -8.236573 -20.6 5.469204 -3.15874 -20.6 9.549999 16.54108 -12.7 10.81954 15.74 -12.7 10.81954 -15.74 -18.1 9.549999 -16.54108 -12.7 8.221467 -17.24 -12.7 -19.04101 -1.5 -18.1 -19.1 0 -18.1 -19.1 0 -12.7 -19.04101 1.5 -12.7 10.20156 -21.82294 -18.2 13.79844 -19.74628 -18.7 13.79844 -19.74628 -18.2 13.96247 -18.12797 -18.7 12.49997 -21.65058 -18.2 13.96261 -18.12796 -18.2 15.67639 -19.47437 -18.2 14.70416 -19.22336 -19.9 14.70416 -19.22336 -18.7 14.6926 -17.94555 -19.9 14.6926 -17.94555 -18.7 9.295837 -22.34586 -18.7 9.295837 -22.34586 -19.9 11.98778 -19.85642 -19.9 10.20156 -21.82294 -18.7 12.49973 -18.61955 -19.9 9.117269 -22.27115 -18.7 9.117269 -22.27115 -19.9 8.942525 -22.18788 -19.9 10.75 -20.36955 -19.9 8.71805 -21.15584 -18.7 8.717967 -21.15595 -18.2 6.419873 -21.11955 -18.2 7.531075 -22.44511 -18.2 9.027102 -23.31333 -18.2 13.79844 19.74628 -18.2 10.20156 21.82294 -18.7 10.20156 21.82294 -18.2 8.71805 21.15584 -18.7 12.49997 21.65058 -18.2 8.717967 21.15595 -18.2 7.531075 22.44511 -18.2 9.295837 22.34586 -19.9 9.295837 22.34586 -18.7 9.117269 22.27115 -18.7 8.942525 22.18788 -18.7 9.117269 22.27115 -19.9 14.70416 19.22336 -18.7 14.70416 19.22336 -19.9 13.79844 19.74628 -18.7 14.6926 17.94555 -18.7 12.49973 18.61955 -19.9 14.6926 17.94555 -19.9 8.942525 22.18788 -19.9 5 22.1 -19.9 10.75 20.36955 -19.9 11.98778 19.85642 -19.9 13.96247 18.12797 -18.7 13.96261 18.12796 -18.2 15.67639 19.47437 -18.2 -24 2.076656 -18.2 -24 -2.076656 -18.7 -24 -2.076656 -18.2 -22.88083 -2.94207 -18.7 -24.99993 0 -18.2 -22.68057 -3.027994 -18.2 -24.70349 -3.838966 -18.2 -24 -3.122499 -19.9 -24 -3.122499 -18.7 -22.8876 -3.751387 -18.7 -22.8876 -3.751387 -19.9 -24 3.122499 -18.7 -24 3.122499 -19.9 -23.24973 0 -19.9 -24 2.076656 -18.7 -21.63372 -3.997764 -19.9 -21.5 -1.75 -19.9 -22.73778 -1.236876 -19.9 -22.8876 3.751387 -18.7 -20.26222 1.236876 -19.9 -22.8876 3.751387 -19.9 -21.5 1.75 -19.9 -22.73778 1.236876 -19.9 -22.88083 2.94207 -18.7 -22.68057 3.027994 -18.2 -24.70349 3.838966 -18.2 -21.63372 -3.997764 -18.7 -14.07211 -16.9108 -19.9 -21.53468 -4.500826 -18.7 -21.5 -3.25 -18.7 -9.001604 -15.58755 -19.9 -15.58626 -9.003586 -19.9 -12.81975 -17.87846 -18.7 -21.42429 -5 -18.7 -16.5 -18.75 -18.7 -21.28221 -3.242694 -18.7 -19.36492 -5 -18.7 -19.36492 -5 -18.2 -21.5 -5 -18.7 -21.5 -23 -18.7 -21.5 -14.5 -18.7 -21.5 -14 -18.7 2.136919 -21.89597 -19.9 2.136919 -21.89597 -18.7 -8.464034 -32.48912 -18.7 1.069725 -21.97398 -19.9 0 -22 -19.9 -16.80522 -30.96419 -18.7 -16 -23.5 -18.7 -16 -18.75 -18.7 3.223456 -23.41741 -19.9 3.910768 -23.79496 -18.7 2.076531 -32.9346 -18.7 0 -33 -18.7 1.03878 -32.98365 -18.7 4 -19.88197 -19.9 4.464813 -22.40114 -19.9 4 -22.11804 -19.9 0 -18 -19.9 5 -19.5 -19.9 4.464813 -19.59886 -19.9 5.776439 -23.89771 -19.9 5 -24 -19.9 6.5 -23.59808 -19.9 5 -22.5 -19.9 5.535187 -22.40114 -19.9 6.5 -23.59808 -18.7 8.942525 -22.18788 -18.7 6 -22.11804 -19.9 7.94913 -22.76142 -18.7 10.75 -16.86955 -19.9 14.27903 -16.73647 -19.9 11.98778 -17.38267 -19.9 15.59231 -8.993051 -19.9 21.99983 0.001687705 -19.9 14.27903 -16.73647 -18.7 9.019395 -15.57722 -19.9 14.27903 16.73647 -19.9 15.04227 16.05398 -18.7 14.66513 -16.3992 -18.7 21.99974 0 -18.7 15.04227 -16.05398 -18.7 11.98778 17.38267 -19.9 14.27903 16.73647 -18.7 9.001604 15.58755 -19.9 10.75 16.86955 -19.9 14.66513 16.39921 -18.7 3.223501 23.41744 -19.9 6.5 23.59808 -19.9 5 24 -19.9 5.776439 23.89771 -19.9 6.5 23.59808 -18.7 7.94913 22.76142 -18.7 3.910768 23.79496 -18.7 2.136919 21.89597 -19.9 0 22 -19.9 1.069725 21.97398 -19.9 2.136919 21.89597 -18.7 3.900156 20.99558 -19.9 0 18 -19.9 -14.07211 16.9108 -19.9 -12.81975 17.87846 -18.7 5 19.9 -19.9 -15.59231 8.993051 -19.9 -21.63372 3.997764 -19.9 -21.42429 5 -18.7 -9.019395 15.57722 -19.9 -17.99999 -0.004763364 -19.9 -21.63372 3.997764 -18.7 -21.53468 4.500826 -18.7 9.512219 -17.38267 -19.9 9.000271 -18.61955 -19.9 -20.26222 -1.236876 -19.9 -19.75027 0 -19.9 9.000271 18.61955 -19.9 9.512219 17.38267 -19.9 17.74824 -3 -21.6 5 19.9 -18.7 6.099844 21.00442 -19.9 6.1 21 -18.7 9.512219 19.85642 -19.9 3.9 21 -18.7 5 22.1 -18.7 4 -19.88197 -18.7 4 -22.11804 -18.7 4 -21 -18.7 4.732547 -19.52404 -18.7 9.512219 -19.85642 -19.9 5.535187 -19.59886 -19.9 6 -19.88197 -19.9 5.543726 -19.60202 -18.7 6 -19.88197 -18.7 5.783705 -19.72101 -18.7 6 -22.11804 -18.7 6 -20.39231 -18.7 6 -21 -18.7 5 -22.49975 -18.7 10.75 20.36955 -20.4 9.512534 19.85695 -20.4 12.5 18.61958 -20.4 11.98743 19.85699 -20.4 11.98747 17.38214 -20.4 10.75 16.86955 -20.4 9 18.61952 -20.4 9.512574 17.3821 -20.4 -21.5 1.75 -20.4 -22.73747 1.237407 -20.4 -19.75 2.94115e-5 -20.4 -20.26257 1.237447 -20.4 -20.26253 -1.237406 -20.4 -21.5 -1.75 -20.4 -23.25 -2.93968e-5 -20.4 -22.73743 -1.237447 -20.4 10.75 -16.86955 -20.4 9.512534 -17.38214 -20.4 12.5 -18.61952 -20.4 11.98743 -17.3821 -20.4 11.98747 -19.85695 -20.4 10.75 -20.36955 -20.4 9 -18.61958 -20.4 9.512574 -19.85699 -20.4 7.743399 -19.85359 -18.7 7.091237 -22.0274 -18.7 8.467797 -23.06832 -18.7 13.32201 -16.63277 -18.7 15.08013 -16.11955 -18.7 12.80507 -14.95307 -18.7 14.01259 -14.27051 -18.7 14.01259 -14.27051 -18.2 21.00387 15.53183 -18.7 20.36994 -16.89129 -18.7 16.12867 -31.13436 -18.7 15.67639 -19.47437 -18.7 21.27576 15.65861 -18.7 23.47337 10.94581 -18.7 21.27576 -15.65861 -18.7 21.00387 -15.53183 -18.7 15.6725 -17.74466 -18.7 12.80508 14.953 -18.7 14.01259 14.27051 -18.7 15.08013 16.11955 -18.2 15.08013 16.11955 -18.7 20.33674 17.65583 -18.7 20.36994 16.89129 -18.7 13.32201 16.63277 -18.7 16.12867 31.13436 -18.7 7.743399 19.85359 -18.7 7.091237 22.0274 -18.7 8.467797 23.06832 -18.7 2.076531 32.9346 -18.7 -16.80522 30.96419 -18.7 1.03878 32.98365 -18.7 0 33 -18.7 -8.464034 32.48912 -18.7 -21.5 3.25 -18.7 -21.28221 3.242694 -18.7 -21.06541 3.220812 -18.7 -19.36492 5 -18.7 -21.5 5 -18.2 -21.5 5 -18.7 -17.49628 30.57955 -18.7 -17.89565 29.89691 -18.7 -19.41408 27.62725 -18.7 4.291172 -20.29472 -18.7 5 -20 -18.7 5.352331 -19.27051 -18.7 5.710344 -20.29633 -18.7 4.79916 -18.38391 -18.7 6.419873 -21.11955 -18.7 6.547142 -18.56603 -18.7 5.708828 -21.70528 -18.7 5 -20 -20.3 6 -21 -20.3 11.73972 19.60927 -19.9 10.75 19.71955 -19.6 10.75 20.01955 -19.9 9.972183 19.39736 -19.6 11.6097 18.61898 -19.9 9.760275 19.60927 -19.9 10.75 19.47955 -19.9 11.52782 19.39736 -19.6 10.75 19.71955 -18.15 9.65 18.61955 -18.15 12.15 18.61955 -19.9 11.85 18.61955 -19.6 11.73972 17.62982 -19.9 11.52782 17.84173 -19.6 11.85 18.61955 -18.15 10.75 17.21955 -19.9 10.75 17.51955 -19.6 9.760275 17.62982 -19.9 9.972183 17.84173 -19.6 10.75 17.51955 -18.15 10.75 17.75955 -19.9 9.890297 18.62012 -19.9 9.350001 18.61955 -19.9 9.65 18.61955 -19.6 10.75 17.76955 -17.9 11.6 18.61955 -17.9 9.9 18.61955 -17.9 10.75 19.46955 -17.9 11.73972 -17.62982 -19.9 10.75 -17.51955 -19.6 10.75 -17.21955 -19.9 9.972183 -17.84173 -19.6 11.6097 -18.62012 -19.9 9.760275 -17.62982 -19.9 10.75 -17.75955 -19.9 11.52782 -17.84173 -19.6 10.75 -17.51955 -18.15 9.972183 -17.84173 -18.15 12.15 -18.61955 -19.9 11.85 -18.61955 -19.6 11.52782 -17.84173 -18.15 11.73972 -19.60927 -19.9 11.52782 -19.39736 -19.6 11.85 -18.61955 -18.15 10.75 -20.01955 -19.9 10.75 -19.71955 -19.6 11.52782 -19.39736 -18.15 9.760275 -19.60927 -19.9 9.972183 -19.39736 -19.6 10.75 -19.71955 -18.15 10.75 -19.47955 -19.9 9.890297 -18.61898 -19.9 9.350001 -18.61955 -19.9 9.65 -18.61955 -19.6 9.972183 -19.39736 -18.15 9.65 -18.61955 -18.15 10.14896 -18.01851 -17.9 10.75 -17.76955 -17.9 10.75 -19.46955 -17.9 11.35104 -19.22059 -17.9 10.14896 -19.22059 -17.9 9.9 -18.61955 -17.9 11.6 -18.61955 -17.9 11.35104 -18.01851 -17.9 -20.51028 0.9897254 -19.9 -21.5 1.1 -19.6 -21.5 1.4 -19.9 -22.27782 0.7778174 -19.6 -20.6403 -5.6863e-4 -19.9 -22.48973 0.9897253 -19.9 -21.5 0.86 -19.9 -20.72218 0.7778175 -19.6 -21.5 1.1 -18.15 -22.27782 0.7778175 -18.15 -20.1 0 -19.9 -20.4 0 -19.6 -20.72218 0.7778175 -18.15 -20.51028 -0.9897253 -19.9 -20.72218 -0.7778174 -19.6 -20.4 0 -18.15 -21.5 -1.4 -19.9 -21.5 -1.1 -19.6 -20.72218 -0.7778174 -18.15 -22.48973 -0.9897254 -19.9 -22.27782 -0.7778175 -19.6 -21.5 -1.1 -18.15 -21.5 -0.86 -19.9 -22.3597 5.6863e-4 -19.9 -22.9 0 -19.9 -22.6 0 -19.6 -22.27782 -0.7778175 -18.15 -22.6 0 -18.15 -22.10104 0.6010408 -17.9 -21.5 0.85 -17.9 -21.5 -0.85 -17.9 -20.89896 -0.6010408 -17.9 -22.10104 -0.6010408 -17.9 -22.35 0 -17.9 -20.65 0 -17.9 -20.89896 0.6010408 -17.9 10.75 17.01599 -20.75355 11.63393 17.73612 -20.9 9.5 18.61894 -20.9 9.866947 17.73524 -20.9 10.75 17.36955 -20.9 9.866065 19.50298 -20.9 10.75 20.2231 -20.75355 10.45 17.61955 -20.9 11.05 17.61955 -20.9 9.75 18.31955 -20.9 10.45 18.31955 -20.9 9.75 18.91955 -20.9 10.75 19.86955 -20.9 10.45 19.61955 -20.9 11.05 19.61955 -20.9 11.63305 19.50386 -20.9 11.75 18.31955 -20.9 12 18.62016 -20.9 11.75 18.91955 -20.9 11.05 18.91955 -20.9 11.05 19.61955 -20.4 10.45 19.61955 -20.4 11.05 18.91955 -20.4 11.75 18.91955 -20.4 11.05 18.31955 -20.9 11.75 18.31955 -20.4 11.05 18.31955 -20.4 11.05 17.61955 -20.4 10.45 17.61955 -20.4 10.45 18.31955 -20.4 9.75 18.31955 -20.4 10.45 18.91955 -20.9 9.75 18.91955 -20.4 10.45 18.91955 -20.4 10.75 19.33813 -19.84142 11.41 18.61953 -19.7 10.09 18.61956 -19.7 10.75 19.27955 -19.7 10.75 17.90097 -19.84142 10.75 17.95955 -19.7 10.75 17.95955 -12.9 10.09 18.61924 -12.9 11.41 18.61985 -12.9 10.75 19.27955 -12.9 -21.5 -1.603553 -20.75355 -20.61606 -0.8834312 -20.9 -22.75 -6.10619e-4 -20.9 -22.38305 -0.8843099 -20.9 -21.5 -1.25 -20.9 -22.38394 0.8834312 -20.9 -21.5 1.603553 -20.75355 -21.8 -1 -20.9 -21.2 -1 -20.9 -22.5 -0.3 -20.9 -21.8 -0.3 -20.9 -22.5 0.3 -20.9 -21.5 1.25 -20.9 -21.8 1 -20.9 -21.2 1 -20.9 -20.61695 0.8843099 -20.9 -20.5 -0.3 -20.9 -20.25 6.10619e-4 -20.9 -20.5 0.3 -20.9 -21.2 0.3 -20.9 -21.2 1 -20.4 -21.8 1 -20.4 -21.2 0.3 -20.4 -20.5 0.3 -20.4 -21.2 -0.3 -20.9 -20.5 -0.3 -20.4 -21.2 -0.3 -20.4 -21.2 -1 -20.4 -21.8 -1 -20.4 -21.8 -0.3 -20.4 -22.5 -0.3 -20.4 -21.8 0.3 -20.9 -22.5 0.3 -20.4 -21.8 0.3 -20.4 -21.5 0.7185786 -19.84142 -20.84 -1.52249e-5 -19.7 -22.16 1.52249e-5 -19.7 -21.5 0.66 -19.7 -21.5 -0.7185786 -19.84142 -21.5 -0.66 -19.7 -21.5 -0.66 -12.9 -22.16 -3.02402e-4 -12.9 -20.84 3.02402e-4 -12.9 -21.5 0.66 -12.9 10.75 -20.2231 -20.75355 11.63393 -19.50298 -20.9 9.5 -18.62016 -20.9 9.866947 -19.50386 -20.9 10.75 -19.86955 -20.9 9.866065 -17.73612 -20.9 10.75 -17.01599 -20.75355 10.45 -19.61955 -20.9 11.05 -19.61955 -20.9 9.75 -18.91955 -20.9 10.45 -18.91955 -20.9 9.75 -18.31955 -20.9 10.75 -17.36955 -20.9 10.45 -17.61955 -20.9 11.05 -17.61955 -20.9 11.63305 -17.73524 -20.9 11.75 -18.91955 -20.9 12 -18.61894 -20.9 11.75 -18.31955 -20.9 11.05 -18.31955 -20.9 11.05 -17.61955 -20.4 10.45 -17.61955 -20.4 11.05 -18.31955 -20.4 11.75 -18.31955 -20.4 11.05 -18.91955 -20.9 11.75 -18.91955 -20.4 11.05 -18.91955 -20.4 11.05 -19.61955 -20.4 10.45 -19.61955 -20.4 10.45 -18.91955 -20.4 9.75 -18.91955 -20.4 10.45 -18.31955 -20.9 9.75 -18.31955 -20.4 10.45 -18.31955 -20.4 10.75 -17.90097 -19.84142 11.41 -18.61956 -19.7 10.09 -18.61953 -19.7 10.75 -17.95955 -19.7 10.75 -19.33813 -19.84142 10.75 -19.27955 -19.7 10.75 -19.27955 -12.9 10.09 -18.61985 -12.9 11.41 -18.61924 -12.9 10.75 -17.95955 -12.9 5.41694 -3.117394 -8.100001 0 -6.25 1.9 0 -6.25 -8.100001 -5.41694 -3.117394 1.9 1.276805 -7.803553 -8.100001 0 -7.250283 -8.100001 5.410295 -3.128953 1.9 6.249981 -0.0132215 1.9 5.4 -0.8 1.9 5.410295 3.128953 -8.100001 5.41694 3.117394 1.9 5.699884 0.4987778 1.9 5.4 0.2 1.9 -6.249981 0.0132215 1.9 -5.4 -0.2 1.9 5.699884 -0.5012222 1.9 5.4 -0.2 1.9 0 6.25 -8.100001 0 6.25 1.9 -5.410295 3.128953 1.9 -5.4 0.8 1.9 5.4 0.8 1.9 -5.41694 3.117394 -8.100001 0.9 9 -8.100001 -1.2 9.300001 -8.100001 -0.9 9 -8.100001 6.0445 4.5 -8.100001 1.2 11.43722 -8.100001 -6.0445 4.5 -8.100001 -6.556447 5.736876 -8.100001 -6.556447 3.263123 -8.100001 -7.794229 2.75 -8.100001 -1.276805 -7.803553 -8.100001 6.556447 5.736876 -8.100001 7.794229 6.25 -8.100001 7.794229 6.25 -7.6 8.545423 7.695697 -8.100001 9.032011 5.736876 -8.100001 9.031696 5.737407 -7.6 6.044229 4.50003 -7.6 6.556802 5.737447 -7.6 6.556447 3.263123 -8.100001 6.556761 3.262593 -7.6 7.794229 2.75 -8.100001 9.032011 3.263123 -8.100001 7.794229 2.75 -7.6 11.5 0 -8.100001 9.543958 4.5 -8.100001 9.544229 4.49997 -7.6 9.031656 3.262553 -7.6 -8.545382 7.695743 -8.100001 -9.032011 5.736876 -8.100001 -7.794229 6.25 -8.100001 -7.794229 6.25 -7.6 -6.556761 5.737407 -7.6 -11.5 0 -8.100001 -9.543958 4.5 -8.100001 -9.544229 4.50003 -7.6 -9.031656 5.737447 -7.6 -9.032011 3.263123 -8.100001 -9.031696 3.262593 -7.6 -7.794229 2.75 -7.6 -6.044229 4.49997 -7.6 -6.556802 3.262553 -7.6 -1.110231 -10.35273 -8.100001 -1.686619 -9.466708 -7.6 -1.2 11.43722 -8.100001 -1.2 9.300001 -9.100001 1.647702 -8.410443 -7.6 1.007683 -7.56924 -7.6 0 -7.25 -7.6 -1.647693 -8.410417 -7.6 -1.007653 -7.569219 -7.6 4.419417 -4.419417 -11.1 6.25 0 -11.1 6.25 0 -12.1 5.410295 3.128953 -13.6 0 -6.25 -11.1 4.419417 -4.419417 -12.1 0 -6.25 -12.1 0 6.25 -11.1 0 6.25 -12.1 0 6.25 -13.6 -4.419417 4.419417 -11.1 -4.419417 4.419417 -12.1 -6.25 0 -12.1 -6.25 0 -11.1 -5.410295 -3.128953 -13.6 -5.41694 3.117394 -13.6 5.41694 -3.117394 -13.6 1.763366 1.772152 -13.6 -0.001222729 2.499995 -13.6 0 -6.25 -13.6 0.001222729 -2.499995 -13.6 1.768802 -1.766728 -13.6 2.5 0 -13.6 -1.763366 -1.772152 -13.6 -2.5 0 -13.6 -1.768802 1.766728 -13.6 2.5 0 -16.1 1.768802 1.766728 -16.1 1.763366 -1.772152 -16.1 -0.001222729 -2.499995 -16.1 -1.768802 -1.766728 -16.1 -2.5 0 -16.1 -1.763366 1.772152 -16.1 0.001222729 2.499995 -16.1 -5.699884 -0.4987778 1.9 -5.699884 0.5012222 1.9 -5.4 0.2 1.9 -5.4 -0.8 1.9 5.100116 0.5012222 1.9 -5.100116 0.4987778 1.9 -5.4 0.2 4.9 -5.699884 0.4987778 4.9 -5.100116 0.5012222 4.9 -5.4 0.8 4.9 5.4 -0.8 4.9 5.100116 -0.4987778 1.9 5.100116 -0.5012222 4.9 5.699884 -0.4987778 4.9 -5.100116 -0.5012222 1.9 5.4 -0.2 4.9 5.4 0.2 4.9 5.100116 0.4987778 4.9 5.699884 0.5012222 4.9 5.4 0.8 4.9 -5.4 -0.8 4.9 -5.699884 -0.5012222 4.9 -5.100116 -0.4987778 4.9 -5.4 -0.2 4.9 7.794229 2.896447 -7.246447 6.910294 3.616569 -7.1 9.044229 4.499389 -7.1 8.677283 3.61569 -7.1 7.794229 3.25 -7.1 8.678164 5.383431 -7.1 7.794229 6.103553 -7.246447 8.094229 3.5 -7.1 7.494229 3.5 -7.1 8.794229 4.2 -7.1 8.094229 4.2 -7.1 8.794229 4.8 -7.1 7.794229 5.75 -7.1 8.094229 5.5 -7.1 7.494229 5.5 -7.1 6.911175 5.38431 -7.1 6.794229 4.2 -7.1 6.544229 4.500611 -7.1 6.794229 4.8 -7.1 7.494229 4.8 -7.1 7.494229 5.5 -7.6 8.094229 5.5 -7.6 7.494229 4.8 -7.6 6.794229 4.8 -7.6 7.494229 4.2 -7.1 6.794229 4.2 -7.6 7.494229 4.2 -7.6 7.494229 3.5 -7.6 8.094229 3.5 -7.6 8.094229 4.2 -7.6 8.794229 4.2 -7.6 8.094229 4.8 -7.1 8.794229 4.8 -7.6 8.094229 4.8 -7.6 -7.794229 2.896447 -7.246447 -8.678164 3.616569 -7.1 -6.544229 4.499389 -7.1 -6.911175 3.61569 -7.1 -7.794229 3.25 -7.1 -6.910294 5.383431 -7.1 -7.794229 6.103553 -7.246447 -7.494229 3.5 -7.1 -8.094229 3.5 -7.1 -6.794229 4.2 -7.1 -7.494229 4.2 -7.1 -6.794229 4.8 -7.1 -7.794229 5.75 -7.1 -7.494229 5.5 -7.1 -8.094229 5.5 -7.1 -8.677283 5.38431 -7.1 -8.794229 4.2 -7.1 -9.044229 4.500611 -7.1 -8.794229 4.8 -7.1 -8.094229 4.8 -7.1 -8.094229 5.5 -7.6 -7.494229 5.5 -7.6 -8.094229 4.8 -7.6 -8.794229 4.8 -7.6 -8.094229 4.2 -7.1 -8.794229 4.2 -7.6 -8.094229 4.2 -7.6 -8.094229 3.5 -7.6 -7.494229 3.5 -7.6 -7.494229 4.2 -7.6 -6.794229 4.2 -7.6 -7.494229 4.8 -7.1 -6.794229 4.8 -7.6 -7.494229 4.8 -7.6 1.25 -9.000611 -7.1 0.883935 -8.116569 -7.1 0 -7.396447 -7.246447 -0.8830536 -8.115691 -7.1 0 -7.75 -7.1 -1.25 -8.99939 -7.1 0.3 -10 -7.1 -0.3 -10 -7.1 1 -9.300001 -7.1 0.3 -9.300001 -7.1 1 -8.7 -7.1 0.3 -8 -7.1 -0.3 -8 -7.1 -1 -9.300001 -7.1 -1 -8.7 -7.1 -0.3 -8.7 -7.1 -0.3 -8 -7.6 0.3 -8 -7.6 -0.3 -8.7 -7.6 -1 -8.7 -7.6 -0.3 -9.300001 -7.1 -1 -9.300001 -7.6 -0.3 -9.300001 -7.6 0.3 -10 -7.6 -0.3 -10 -7.6 0.3 -9.300001 -7.6 1 -9.300001 -7.6 0.3 -8.7 -7.1 1 -8.7 -7.6 0.3 -8.7 -7.6 3.5 -28.25 -2.2 6.25 -28.06243 -2.2 4.737782 -27.73688 -2.2 6.25 -24.5 -2.2 -0.7071158 -26.70709 -2.2 -11.00592 -26.55997 -2.2 0 -28.75 -3.8 0 -27 -2.2 2.262218 -27.73688 -2.2 9 -21.75 -2.2 -20.32788 -20.33075 -2.2 0 -24 -2.2 -0.7070907 -24.29289 -2.2 -1 -25 -2.2 -1 -26 -2.2 -9.65 -11.05 -2.2 -26.56161 -11.00195 -2.2 -20.33969 -20.31894 -3.8 -8.050001 -18.45 -2.2 -9.65 -18.45 -2.2 -9.65 -18.05 -2.2 -8.050001 -17.45 -2.2 -9.65 -17.45 -2.2 -9.65 -17.05 -2.2 -8.050001 -16.45 -2.2 -9.65 -16.45 -2.2 -9.65 -16.05 -2.2 -9.65 -15.45 -2.2 -9.65 -15.05 -2.2 -9.65 -14.45 -2.2 -9.65 -14.05 -2.2 -9.65 -13.45 -2.2 -9.65 -13.05 -2.2 -9.65 -12.45 -2.2 -9.65 -12.05 -2.2 -9.65 -11.45 -2.2 -28.5 -0.3 -2.2 -28.74998 0.02306413 -2.2 -5.65 -10.95 -2.2 -9.65 -10.45 -2.2 -9.65 -10.05 -2.2 -7.25 -9.550001 -2.2 -8.050001 -10.45 -2.2 -7.25 -10.55 -2.2 -9.65 -9.45 -2.2 -9.65 -9.050001 -2.2 -7.25 -8.550001 -2.2 -8.050001 -9.45 -2.2 -9.65 -8.45 -2.2 -9.65 -8.050001 -2.2 -7.25 -7.55 -2.2 -8.050001 -8.45 -2.2 -7.25 -10.95 -2.2 -5.847512 -3.371487 -2.2 -25.5 -3.3 -2.2 -27.62132 -2.42132 -2.2 -27.62132 1.82132 -2.2 -26.55529 11.01719 -2.2 9 14 -2.2 -20.33969 20.31894 -2.2 8 13 -2.2 0 6.75 -2.2 -25.5 2.7 -2.2 -1.049851 26.00422 -2.2 -11.02538 26.5519 -2.2 -20.32788 20.33075 -3.8 7.055557 22.55556 -2.2 6.25 24.5 -2.2 3.5 24.75 -2.2 9 21.75 -2.2 0 24.95 -2.2 0 28.75 -2.2 -11.00592 26.55997 -3.8 3.5 28.25 -2.2 0 27.05 -2.2 2.262218 27.73688 -2.2 4.737782 25.26313 -2.2 4.737782 27.73688 -2.2 5.249729 26.5 -2.2 9 21.75 -3.8 8 13 -3.8 9 14 -3.8 8 4 -2.2 5.847512 3.371487 -2.2 9 3 -2.2 9 3 -3.8 8 4 -3.8 5.845664 -3.374617 -2.2 7.055557 -22.55556 -2.2 9 -21.75 -3.8 -5.65 -17.95 -2.2 0.7071158 -24.29291 -2.2 7.055557 -22.55556 -3.8 3.5 -24.75 -2.2 4.737782 -25.26312 -2.2 5.249729 -26.5 -2.2 -9.65 -18.05 -2.1 -8.050001 -18.05 -2.2 -8.050001 -18.05 -2.1 -7.25 -17.55 -2.2 -7.25 -17.95 -2.2 -9.65 -18.45 -2.1 -8.050001 -18.45 -2.1 -9.65 -17.05 -2.1 -5.65 -16.95 -2.2 -8.050001 -17.05 -2.2 -8.050001 -17.05 -2.1 -7.25 -16.55 -2.2 -7.25 -16.95 -2.2 -9.65 -17.45 -2.1 -8.050001 -17.45 -2.1 -9.65 -16.05 -2.1 -5.65 -15.95 -2.2 -8.050001 -16.05 -2.2 -8.050001 -16.05 -2.1 -8.050001 -15.45 -2.2 -7.25 -15.55 -2.2 -7.25 -15.95 -2.2 -9.65 -16.45 -2.1 -8.050001 -16.45 -2.1 -9.65 -15.05 -2.1 -5.65 -14.95 -2.2 -8.050001 -15.05 -2.2 -8.050001 -15.05 -2.1 -8.050001 -14.45 -2.2 -7.25 -14.55 -2.2 -7.25 -14.95 -2.2 -9.65 -15.45 -2.1 -8.050001 -15.45 -2.1 -9.65 -14.05 -2.1 -5.65 -13.95 -2.2 -8.050001 -14.05 -2.2 -8.050001 -14.05 -2.1 -8.050001 -13.45 -2.2 -7.25 -13.55 -2.2 -7.25 -13.95 -2.2 -9.65 -14.45 -2.1 -8.050001 -14.45 -2.1 -9.65 -13.05 -2.1 -5.65 -12.95 -2.2 -8.050001 -13.05 -2.2 -8.050001 -13.05 -2.1 -8.050001 -12.45 -2.2 -7.25 -12.55 -2.2 -7.25 -12.95 -2.2 -9.65 -13.45 -2.1 -8.050001 -13.45 -2.1 -9.65 -12.05 -2.1 -5.65 -11.95 -2.2 -8.050001 -12.05 -2.2 -8.050001 -12.05 -2.1 -8.050001 -11.45 -2.2 -7.25 -11.55 -2.2 -7.25 -11.95 -2.2 -9.65 -12.45 -2.1 -8.050001 -12.45 -2.1 -9.65 -11.05 -2.1 -8.050001 -11.05 -2.2 -8.050001 -11.05 -2.1 -9.65 -11.45 -2.1 -8.050001 -11.45 -2.1 -9.65 -10.05 -2.1 -5.65 -9.95 -2.2 -8.050001 -10.05 -2.2 -8.050001 -10.05 -2.1 -7.25 -9.95 -2.2 -9.65 -10.45 -2.1 -8.050001 -10.45 -2.1 -9.65 -9.050001 -2.1 -5.65 -8.95 -2.2 -8.050001 -9.050001 -2.2 -8.050001 -9.050001 -2.1 -7.25 -8.95 -2.2 -9.65 -9.45 -2.1 -8.050001 -9.45 -2.1 -9.65 -8.050001 -2.1 -5.65 -7.95 -2.2 -8.050001 -8.050001 -2.2 -8.050001 -8.050001 -2.1 -7.25 -7.95 -2.2 -9.65 -8.45 -2.1 -8.050001 -8.45 -2.1 -7.25 -17.55 -2.1 -5.65 -17.55 -2.2 -5.65 -17.55 -2.1 -7.25 -17.95 -2.1 -5.65 -17.95 -2.1 -7.25 -16.55 -2.1 -5.65 -16.55 -2.2 -5.65 -16.55 -2.1 -7.25 -16.95 -2.1 -5.65 -16.95 -2.1 -7.25 -15.55 -2.1 -5.65 -15.55 -2.2 -5.65 -15.55 -2.1 -7.25 -15.95 -2.1 -5.65 -15.95 -2.1 -7.25 -14.55 -2.1 -5.65 -14.55 -2.2 -5.65 -14.55 -2.1 -7.25 -14.95 -2.1 -5.65 -14.95 -2.1 -7.25 -13.55 -2.1 -5.65 -13.55 -2.2 -5.65 -13.55 -2.1 -7.25 -13.95 -2.1 -5.65 -13.95 -2.1 -7.25 -12.55 -2.1 -5.65 -12.55 -2.2 -5.65 -12.55 -2.1 -7.25 -12.95 -2.1 -5.65 -12.95 -2.1 -7.25 -11.55 -2.1 -5.65 -11.55 -2.2 -5.65 -11.55 -2.1 -7.25 -11.95 -2.1 -5.65 -11.95 -2.1 -7.25 -10.55 -2.1 -5.65 -10.55 -2.2 -5.65 -10.55 -2.1 -7.25 -10.95 -2.1 -5.65 -10.95 -2.1 0 -6.75 -2.2 -7.25 -9.550001 -2.1 -5.65 -9.550001 -2.2 -5.65 -9.550001 -2.1 -7.25 -9.95 -2.1 -5.65 -9.95 -2.1 -7.25 -8.550001 -2.1 -5.65 -8.550001 -2.2 -5.65 -8.550001 -2.1 -7.25 -8.95 -2.1 -5.65 -8.95 -2.1 -7.25 -7.55 -2.1 -5.65 -7.55 -2.2 -5.65 -7.55 -2.1 -7.25 -7.95 -2.1 -5.65 -7.95 -2.1 5.847512 -3.371487 -3.8 5.845664 3.374617 -3.8 -5.845664 3.374617 -2.2 0 6.75 -3.8 -23.37868 -2.42132 -2.2 -22.5 -0.3 -2.2 -23.37868 1.82132 -2.2 2.262218 25.26313 -2.2 1.049851 25.99578 -2.2 -1.049851 25.99578 -3.8 1.750271 26.5 -2.2 1 -25 -2.2 2.262218 -25.26313 -2.2 1 -26 -2.2 0 -24 -3.8 -0.7071158 -24.29291 -3.8 -1 -26 -3.8 -1 -25 -3.8 -0.7070907 -26.70712 -3.8 1.750271 -26.5 -2.2 0.7070907 -26.70712 -2.2 3.5 28.25 -1.7 4.737467 27.73741 -1.7 1.75 26.50003 -1.7 2.262573 27.73745 -1.7 2.262533 25.26259 -1.7 3.5 24.75 -1.7 5.25 26.49997 -1.7 4.737426 25.26255 -1.7 3.5 -24.75 -1.7 4.737467 -25.26259 -1.7 1.75 -26.49997 -1.7 2.262573 -25.26255 -1.7 2.262533 -27.73741 -1.7 3.5 -28.25 -1.7 5.25 -26.50003 -1.7 4.737426 -27.73745 -1.7 -28.5 -0.3 0.8 -26.99493 2.300946 0.8 -27.00246 -2.89662 0.8 -24.00507 -2.900946 0.8 -22.5 -0.3 0.8 -23.99755 2.29662 0.8 3.5 24.89645 -1.346447 2.616065 25.61657 -1.2 4.75 26.49939 -1.2 4.383054 25.61569 -1.2 3.5 25.25 -1.2 4.383935 27.38343 -1.2 3.5 28.10355 -1.346447 3.8 25.5 -1.2 3.2 25.5 -1.2 4.5 26.2 -1.2 3.8 26.2 -1.2 4.5 26.8 -1.2 3.5 27.75 -1.2 3.8 27.5 -1.2 3.2 27.5 -1.2 2.616946 27.38431 -1.2 2.5 26.2 -1.2 2.25 26.50061 -1.2 2.5 26.8 -1.2 3.2 26.8 -1.2 3.2 27.5 -1.7 3.8 27.5 -1.7 3.2 26.8 -1.7 2.5 26.8 -1.7 3.2 26.2 -1.2 2.5 26.2 -1.7 3.2 26.2 -1.7 3.2 25.5 -1.7 3.8 25.5 -1.7 3.8 26.2 -1.7 4.5 26.2 -1.7 3.8 26.8 -1.2 4.5 26.8 -1.7 3.8 26.8 -1.7 3.5 -28.10355 -1.346447 2.616065 -27.38343 -1.2 4.75 -26.50061 -1.2 4.383054 -27.38431 -1.2 3.5 -27.75 -1.2 4.383935 -25.61657 -1.2 3.5 -24.89645 -1.346447 3.8 -27.5 -1.2 3.2 -27.5 -1.2 4.5 -26.8 -1.2 3.8 -26.8 -1.2 4.5 -26.2 -1.2 3.5 -25.25 -1.2 3.8 -25.5 -1.2 3.2 -25.5 -1.2 2.616946 -25.61569 -1.2 2.5 -26.8 -1.2 2.25 -26.49939 -1.2 2.5 -26.2 -1.2 3.2 -26.2 -1.2 3.2 -25.5 -1.7 3.8 -25.5 -1.7 3.2 -26.2 -1.7 2.5 -26.2 -1.7 3.2 -26.8 -1.2 2.5 -26.8 -1.7 3.2 -26.8 -1.7 3.2 -27.5 -1.7 3.8 -27.5 -1.7 3.8 -26.8 -1.7 4.5 -26.8 -1.7 3.8 -26.2 -1.2 4.5 -26.2 -1.7 3.8 -26.2 -1.7 -23.90956 -1.891469 3.2 -23.2499 -4.197029 3.2 -21 -0.3 3.2 -21 -0.3 0.8 -23.25 -0.3 3.2 -23.25187 3.598163 3.2 -23.2499 3.597029 0.8 -25.49591 -2.549959 3.2 -27.74813 -4.198163 3.2 -23.25187 -4.198163 0.8 -27.75 -0.3 3.2 -30 -0.3 3.2 -27.7501 -4.197029 0.8 -27.09071 -1.891205 3.2 -27.09044 1.291469 3.2 -27.7501 3.597029 3.2 -30 -0.3 0.8 -25.50409 1.949959 3.2 -27.74813 3.598163 0.8 -23.90929 1.291205 3.2 -23.25 -0.3 -0.8 -23.90929 -1.891205 -0.8 -23.90956 1.291469 -0.8 -25.49591 1.949959 -0.8 -27.09071 1.291205 -0.8 -27.75 -0.3 -0.8 -27.09044 -1.891469 -0.8 -25.50409 -2.549959 -0.8 -26.6 -0.3 -1.1 -25.5 -1.4 -1.1 -26.27782 -1.077817 -1.1 -25.5 0.8 -1.1 -26.27782 0.4778174 -1.1 -24.4 -0.3 -1.1 -24.72218 0.4778174 -1.1 -24.72218 -1.077817 -1.1 -26.9 -0.3 -0.8 -26.48973 -1.289725 -0.8 -26.48973 0.6897253 -0.8 -25.5 1.1 -0.8 -24.51028 0.6897253 -0.8 -24.1 -0.3 -0.8 -24.51028 -1.289725 -0.8 -26.3597 -0.3005686 -0.8 -25.5 0.56 -0.8 -24.6403 -0.2994314 -0.8 -25.5 -1.7 -0.8 -25.5 -1.16 -0.8 -26.73778 0.9368765 -0.8 -27.24973 -0.3 -0.8 -25.5 1.45 -0.8 -23.75027 -0.3 -0.8 -24.26222 0.9368765 -0.8 -24.26222 -1.536876 -0.8 -25.5 -2.05 -0.8 -26.73778 -1.536876 -0.8 -25.5 1.45 -0.3 -24.26253 0.9374065 -0.3 -27.25 -0.2999706 -0.3 -26.73743 0.9374473 -0.3 -26.73747 -1.537407 -0.3 -25.5 -2.05 -0.3 -23.75 -0.3000294 -0.3 -24.26257 -1.537447 -0.3 -25.5 -1.903553 0.05355334 -26.38394 -1.183431 0.2 -24.25 -0.3006106 0.2 -24.61695 -1.18431 0.2 -25.5 -1.55 0.2 -24.61606 0.5834312 0.2 -25.5 1.303553 0.05355334 -25.2 -1.3 0.2 -25.8 -1.3 0.2 -24.5 -0.6 0.2 -25.2 -0.6 0.2 -24.5 0 0.2 -25.5 0.95 0.2 -25.2 0.7 0.2 -25.8 0.7 0.2 -26.38305 0.5843099 0.2 -26.5 -0.6 0.2 -26.75 -0.2993894 0.2 -26.5 0 0.2 -25.8 0 0.2 -25.8 0.7 -0.3 -25.2 0.7 -0.3 -25.8 0 -0.3 -26.5 0 -0.3 -25.8 -0.6 0.2 -26.5 -0.6 -0.3 -25.8 -0.6 -0.3 -25.8 -1.3 -0.3 -25.2 -1.3 -0.3 -25.2 -0.6 -0.3 -24.5 -0.6 -0.3 -25.2 0 0.2 -24.5 0 -0.3 -25.2 0 -0.3 -25.5 0.4185786 -0.8585786 -26.16 -0.3000152 -1 -24.84 -0.2999848 -1 -25.5 0.36 -1 -25.5 -1.018579 -0.8585786 -25.5 -0.96 -1 -25.5 -0.96 -7.8 -24.84 -0.3003024 -7.8 -26.16 -0.2996976 -7.8 -25.5 0.36 -7.8 39.26222 -5.655738 -28.9 40.15868 -4.75575 -29.1 40.15868 -4.75575 -28.9 39.26222 -3.855762 -29.1 39.9002 -10.56555 -28.9 43 0 -28.9 43.9 12.0179 -28.9 39.25514 -3.855762 -28.9 39.25514 -5.655738 -29.1 38.35868 -4.75575 -28.9 38.35868 -4.75575 -29.1 33.8 0 -28.9 37.7 1.8 -28.9 39.1 1.8 -28.9 47.4952 2.600746 -28.9 46 11.89994 -28.9 48.1 11.71324 -28.9 47.34719 11.82354 -27.44425 48.1 12.0179 -28.9 55.33969 7.8492 -28.9 49 0 -28.9 48.1 11.71324 -25.9 44.49934 2.597568 -28.9 43.9 11.71324 -28.9 45.35 11.88224 -27.40107 46.65 11.88224 -27.39894 46 11.89994 -25.9 47 11.85791 -27.75 43.9 12.0179 -25.9 44.65281 11.82354 -27.35573 43.9 11.71324 -25.9 44.72932 11.832 -27.62189 45 11.85791 -27.75 37.7 2.1 -28.9 36.6603 7.8492 -28.9 39.1 2.1 -28.9 37.3733 8.626703 -17.5 33.8 0 -17.5 47.50065 -2.597568 -28.9 52.09416 -10.56879 -28.9 46 -12.2 -17.5 44.5048 -2.600746 -28.9 37.3733 -8.626703 -17.5 54.3 -2.1 -28.9 58.2 0 -28.9 54.6267 -8.626703 -17.5 52.9 -1.8 -28.9 52.9 -2.1 -28.9 58.2 0 -17.5 54.6267 8.626703 -17.5 54.3 -1.8 -28.9 48.1 12.0179 -25.9 37.7 2.1 -29.1 37.7 1.8 -29.1 39.1 2.1 -29.1 39.1 1.8 -29.1 49 0 -29.3 48.12132 2.12132 -29.3 46 -3 -29.3 48.12132 -2.12132 -29.3 43.87868 -2.12132 -29.3 43 0 -29.3 46 3 -29.3 43.87868 2.12132 -29.3 52.9 -1.8 -29.1 52.9 -2.1 -29.1 54.3 -1.8 -29.1 54.3 -2.1 -29.1 46 12.19995 -25.9 47.27069 11.832 -27.17813 47 11.85791 -27.05 45 11.85791 -27.05 47 12.45994 -27.05 46.65 12.4831 -27.40002 47.35 12.42694 -27.39999 47 12.45994 -27.75 45 12.45994 -27.75 45.35 12.4831 -27.39999 44.65 12.42694 -27.40002 45 12.45994 -27.05 46 12.2 -17.5 56.21934 5.899075 -16.7 56.21934 -5.899075 -16.7 46 12.09443 -17.05279 35.78066 5.899075 -16.7 46 11.8 -16.7 35.78066 -5.899075 -16.7 46 -12.09443 -17.05279 46 -11.8 -16.7 48.81412 1.625391 -16.5 47.61282 2.792617 -16.5 49.225 0 -16.5 49.225 0 -15.7 49.24974 0 -16.5 47.60804 -2.795407 -16.5 47.6125 -2.792932 -15.7 47.62435 2.814868 -16.5 44.39196 2.795407 -16.5 47.6125 2.792932 -15.7 42.75026 0 -16.5 42.775 0 -16.5 44.3875 2.792932 -15.7 44.37565 2.814868 -16.5 43.18588 1.625391 -16.5 43.18588 -1.625391 -16.5 44.38718 -2.792617 -16.5 42.775 0 -15.7 44.37565 -2.814868 -16.5 44.3875 -2.792932 -15.7 48.81412 -1.625391 -16.5 47.62435 -2.814868 -16.5 46.94967 -8.25 -16.5 46.85 -8.25 -16.5 46 -9.100001 -16.5 46 -9.100001 -15.5 46 -9.2 -16.5 45.15 -8.250838 -16.5 45.15002 -8.248482 -15.5 46 -7.3 -16.5 46 -7.4 -16.5 46.84998 -8.251519 -15.5 45.05033 -8.25 -16.5 46 -7.4 -15.5 46.94967 8.25 -16.5 46.85 8.250838 -16.5 46 7.4 -16.5 46 7.4 -15.5 46 7.3 -16.5 45.15 8.25 -16.5 45.15002 8.251519 -15.5 46 9.2 -16.5 46 9.100001 -16.5 46.84998 8.248482 -15.5 45.05033 8.25 -16.5 46 9.100001 -15.5 46 3.25 -16.5 46 3.25 -14.7 44.36202 2.807038 -14.7 48.8122 1.629093 -14.7 48.82505 -1.606694 -14.7 47.63798 -2.807038 -14.7 46 -3.25 -16.5 46 -3.25 -14.7 43.1878 -1.629093 -14.7 43.17494 1.606694 -14.7 46 9.2 -15.7 45.05037 8.24613 -15.7 46.94963 8.25387 -15.7 46 7.3 -15.7 46 -7.3 -15.7 45.05037 -8.25387 -15.7 46.94963 -8.24613 -15.7 46 -9.2 -15.7 49.025 0 -15.5 47.51311 -2.619244 -15.5 47.50772 2.62238 -15.5 44.48689 2.619244 -15.5 42.975 0 -15.5 44.49227 -2.62238 -15.5 45 0 -15.5 47 0 -15.5 45.99607 -0.9999865 -15.5 46.00393 0.9999865 -15.5 47 0 -13.4 46 -1 -13.4 46.70711 -0.7071068 -13.4 46 1 -13.4 46.70711 0.7071068 -13.4 45 0 -13.4 45.29289 0.7071068 -13.4 45.29289 -0.7071068 -13.4 47.19999 0.001933753 -13.6 46 -1.2 -13.6 46 1.2 -13.6 44.80001 -0.001933753 -13.6 46.70711 0.7071068 -9.800001 47 0 -9.7 47 0 -9.800001 46.70711 -0.7071068 -9.7 46 1.2 -9.600001 46.70711 -0.7071068 -9.800001 47.19999 -0.001933753 -9.600001 46.70711 0.7071068 -9.7 46.79999 0.003147304 -9.5 46 -0.8 -9.5 46 1 -9.800001 46 1 -9.7 45.29289 0.7071068 -9.800001 45.29289 0.7071068 -9.7 46 0.9414213 -9.558579 45 0 -9.800001 45 0 -9.7 46 0.8 -9.5 45.29289 -0.7071068 -9.800001 45.29289 -0.7071068 -9.7 45.20001 -0.003147304 -9.5 44.80001 0.001933753 -9.600001 46 -1.2 -9.600001 46 -1 -9.800001 46 -1 -9.7 46 -0.9414213 -9.558579 46 12.5 -30.2 56.82834 6.244198 -30.2 46 12.5 -16.7 56.8264 6.247425 -16.7 35.17166 6.244198 -16.7 43.9947 12.33806 -30.2 44.01895 -1.97874 -29.5 43.2 0 -29.5 48.8 0 -29.5 47.98105 1.97874 -29.5 47.97495 -1.98483 -29.5 45.99861 -2.799994 -29.5 44.02505 1.98483 -29.5 46.00139 2.799994 -29.5 46.9 -8.25 -14.95079 47.53846 -8.25 -15.04932 47.22023 -8.25 -14.99361 47.08786 -7.162143 -15.04932 47.17183 -9.246816 -15.04932 47.20208 -7.047918 -15.24559 47.65442 -8.25 -15.11849 46.9 -8.149992 -14.95141 46.9 -8.45 -15.3 46.9 -8.350008 -14.95141 46.9 -8.050001 -14.9533 46.66848 -8.050001 -14.93049 46.9 -8.050001 -15.3 46.5 -8.050001 -14.91814 46.28786 -7.962125 -14.91037 46.5 -8.050001 -15.3 46 -6.711538 -15.04932 46.2 -7.75 -14.91814 46.28787 -7.962133 -15.3 46.2 -7.350001 -14.9533 46.2 -7.579153 -14.93068 46.2 -7.75 -15.3 46 -7.35 -14.95079 46.2 -7.35 -15.3 44.91214 -7.162143 -15.04932 45.79999 -7.35 -14.9533 45.8 -7.581519 -14.93049 45.8 -7.35 -15.3 45.8 -7.75 -14.91814 45.71212 -7.96214 -14.91037 45.8 -7.75 -15.3 44.46154 -8.25 -15.04932 45.5 -8.050001 -14.91814 45.71213 -7.96213 -15.3 45.1 -8.050001 -14.9533 45.32915 -8.050001 -14.93068 45.5 -8.050001 -15.3 45.1 -8.149992 -14.95141 45.1 -8.050001 -15.3 44.77977 -8.25 -14.99361 45.1 -8.25 -14.95079 44.93735 -9.36249 -15.04932 45.1 -8.350008 -14.95141 44.34558 -8.25 -15.11849 44.79792 -9.452082 -15.24559 44.79792 -7.047918 -15.24559 44.3 -8.25 -15.24559 46 -6.55 -15.24559 45.29978 -8.45 -14.93321 45.1 -8.45 -14.9533 45.1 -8.45 -15.3 45.5 -8.45 -14.91814 45.71488 -8.540659 -14.91037 45.5 -8.45 -15.3 45.8 -8.75 -14.91814 45.71213 -8.537867 -15.3 45.8 -8.950222 -14.93321 45.8 -8.75 -15.3 45.8 -9.15 -14.9533 46.07204 -9.786774 -15.04932 46 -9.15 -14.95079 45.8 -9.15 -15.3 46.2 -9.15 -14.9533 46.71936 -8.45 -14.93492 46.2 -8.950222 -14.93321 46.2 -9.15 -15.3 46.5 -8.45 -14.91814 46.2 -8.75 -14.91814 46.28787 -8.537869 -14.91037 46.2 -8.75 -15.3 46.28787 -8.537871 -15.3 46.5 -8.45 -15.3 46.9 -8.45 -14.9533 47.20208 -9.452082 -15.24559 47.7 -8.25 -15.24559 46 -9.95 -15.24559 47.7 -8.250018 -15.5 47.20326 -7.049123 -15.5 47.20224 -9.451891 -15.5 46 -9.95 -15.5 44.79674 -9.450877 -15.5 44.3 -8.249983 -15.5 44.79776 -7.048109 -15.5 46 -6.55 -15.5 46.9 8.25 -14.95079 47.53846 8.25 -15.04932 47.22023 8.25 -14.99361 47.08786 9.337857 -15.04932 47.17183 7.253184 -15.04932 47.20208 9.452082 -15.24559 47.65442 8.25 -15.11849 46.9 8.350008 -14.95141 46.9 8.050001 -15.3 46.9 8.149992 -14.95141 46.9 8.45 -14.9533 46.66848 8.45 -14.93049 46.9 8.45 -15.3 46.5 8.45 -14.91814 46.28786 8.537876 -14.91037 46.5 8.45 -15.3 46 9.788462 -15.04932 46.2 8.75 -14.91814 46.28787 8.537867 -15.3 46.2 9.149999 -14.9533 46.2 8.920847 -14.93068 46.2 8.75 -15.3 46 9.15 -14.95079 46.2 9.15 -15.3 44.91214 9.337857 -15.04932 45.79999 9.15 -14.9533 45.8 8.918481 -14.93049 45.8 9.15 -15.3 45.8 8.75 -14.91814 45.71212 8.537861 -14.91037 45.8 8.75 -15.3 44.46154 8.25 -15.04932 45.5 8.45 -14.91814 45.71213 8.537871 -15.3 45.1 8.45 -14.9533 45.32915 8.45 -14.93068 45.5 8.45 -15.3 45.1 8.350008 -14.95141 45.1 8.45 -15.3 44.77977 8.25 -14.99361 45.1 8.25 -14.95079 44.93735 7.13751 -15.04932 45.1 8.149992 -14.95141 44.34558 8.25 -15.11849 44.79792 7.047918 -15.24559 44.79792 9.452082 -15.24559 44.3 8.25 -15.24559 46 9.95 -15.24559 45.29978 8.050001 -14.93321 45.1 8.050001 -14.9533 45.1 8.050001 -15.3 45.5 8.050001 -14.91814 45.71488 7.959342 -14.91037 45.5 8.050001 -15.3 45.8 7.75 -14.91814 45.71213 7.962133 -15.3 45.8 7.549779 -14.93321 45.8 7.75 -15.3 45.8 7.35 -14.9533 46.07204 6.713226 -15.04932 46 7.35 -14.95079 45.8 7.35 -15.3 46.2 7.35 -14.9533 46.71936 8.050001 -14.93492 46.2 7.549779 -14.93321 46.2 7.35 -15.3 46.5 8.050001 -14.91814 46.2 7.75 -14.91814 46.28787 7.962131 -14.91037 46.2 7.75 -15.3 46.28787 7.96213 -15.3 46.5 8.050001 -15.3 46.9 8.050001 -14.9533 47.20208 7.047918 -15.24559 47.7 8.25 -15.24559 46 6.55 -15.24559 47.7 8.249983 -15.5 47.20326 9.450877 -15.5 47.20224 7.048109 -15.5 46 6.55 -15.5 44.79674 7.049123 -15.5 44.3 8.250018 -15.5 44.79776 9.451891 -15.5 46 9.95 -15.5 40.80335 -2.999129 -11.1 46 -7.017607 -10.1 46 -6 -11.1 52.07707 -3.50934 -10.1 44 -1.98052e-4 -11.1 51.19893 -2.995172 -11.1 46 -2 -11.1 44.58345 -1.41187 -11.1 39.92095 -3.505893 -10.1 46 -8.300001 -10.1 53.18866 -4.148804 -10.1 40.80107 2.995172 -11.1 39.92293 3.50934 -10.1 38.81134 4.148804 -10.1 38.81261 -4.15102 -10.1 46 6 -11.1 46 7.017607 -10.1 51.19665 2.999129 -11.1 52.07905 3.505893 -10.1 46 8.300001 -10.1 46 2 -11.1 48 1.98052e-4 -11.1 47.41655 1.41187 -11.1 44.58682 1.415244 -11.1 47.41318 -1.415244 -11.1 53.18739 4.15102 -10.1 46 -8.300001 -10.6 53.18739 -4.15102 -10.6 38.81134 -4.148804 -10.6 38.81261 4.15102 -10.6 46 8.300001 -10.6 53.18866 4.148804 -10.6 46 -7.817607 -10.6 52.77088 -3.907621 -10.6 39.22911 3.907621 -10.6 39.23072 -3.91042 -10.6 46 7.817607 -10.6 52.76927 3.91042 -10.6 39.93515 3.502341 -11.4 46 7.003521 -11.4 53.51325 0 -10.89909 52.40689 3.924378 -10.89909 52.40689 -3.924378 -10.89909 46 -7.003521 -11.4 47.63743 -6.809414 -11.4 39.93317 -3.498885 -11.4 51.71707 -3.297649 -11.4 51.97255 -3.657309 -11.4 46 -6.6 -11.4 47.63759 6.809376 -11.4 46 6.6 -11.4 40.28293 3.297649 -11.4 51.71494 3.301356 -11.4 51.97255 3.657309 -11.4 51.92031 3.626338 -11.45982 49.54441 6.949416 -10.9016 53.8011 0 -10.9016 40.28506 -3.301356 -11.4 46 -6.6 -11.8 51.71494 -3.301356 -11.8 40.28293 -3.297649 -11.8 40.28506 3.301356 -11.8 46 6.6 -11.8 51.71707 3.297649 -11.8 53.00326 0 -11.4 51.92031 -3.626338 -11.45982 52.94265 0 -11.45982 46 -7.003521 -11.8 47.63759 -6.809376 -11.8 39.93317 3.498885 -11.8 39.93515 -3.502341 -11.8 46 7.003521 -11.8 51.97246 -3.657453 -11.8 47.63743 6.809414 -11.8 51.97246 3.657453 -11.8 52.94022 0 -11.7378 46 -7.817607 -12.6 39.22911 -3.907621 -12.6 39.23072 3.91042 -12.6 46 7.817607 -12.6 53.00326 0 -11.8 46 -8.300001 -12.6 52.76927 -3.91042 -12.6 53.18866 -4.148804 -12.6 38.81134 4.148804 -12.6 38.81261 -4.15102 -12.6 52.40679 3.924531 -12.30091 52.77088 3.907621 -12.6 46 8.300001 -12.6 52.40679 -3.924531 -12.30091 49.54441 -6.949416 -12.2984 53.51325 0 -12.30091 52.65235 -4.074733 -12.2984 53.8011 0 -12.2984 52.65235 4.074733 -12.2984 53.18739 4.15102 -12.6 46 -8.300001 -13.1 53.18739 -4.15102 -13.1 38.81134 -4.148804 -13.1 38.81261 4.15102 -13.1 46 8.300001 -13.1 53.18866 4.148804 -13.1 46 -7.017607 -13.1 52.07905 -3.505893 -13.1 39.92095 3.505893 -13.1 39.92293 -3.50934 -13.1 46 7.017607 -13.1 52.07707 3.50934 -13.1 46 6 -12.1 40.80335 2.999129 -12.1 51.19893 2.995172 -12.1 51.19665 -2.999129 -12.1 46 -6 -12.1 40.80107 -2.995172 -12.1 46 2 -12.1 44 1.98052e-4 -12.1 44.58345 1.41187 -12.1 48 -1.98052e-4 -12.1 47.41318 1.415244 -12.1 46 -2 -12.1 47.41655 -1.41187 -12.1 44.58682 -1.415244 -12.1 46 -2 -13.6 47.41318 -1.415244 -13.6 44.58345 -1.41187 -13.6 44 -1.98052e-4 -13.6 44.58682 1.415244 -13.6 46 2 -13.6 47.41655 1.41187 -13.6 48 1.98052e-4 -13.6 48 -1.98052e-4 -9.600001 44.58345 1.41187 -9.600001 44 1.98052e-4 -9.600001 47.41318 1.415244 -9.600001 44.58682 -1.415244 -9.600001 47.41655 -1.41187 -9.600001 46 -2 -9.600001 46 2 -9.600001 1.847204 29.2108 -11.74018 1.847039 29.21325 -11.4622 13.29948 26.07583 -11.4622 13.29837 26.07367 -11.74018 49.80361 7.457605 -11.4622 -9.907939 27.54117 -11.74018 -9.909368 27.54323 -11.4622 -20.03269 21.33951 -11.74018 -20.03507 21.3406 -11.4622 -26.86097 11.62634 -11.74018 -26.86372 11.62607 -11.4622 -29.26915 0 -11.74018 -29.27158 -0.001702129 -11.4622 -26.86097 -11.62634 -11.74018 -26.86237 -11.62921 -11.4622 -20.03269 -21.33951 -11.74018 -20.03255 -21.34296 -11.4622 -9.907939 -27.54117 -11.74018 -9.906072 -27.54442 -11.4622 1.847204 -29.2108 -11.74018 1.850351 -29.21304 -11.4622 13.29837 -26.07367 -11.74018 13.29948 -26.07583 -11.4622 49.8025 -7.455444 -11.74018 49.80361 -7.457605 -11.4622 49.8025 7.455444 -11.74018 53.13675 -4.371438 -11.74018 54.36915 0 -11.74018 53.13675 4.371438 -11.74018 54.37158 0 -11.4622 9 27.75 9 0.08954566 31.8711 9 -17 26.959 9 -7.032707 31.72996 -9 6.188767 26.13016 9 -17 4 9 -17.74532 26.48836 8.666705 -18 26.47095 5 10.6352 27.30856 9 17.14743 26.86525 9 3.908687 32.26383 -9 11.81123 22.86984 9 28.87143 13.49921 9 14.44102 29.1154 -9 11.82149 26.11251 9 -17 -4 9 28.87143 -13.49921 9 29.5 13.63818 -9 29.18573 13.56873 -3.57717e-4 -23.84559 -4 9 -27.17386 -2.89093 9 -30.50286 -1.781565 9 -31.45873 -1.100083 9 -31.86793 3.79237e-6 9 9 21.25 9 11.81123 -26.13016 9 17.14549 -26.86647 9 29.5 -13.63818 -9 29.18573 -13.56873 -3.57717e-4 -17 -26.959 9 9 -21.25 9 10.6352 -21.69144 9 11.82149 -22.88749 9 9 -27.75 9 0.08725583 -31.87112 9 14.4553 -29.10831 -9 7.3648 -27.30856 9 -6.931509 -31.75222 -9 -17.70698 -4 8.70694 6.188767 -22.86984 9 6.178514 -26.11251 9 -17.74536 -26.48834 8.666664 -17.08696 -27.6454 -9 -23.98528 -3.999662 4.999996 -18 -4 5 -18 -4 8 -27.31382 -2.890078 5 -30.64311 -1.780243 5 -31.59922 -1.098107 5 -31.4587 1.100133 9 -32.01102 0.009025037 5 -30.50286 1.781572 9 -30.64311 1.780251 5 -31.59959 1.097633 5 -27.17386 2.890933 9 -27.31382 2.890081 5 -23.84559 4 9 -17.70694 4 8.706983 -18 4 8 -23.9854 4 5 6.178514 22.88749 9 7.3648 21.69144 9 9 26.75 8 10.59099 26.09099 8 6.75 24.5 8 7.40901 26.09099 8 7.40901 22.90901 8 9 22.25 8 11.25 24.5 8 10.59099 22.90901 8 9 -22.25 8 10.59099 -22.90901 8 6.75 -24.5 8 7.40901 -22.90901 8 7.40901 -26.09099 8 9 -26.75 8 11.25 -24.5 8 10.59099 -26.09099 8 -18 26.34416 8 -18 4 5 -18 26.40758 6.499906 -28.29232 14.97516 5 -25.33587 20.35542 -9 -28.29232 -14.97516 5 -32.5 0 -9 -25.32588 -20.36785 -9 -18 -26.47095 5 -18 -26.34416 8 -18 -26.40758 6.499906 -30.6472 10.81551 -9 13.55787 -27.877 -9 27.99909 13.30393 -9 27.99909 -13.30393 -9 -6.863734 -30.22965 -9 -24.21653 -19.35207 -9 -30.99909 0 -9 -27.99909 13.30393 -9 -30.23978 6.818989 -9 -11.37798 28.83521 -9 11.36863 28.83894 -9 27.711 -13.23868 -0.7503309 27.711 13.23868 -0.7503309 27.42289 -13.17336 7.5 27.42289 13.17336 7.5 -0.2351553 -30.42181 7.5 16.09563 -25.81613 7.5 -16.5 -25.72588 3.5 -26.81747 -14.65927 3.5 -30.56258 0 3.5 -26.81747 14.65927 3.5 -0.2363231 30.4218 7.5 -16.5 25.72588 3.5 -16.5 25.64287 5.499843 -16.5 25.55978 7.5 16.09464 25.81674 7.5 11.81123 -22.86984 7.5 -16.5 2.5 7.5 -26.86708 1.429136 7.5 -23.65433 2.5 7.5 -16.5 -2.5 7.5 9 -21.25 7.5 10.6352 -27.30856 7.5 11.82149 -26.11251 7.5 -16.5 -25.64287 5.499843 -16.5 -25.55978 7.5 9 -27.75 7.5 -16.5 -2.5 3.5 6.178514 -22.88749 7.5 6.188767 -26.13016 7.5 -25.5 -5.9 3.5 -22.41452 -4.973299 3.5 -20.35024 -2.5 3.5 -28 -5.310988 3.5 -26.78421 -5.750682 3.5 -30.54824 1.05304e-5 3.5 -30.43027 -0.2203444 3.5 -16.5 2.5 3.5 -22.70013 4.549514 3.5 -30.43027 0.2203514 3.5 -30.22044 0.3563686 3.5 -28 4.710988 3.5 -26.78421 5.150682 3.5 -25.5 5.3 3.5 6.178514 26.11251 7.5 9 21.25 7.5 6.188767 22.86984 7.5 9 27.75 7.5 7.3648 27.30856 7.5 11.82149 22.88749 7.5 11.81123 26.13016 7.5 10.6352 21.69144 7.5 -23.79397 2.5 3.5 -20.65026 2.5 3.5 -20.65026 2.5 1.5 -21.85034 2.5 3.5 -30.08063 0.357962 7.5 -27.00681 1.428337 3.500001 -30.2911 0.2213523 7.5 -30.40893 -3.41365e-6 7.5 -30.29109 -0.2213446 7.5 -30.08066 -0.3579441 7.5 -26.86708 -1.429134 7.5 -27.00681 -1.428335 3.5 -30.22041 -0.3563718 3.5 -23.65433 -2.5 7.5 -21.4602 -2.5 3.5 -23.79397 -2.5 3.5 7.3648 -21.69144 7.5 -22.70013 4.549514 1.5 -21.85034 2.5 1.5 -23.46536 3.825416 3.5 -23.46536 3.825416 1.5 -28 3.561347 3.5 -20.35024 -2.5 1.5 -21.4602 -2.5 1.5 -22.41459 -4.973344 1.5 -25.5 -5.9 1.5 -26.78421 -5.750682 1.5 -28 -4.161347 3.5 -28 -4.161347 1.5 -28 -5.310988 1.5 -23.1506 -4.254543 3.5 -26.80338 -4.711328 3.5 -25.5 -4.9 3.5 -26.80338 -4.711328 1.5 -25.5 -4.9 1.5 -23.15068 -4.254588 1.5 -26.80338 4.111327 3.5 -25.5 4.3 3.5 -25.5 4.3 1.5 -26.80338 4.111327 1.5 -28 4.710988 1.5 -28 3.561347 1.5 -26.78421 5.150682 1.5 -25.5 5.3 1.5 9 -22.75 4.4 10.59206 -22.9101 4.4 9 -22.25 4.4 7.398184 -22.91992 4.4 10.23778 -23.26312 4.4 11.24997 -24.49115 4.4 10.23778 -25.73688 4.4 10.60182 -26.08008 4.4 10.74973 -24.5 4.4 9 -26.25 4.4 9 -26.75 4.4 7.407936 -26.08991 4.4 7.762218 -25.73688 4.4 6.75003 -24.50885 4.4 7.762218 -23.26313 4.4 7.250271 -24.5 4.4 9 -22.75 4.9 10.23747 -23.26259 4.9 7.25 -24.49997 4.9 7.762574 -23.26255 4.9 7.762533 -25.73741 4.9 9 -26.25 4.9 10.75 -24.50003 4.9 10.23743 -25.73745 4.9 9 26.25 4.4 10.59206 26.08991 4.4 9 26.75 4.4 7.398184 26.08008 4.4 10.23778 25.73688 4.4 11.24997 24.50885 4.4 10.23778 23.26313 4.4 10.60182 22.91992 4.4 10.74973 24.5 4.4 9 22.75 4.4 9 22.25 4.4 7.407936 22.9101 4.4 7.762218 23.26313 4.4 6.75003 24.49115 4.4 7.762218 25.73688 4.4 7.250271 24.5 4.4 9 26.25 4.9 10.23747 25.73741 4.9 7.25 24.50003 4.9 7.762574 25.73745 4.9 7.762533 23.26259 4.9 9 22.75 4.9 10.75 24.49997 4.9 10.23743 23.26255 4.9 9 22.89645 5.253553 8.116065 23.61657 5.4 10.25 24.49939 5.4 9.883054 23.61569 5.4 9 23.25 5.4 9.883935 25.38343 5.4 9 26.10355 5.253553 9.300001 23.5 5.4 8.7 23.5 5.4 10 24.2 5.4 9.300001 24.2 5.4 10 24.8 5.4 9 25.75 5.4 9.300001 25.5 5.4 8.7 25.5 5.4 8.116947 25.38431 5.4 8 24.2 5.4 7.75 24.50061 5.4 8 24.8 5.4 8.7 24.8 5.4 8.7 25.5 4.9 9.300001 25.5 4.9 8.7 24.8 4.9 8 24.8 4.9 8.7 24.2 5.4 8 24.2 4.9 8.7 24.2 4.9 8.7 23.5 4.9 9.300001 23.5 4.9 9.300001 24.2 4.9 10 24.2 4.9 9.300001 24.8 5.4 10 24.8 4.9 9.300001 24.8 4.9 9 -26.10355 5.253553 8.116065 -25.38343 5.4 10.25 -24.50061 5.4 9.883054 -25.38431 5.4 9 -25.75 5.4 9.883935 -23.61657 5.4 9 -22.89645 5.253553 9.300001 -25.5 5.4 8.7 -25.5 5.4 10 -24.8 5.4 9.300001 -24.8 5.4 10 -24.2 5.4 9 -23.25 5.4 9.300001 -23.5 5.4 8.7 -23.5 5.4 8.116947 -23.61569 5.4 8 -24.8 5.4 7.75 -24.49939 5.4 8 -24.2 5.4 8.7 -24.2 5.4 8.7 -23.5 4.9 9.300001 -23.5 4.9 8.7 -24.2 4.9 8 -24.2 4.9 8.7 -24.8 5.4 8 -24.8 4.9 8.7 -24.8 4.9 8.7 -25.5 4.9 9.300001 -25.5 4.9 9.300001 -24.8 4.9 10 -24.8 4.9 9.300001 -24.2 5.4 10 -24.2 4.9 9.300001 -24.2 4.9 35.1736 -6.247425 -16.7 46 -12.5 -16.7 56.82834 -6.244198 -16.7 38.85529 -3.275293 -16.7 39.70529 -4.125 -17.6 39.70529 -4.125 -16.7 38.85863 -4.974988 -17.6 38.85529 -4.974707 -16.7 38.85195 -3.275012 -17.6 38.00529 -4.125 -16.7 38.00529 -4.125 -17.6 38.85529 4.974707 -16.7 39.70529 4.125 -17.6 39.70529 4.125 -16.7 38.85863 3.275012 -17.6 38.85529 3.275293 -16.7 38.85195 4.974988 -17.6 38.00529 4.125 -16.7 38.00529 4.125 -17.6 53.14471 4.974707 -16.7 53.99471 4.125 -17.6 53.99471 4.125 -16.7 53.14805 3.275012 -17.6 53.14471 3.275293 -16.7 53.14136 4.974988 -17.6 52.29471 4.125 -16.7 52.29471 4.125 -17.6 53.14471 -3.31897 -16.7 53.95101 -4.125 -17.6 53.95101 -4.125 -16.7 53.14788 -4.931296 -17.6 53.14471 -4.931029 -16.7 53.14154 -3.318704 -17.6 52.3384 -4.125 -16.7 52.3384 -4.125 -17.6 18.99982 6.07163e-5 -18.7 20 0 -18.7 14.01259 14.27051 -18.2 13.52135 13.34815 -18.7 13.52135 -13.34815 -18.7 19.99999 0 -18.2 13.32201 -16.63277 -18.2 12.80507 -14.95304 -18.2 13.52135 -13.34815 -18.2 19 0 -18.2 13.52135 13.34815 -18.2 12.80507 14.95304 -18.2 13.32201 16.63277 -18.2 0 -19 -18.7 -2.51934 -19.84038 -18.7 5.352331 -19.27051 -18.2 2.419269 -18.84532 -18.7 -11.51776 -15.11072 -18.7 -9.999779 -17.32064 -18.7 0 -20 -18.2 2.700903 -19.81676 -18.2 -12.24751 -15.81132 -18.2 -21.06541 -3.220812 -18.7 -19.35228 -3.612983 -18.7 -21.06541 -3.220812 -18.2 -18.32051 -5.035759 -18.7 -19.35225 -3.612995 -18.2 -18.32051 -5.035759 -18.2 -9.5 -16.45448 -18.2 4.79916 -18.38391 -18.2 6.547177 -18.56603 -18.2 7.743399 -19.85359 -18.2 6.547204 18.56606 -18.7 6.419873 21.11955 -18.7 5.352331 19.27051 -18.7 5.352331 19.27051 -18.2 4.79916 18.38391 -18.7 -2.516385 19.84073 -18.7 -9.997842 17.32176 -18.2 6.419873 21.11955 -18.2 7.743399 19.85359 -18.2 6.547177 18.56603 -18.2 2.419269 18.84532 -18.7 4.79916 18.38391 -18.2 0 19 -18.7 -9.997838 17.32176 -18.7 -11.51766 15.1108 -18.7 -9.5 16.45448 -18.2 -18.32051 5.035759 -18.7 -19.35222 3.613021 -18.7 -18.32051 5.035759 -18.2 -19.35225 3.612995 -18.2 -21.06541 3.220812 -18.2 -19.36492 5 -18.2 4.289656 -21.70368 -18.7 5 -22 -18.7 4 -21 -20.3 5 -22 -20.3 5 20 -18.7 5.999613 20.99593 -18.7 4.000387 21.00407 -18.7 5 22 -18.7 15.08013 -16.11955 -18.2 15.6725 -17.74466 -18.2 -23.20358 -4.700455 -18.2 15.6725 17.74466 -18.2 -23.20358 4.700455 -18.2 9.900329 -18.62301 -13.7 10.75 -17.76955 -13.7 11.59967 -18.61608 -13.7 10.75 -19.46955 -13.7 10.75 -21.11955 -13.7 13.1992 -19.12089 -13.7 10.05 -17.4071 -13.7 8.267915 -18.3208 -13.7 8.879719 -20.27822 -13.7 11.73232 -16.32062 -13.7 15.6725 17.74466 -18.7 15.67639 19.47437 -18.7 9.027102 23.31333 -18.2 12.49997 21.65058 -18.7 9.027102 23.31333 -18.7 -23.20358 4.700455 -18.7 -24.70349 3.838966 -18.7 -24.99993 0 -18.7 -24.70349 -3.838966 -18.7 -21.5 -5 -18.2 -23.20358 -4.700455 -18.7 9.027102 -23.31333 -18.7 12.49997 -21.65058 -18.7 -27.84967 -23.99654 -18.7 -27.14365 -27.55509 -18.7 -28.08226 -27.15473 -18.7 -28.08226 -27.15473 -11.5 -28.12251 -0.004073917 -18.7 -28.08226 27.15473 -18.7 -27.84967 24.00346 -18.7 -29.4879 -26.29012 -18.7 -29.4879 -26.29012 -11.5 -27 -24.85 -18.7 -26.19934 -27.94181 -18.7 -26.89578 -27.65815 -11.5 -26.15033 -24.00346 -18.7 -25.41402 -28.03235 -18.7 -26.19934 -27.94181 -17.8 -24.69114 -27.71059 -18.7 -25.41402 -28.03235 -17.8 -21.5 -23.5 -18.7 -20.69804 -26.95459 -18.7 -24.69114 -27.71059 -17.8 -17.89565 -29.89691 -18.7 -20.69804 -26.95459 -17.8 -17.49628 -30.57955 -18.7 -17.89565 -29.89691 -17.8 -17.49628 -30.57955 -17.8 -16.80522 -30.96419 -17.8 -8.730466 -32.45632 -11.5 0 -33 -11.5 1.03878 -32.98365 -11.5 2.076531 -32.9346 -11.5 24.90148 -19.00438 -18.7 29.83298 -27.54331 -18.7 16.89162 -30.98334 -11.5 20.33676 -17.65589 -18.7 20.85363 -18.22022 -18.7 23.57255 -19.48807 -18.7 24.33715 -19.52125 -18.7 30.32821 -12.28193 -18.7 30.65634 -26.87418 -18.7 29.83298 -27.54331 -17.8 25.5354 -17.64492 -18.7 27.46113 -12.80533 -18.7 30.5 -2.5 -18.7 30.27508 -11.81818 -18.7 30.74085 -12.5 -18.7 30.83137 -25.82768 -18.7 30.65637 -26.87412 -17.8 31.27226 -22.95881 -18.7 30.83137 -25.82768 -17.8 37.86059 -12.5 -18.7 33.45202 -21.04194 -18.7 31.27226 -22.95881 -17.8 36.3537 -20.97135 -18.7 33.45202 -21.04194 -17.8 38.33839 -12.14675 -18.7 38.62359 -22.77917 -18.7 36.3537 -20.97135 -17.8 40.15033 -18.49654 -18.7 39.16961 -23.30411 -18.7 38.62359 -22.77917 -17.8 41.88946 -13.38295 -18.7 39.9025 -23.49535 -18.7 39.16961 -23.30411 -17.8 40.21894 -23.46158 -18.7 39.9025 -23.49535 -17.8 41 -19.35 -18.7 40.52114 -23.36184 -18.7 40.21894 -23.46158 -17.8 46 -14 -18.7 46.56172 -20.40136 -18.7 40.52114 -23.36184 -17.8 41.84967 -18.50346 -18.7 58.1294 -6.991232 -18.7 52.41005 -17.0772 -18.7 45.87285 -20.7624 -11.5 60.8476 -6.690143 -18.7 52.41005 -17.0772 -11.5 60.84832 6.688101 -18.7 60.84832 -6.688101 -11.5 58.12754 6.994448 -18.7 52.41005 17.0772 -18.7 60.8476 6.690143 -11.5 46 14 -18.7 46.56172 20.40136 -18.7 52.41005 17.0772 -11.5 41 19.35 -18.7 40.52114 23.36184 -18.7 45.87285 20.7624 -11.5 41.88946 13.38295 -18.7 41.84967 18.49654 -18.7 40.15033 18.50346 -18.7 40.21894 23.46158 -18.7 40.52114 23.36184 -17.8 39.9025 23.49535 -18.7 40.21894 23.46158 -17.8 38.33839 12.14675 -18.7 39.16961 23.30411 -18.7 39.9025 23.49535 -17.8 38.62359 22.77917 -18.7 39.16961 23.30411 -17.8 37.86059 12.5 -18.7 37.07644 21.29199 -18.7 38.62359 22.77917 -17.8 30.74085 12.5 -18.7 35 20.75 -18.7 37.07644 21.29199 -17.8 31.71522 22.30323 -18.7 35 20.75 -17.8 30.83137 25.82768 -18.7 31.71516 22.3033 -17.8 30.65637 26.87412 -18.7 30.83137 25.82768 -17.8 30.27508 11.81818 -18.7 29.83298 27.54331 -18.7 30.65634 26.87418 -17.8 30.32817 12.28188 -18.7 20.85363 18.22022 -18.7 29.83298 27.54331 -17.8 24.33709 19.52127 -18.7 23.57255 19.48807 -18.7 24.90148 19.00438 -18.7 25.5354 17.64492 -18.7 27.46113 12.80533 -18.7 29.8 5.2 -18.7 16.89162 30.98334 -11.5 2.076531 32.9346 -11.5 1.03878 32.98365 -11.5 0 33 -11.5 -8.730466 32.45632 -11.5 -16.80522 30.96419 -17.8 -17.49628 30.57955 -17.8 -17.89565 29.89691 -17.8 -22 26.75 -18.7 -19.41401 27.6273 -17.8 -23.42863 26.99761 -18.7 -22 26.75 -17.8 -24.69114 27.71059 -18.7 -23.42863 26.99761 -17.8 -25.41402 28.03235 -18.7 -24.69114 27.71059 -17.8 -26.15033 23.99654 -18.7 -26.19934 27.94181 -18.7 -25.41402 28.03235 -17.8 -27 -14 -18.7 -27 24.85 -18.7 -27.14365 27.55509 -18.7 -26.19934 27.94181 -17.8 -26.89578 27.65815 -11.5 -29.12212 1 -18.7 -29.4879 26.29012 -18.7 -28.08226 27.15473 -11.5 -30.12174 0.004073917 -18.7 -30.34113 24.87756 -18.7 -29.4879 26.29012 -11.5 -30.48603 -24.37188 -18.7 -30.48603 24.37188 -18.7 -30.34113 24.87756 -11.5 -30.34113 -24.87756 -18.7 -30.60415 -23.85928 -18.7 -30.60415 23.85928 -18.7 -30.48603 24.37188 -11.5 -32.99988 0 -18.7 -30.60415 23.85928 -11.5 -32.99988 0 -11.5 -30.60415 -23.85928 -11.5 -30.48603 -24.37188 -11.5 -30.34113 -24.87756 -11.5 -29.12212 -1 -18.7 -16.5 -18.75 -18.5 -16.5 -23 -18.7 -16.5 -23 -18.5 -16 -18.75 -18.5 -16 -23.5 -18.5 -21.5 -23.5 -18.5 -21.5 -23 -18.5 -27 -23.15 -18.7 -27 -18.75 -18.7 -26.5 -18.75 -18.7 -26.5 -18.75 -18.5 -26.5 -14.5 -18.7 -26.5 -14.5 -18.5 -27 -18.75 -18.5 -27 -14 -18.5 -27 23.15 -18.7 -21.5 -14 -18.5 -21.5 -14.5 -18.5 23.72423 19.1628 -18.85188 24.16633 19.05155 -19.2 23.78386 19.03492 -19.2 25.21498 17.49551 -18.84646 24.58597 18.85726 -18.8411 25.26351 17.51813 -18.7 25.26351 17.51813 -16.7 21.27576 15.65861 -16.7 25.8 4.2 -18.7 27.46113 12.80533 -16.7 26.09302 4.90694 -18.7 26.8 5.2 -18.7 23.47337 10.94581 -16.7 23.47337 -10.94581 -18.7 21.32429 15.68124 -18.84646 20.69521 17.04297 -18.85188 20.80906 17.49206 -19.2 20.82309 17.1026 -19.2 21.00075 17.90471 -18.8411 21.00531 -17.89494 -18.85188 20.80385 -17.47774 -19.2 21.06494 -17.76706 -19.2 21.32429 -15.68124 -18.84646 20.68545 -17.03841 -18.8411 21.27576 -15.65861 -16.7 25.26351 -17.51813 -16.7 26.1 -2.5 -18.7 23.47337 -10.94581 -16.7 26.1 2.7 -18.7 25.8 2.7 -18.7 25.26351 -17.51813 -18.7 27.46113 -12.80533 -16.7 25.21498 -17.49551 -18.84646 24.5762 -18.8527 -18.85188 24.16631 -19.05156 -19.2 24.44832 -18.79307 -19.2 23.71967 -19.17256 -18.8411 -29.12212 1 -16.7 -30.12174 -0.004073917 -16.7 -28.12251 0.004073917 -16.7 -29.12212 -1 -16.7 30.5 -2.5 -16.7 30.5 2.7 -18.7 30.8 2.7 -18.7 30.5 2.7 -16.7 26.1 -2.5 -16.7 26.15355 2.7 -18.84646 26.1 2.7 -16.7 26.1589 4.2 -18.85188 26.45188 4.558902 -19.2 26.3 4.2 -19.2 29.8 4.839942 -18.85307 26.8 4.851875 -18.8411 30.50694 4.906982 -18.7 31.33464 8.624921 -18.7 30.8 4.2 -18.7 30.1589 4.548124 -19.2 29.8 4.7 -19.2 30.44646 2.7 -18.84646 30.45502 4.2 -18.83808 30.74085 12.5 -16.7 30.32821 12.28193 -16.7 37.86059 12.5 -16.7 41 17.65 -18.7 38.14126 11.58621 -18.7 38.33839 12.14675 -16.7 38.37155 11.73911 -23.92761 36.94745 10.67948 -23.2 38.14126 11.58621 -16.7 43.60342 13.79329 -30.2 41.27758 13.17948 -30.2 39.64547 12.47477 -29.46973 39 12.12436 -25.7 39 12.12436 -27.7 46 14 -30.2 58.1294 6.991232 -30.2 58.12754 -6.994448 -30.2 46 -14 -30.2 38.14126 -11.58621 -18.7 41 -17.65 -18.7 38.14126 -11.58621 -16.7 37.02777 -10.74703 -30.2 35.10515 -8.792163 -16.7 38.33839 -12.14675 -16.7 37.86059 -12.5 -16.7 30.74085 -12.5 -16.7 30.32817 -12.28188 -16.7 31.33464 -8.624921 -18.7 30.27508 -11.81818 -16.7 32.00019 0 -18.7 32.05842 -5.339237 -18.7 31.33464 -8.624921 -16.7 32.05842 5.339237 -18.7 32.22842 -5.039894 -18.7 32.05842 -5.339237 -16.7 32.55163 -4.92138 -18.7 32.22842 -5.039894 -16.7 32.82928 -5.005745 -18.7 32.55163 -4.92138 -16.7 33.01434 -5.231188 -18.7 32.82938 -5.005919 -16.7 32.22502 -2.5 -30.2 33.01219 -5.227969 -16.7 32.49865 4.924403 -18.7 33.01434 5.231188 -18.7 32.01927 0.7342029 -23.93027 32.01941 -0.7368716 -29.47239 32 0 -25.7 33.01219 5.227969 -16.7 32.22502 2.5 -23.2 33.87565 6.999994 -23.2 35.10515 8.792163 -16.7 32.49731 4.924544 -16.7 32.05842 5.339237 -16.7 31.33464 8.624921 -16.7 30.27508 11.81818 -16.7 5 22 -20.3 4 21 -20.3 6 21 -20.3 5 20 -20.3 41 19.35 -11.8 40.15 18.5 -11.8 41.85 18.5 -11.8 41 17.65 -11.8 -27 24.85 -11.8 -27.85 24 -11.8 -26.15 24 -11.8 -27 23.15 -11.8 -27 -23.15 -11.8 -27.85 -24 -11.8 -26.15 -24 -11.8 -27 -24.85 -11.8 41 -17.65 -11.8 40.15 -18.5 -11.8 41.85 -18.5 -11.8 41 -19.35 -11.8 -31.49989 0 -11.5 -29.26007 -22.93132 -11.5 -27 -25.15 -11.5 -28.14998 -24.00454 -11.5 -29.26007 22.93132 -11.5 -28.14998 23.99546 -11.5 -27 25.15 -11.5 -28.33749 21.88803 -11.5 -25.70028 28.13977 -17.8 -25.95 28.04127 -17.8 -25.70028 28.13977 -11.5 -25.13589 28.70268 -11.5 -25.13587 28.70275 -17.8 -26.1397 26.34731 -11.5 -25.45371 26.6244 -11.5 -25.85002 24.00454 -11.5 -19.75689 33.68671 -17.8 -18.5603 31.63828 -17.8 -18.5603 31.63828 -11.5 -18.21505 31.0372 -17.8 -18.21505 31.0372 -11.5 -22 32.2 -17.8 -22 34.5 -17.8 -19.75683 33.68665 -11.5 -20.80002 30.99526 -17.8 -24.95816 32.87061 -17.8 -22 34.5 -11.5 -23.19998 31.00474 -17.8 -25.16201 29.49944 -17.8 -24.95822 32.87051 -11.5 -25.16201 29.49944 -11.5 -22 29.8 -17.8 -17.57227 30.80323 -17.8 -17.06578 30.8996 -17.8 -17.32609 30.83401 -17.8 -17.44822 30.81096 -17.8 -17.32609 30.83401 -11.5 -17.44822 30.81096 -11.5 -17.57227 30.80323 -11.5 -22 32.2 -12 -22.84853 31.84853 -12 -21.15147 30.15147 -12 -21.15147 31.84853 -12 -20.8 31 -12 -22 29.8 -12 -23.2 31 -12 -22.84853 30.15147 -12 -17.35972 29.27654 -11.5 -8.750756 30.94179 -11.5 -22.00683 32.69976 -11.5 -24.76479 26.8941 -11.5 -23.20257 32.20145 -11.5 -23.7 31 -11.5 -20.80508 32.20896 -11.5 -20.3 31 -11.5 0 31.5 -11.5 0.9915628 31.48439 -11.5 1.982143 31.43758 -11.5 16.24223 29.58345 -11.5 30.12567 25.86204 -11.5 31.30564 27.04251 -11.5 33.19722 20.38996 -11.5 31.88618 27.01921 -11.5 31.30564 27.04251 -17.8 30.68348 22.57716 -11.5 30.57019 27.29551 -17.8 32.38222 27.32319 -11.5 31.88618 27.01921 -17.8 33.3 25 -11.5 33.56494 28.19227 -11.5 32.38222 27.32319 -17.8 34.99317 26.69976 -11.5 35 28.5 -11.5 33.56494 28.19227 -17.8 33.79743 26.20145 -11.5 36.19491 26.20897 -11.5 37.49935 27.44988 -11.5 35 28.5 -17.8 39.16543 22.32573 -11.5 38.4993 24.93004 -11.5 37.49935 27.44988 -17.8 36.7 25 -11.5 38.65716 24.37049 -11.5 38.4993 24.93004 -17.8 39.0996 23.99332 -11.5 38.65716 24.37049 -17.8 43.42854 20.65979 -11.5 39.0996 23.99332 -17.8 40.74229 20.84437 -11.5 41.17646 21.74521 -11.5 39.90388 21.99473 -11.5 39.53496 22.16092 -11.5 51.6293 15.79641 -11.5 44.41009 19.82815 -11.5 48.05811 17.88108 -11.5 39.81148 23.68009 -17.8 58.13447 9.051188 -11.5 60.49971 -2.2379e-4 -11.5 58.13444 -9.051247 -11.5 48.06017 -17.87993 -11.5 51.6293 -15.79641 -11.5 39.16543 -22.32573 -11.5 39.0996 -23.99332 -11.5 43.42854 -20.65979 -11.5 41.17646 -21.74521 -11.5 39.53711 -22.15995 -11.5 44.41429 -19.82601 -11.5 37.37318 -20.6562 -11.5 38.65716 -24.37049 -11.5 39.0996 -23.99332 -17.8 39.81148 -23.68009 -17.8 38.4993 -24.93004 -11.5 38.65716 -24.37049 -17.8 36.69976 -24.99317 -11.5 36.27488 -28.25955 -11.5 38.4993 -24.93004 -17.8 33.79855 -26.20257 -11.5 32.38222 -27.32319 -11.5 36.27488 -28.25955 -17.8 36.20896 -26.19492 -11.5 35 -26.7 -11.5 31.20805 -21.81825 -11.5 31.88618 -27.01921 -11.5 32.38222 -27.32319 -17.8 33.30024 -25.00683 -11.5 31.30564 -27.04251 -11.5 31.88618 -27.01921 -17.8 30.12539 -25.86239 -11.5 31.30564 -27.04251 -17.8 16.239 -29.58412 -11.5 30.57019 -27.29551 -17.8 1.982143 -31.43758 -11.5 0 -31.5 -11.5 0.9915628 -31.48439 -11.5 -8.750756 -30.94179 -11.5 -17.32609 -30.83401 -11.5 -17.35972 -29.27654 -11.5 -17.44822 -30.81096 -11.5 -17.32609 -30.83401 -17.8 -17.06578 -30.8996 -17.8 -19.17407 -26.93594 -11.5 -17.57227 -30.80323 -11.5 -17.44822 -30.81096 -17.8 -18.21505 -31.0372 -11.5 -17.57227 -30.80323 -17.8 -18.5603 -31.63828 -11.5 -18.21505 -31.0372 -17.8 -20.79104 -32.19491 -11.5 -21.11038 -34.38482 -11.5 -18.5603 -31.63828 -17.8 -20.30024 -30.99317 -11.5 -23.20145 -32.20257 -11.5 -24.69313 -33.23505 -11.5 -21.11038 -34.38482 -17.8 -22 -32.7 -11.5 -25.13587 -28.70275 -11.5 -25.16201 -29.49944 -11.5 -24.69313 -33.23505 -17.8 -24.76479 -26.8941 -11.5 -23.69976 -31.00683 -11.5 -25.16201 -29.49944 -17.8 -25.45371 -26.6244 -11.5 -25.70028 -28.13977 -11.5 -25.13589 -28.70268 -17.8 -26.1397 -26.34731 -11.5 -25.70028 -28.13977 -17.8 -25.95 -28.04127 -17.8 33.80508 23.79104 -11.5 33.8 25 -12 34.15147 25.84853 -12 36.52762 20.29162 -11.5 35.00683 23.30024 -11.5 35 23.8 -12 34.15147 24.15147 -12 36.20257 23.79855 -11.5 35.84853 24.15147 -12 36.2 25 -12 35 26.2 -12 35.84853 25.84853 -12 -23.19492 29.79104 -11.5 -20.48405 26.28785 -11.5 -21.99317 29.30024 -11.5 -20.79743 29.79855 -11.5 -22 -32.2 -12 -22.84853 -31.84853 -12 -20.8 -31 -12 -21.15147 -31.84853 -12 -22 -26.05 -11.5 -20.79855 -29.79743 -11.5 -21.15147 -30.15147 -12 -22 -29.3 -11.5 -23.44533 -26.2659 -11.5 -23.20897 -29.80508 -11.5 -22 -29.8 -12 -23.2 -31 -12 -22.84853 -30.15147 -12 35 -26.2 -12 34.15147 -25.84853 -12 36.2 -25 -12 35.84853 -25.84853 -12 35 -20.05 -11.5 36.20145 -23.79743 -11.5 35.84853 -24.15147 -12 35 -23.3 -11.5 33.79103 -23.80508 -11.5 35 -23.8 -12 33.8 -25 -12 34.15147 -24.15147 -12 40.74229 20.84437 -16.7 41.17646 21.74521 -16.7 42.14998 18.50454 -11.5 42.99437 19.75896 -11.5 42.99437 19.75896 -16.7 41 19.65 -11.5 43.25399 17.41856 -11.5 43.42854 20.65979 -16.7 42.33156 16.38428 -11.5 39.90818 -21.99278 -11.5 40.74229 -20.84437 -11.5 41.17646 -21.74521 -16.7 41 -19.65 -11.5 42.99437 -19.75896 -11.5 40.74229 -20.84437 -16.7 39.85002 -18.50454 -11.5 43.42854 -20.65979 -16.7 43.25208 -17.41458 -11.5 42.99437 -19.75896 -16.7 42.14998 -18.49546 -11.5 41.82401 -16.1397 -11.5 -25.85004 -23.99268 -11.5 -26.56084 -21.53888 -11.5 -27 -22.85 -11.5 -24.50956 -23.78161 -11.5 -25.38787 22.08967 -11.5 -27 22.85 -11.5 -27 21.5 -11.5 41 17.35 -11.5 41 16 -11.5 39.85002 18.49546 -11.5 38.88418 17.16836 -11.5 38.746 19.58144 -11.5 41 -17.35 -11.5 39.91365 -16.24837 -11.5 38.74792 -19.58542 -11.5 38.63985 -17.67557 -11.5 44.41429 -19.82601 -16.7 41.82401 -16.1397 -16.7 43.25208 -17.41458 -16.7 48.06017 -17.87993 -16.7 51.6293 -15.79641 -16.7 58.13447 -9.051188 -16.7 60.49971 2.23777e-4 -16.7 58.13444 9.051247 -16.7 51.6293 15.79641 -16.7 48.05811 17.88108 -16.7 43.25399 17.41856 -16.7 44.41009 19.82815 -16.7 42.33152 16.38426 -16.7 41 16 -16.7 38.88414 17.16843 -16.7 39.90388 21.99473 -16.7 38.746 19.58144 -16.7 39.53496 22.16092 -16.7 39.16543 22.32573 -16.7 36.52762 20.29162 -16.7 33.19722 20.38996 -16.7 30.68348 22.57716 -16.7 30.12567 25.86204 -16.7 16.24223 29.58345 -16.7 1.982143 31.43758 -16.7 0.9915628 31.48439 -16.7 0 31.5 -16.7 -8.750756 30.94179 -16.7 -17.35972 29.27654 -16.7 -20.48405 26.28785 -16.7 -24.76479 26.8941 -16.7 -25.45371 26.6244 -16.7 -24.82894 25.23889 -11.5 -26.1397 26.34731 -16.7 -24.53849 23.56313 -11.5 -24.82894 25.23889 -16.7 -24.53849 23.56313 -16.7 -25.38787 22.08967 -16.7 -27 21.5 -16.7 -28.33754 21.88806 -16.7 -29.26007 22.93132 -16.7 -31.49989 0 -16.7 -29.26007 -22.93132 -16.7 -26.56084 -21.53888 -16.7 -24.50956 -23.78161 -16.7 -26.1397 -26.34731 -16.7 -25.45371 -26.6244 -16.7 -24.76479 -26.8941 -16.7 -23.44533 -26.2659 -16.7 -22 -26.05 -16.7 -19.17414 -26.9359 -16.7 -17.35972 -29.27654 -16.7 -8.750756 -30.94179 -16.7 0 -31.5 -16.7 0.9915628 -31.48439 -16.7 1.982143 -31.43758 -16.7 16.239 -29.58412 -16.7 30.12539 -25.86239 -16.7 31.20813 -21.81817 -16.7 35 -20.05 -16.7 37.37318 -20.6562 -16.7 39.16543 -22.32573 -16.7 39.53711 -22.15995 -16.7 38.74792 -19.58542 -16.7 39.90818 -21.99278 -16.7 38.63985 -17.67557 -16.7 39.91365 -16.24837 -16.7 35 23.8 -17.8 33.80002 25.00474 -17.8 36.19998 24.99526 -17.8 35 26.2 -17.8 33.80002 -24.99526 -17.8 36.19998 -25.00474 -17.8 35 -23.8 -17.8 35 -26.2 -17.8 -20.80002 -31.00474 -17.8 -23.19998 -30.99526 -17.8 -22 -29.8 -17.8 -22 -32.2 -17.8 29.23371 -14.2 -16.7 46 -14.2 -16.7 21.84033 -22 -16.7 23.92175 -22 -16.7 26.86229 -18.29379 -16.7 5.477862 -25.16032 -16.7 0 -25.75 -16.7 14.92923 -20.98048 -16.7 13.16931 -22.76502 -16.7 10.7046 -23.41949 -16.7 10.72749 -23.41949 -16.7 10.75055 -23.41949 -16.7 -9.29926 -24.01192 -16.7 -17.32428 -19.05075 -16.7 -23.02322 -11.53169 -16.7 -25.63425 -2.438857 -16.7 -26.29979 4.54213e-5 -16.7 -19.19292 17.16633 -16.7 -25.63425 2.438857 -16.7 -5.269577 25.20482 -16.7 10.7046 23.41949 -16.7 13.14971 22.77637 -16.7 23.92175 22 -16.7 21.84033 22 -16.7 14.92923 20.98048 -16.7 29.23371 14.2 -16.7 26.86229 18.29379 -16.7 46 14.2 -16.7 57.68566 6.888773 -16.7 57.68781 -6.88502 -16.7 46 14.2 -14.7 57.68781 6.88502 -14.7 29.23371 14.2 -14.7 25.93129 19.59125 -13.7 28.72238 15.20773 -12.26619 27.69928 17 -13.7 21.84033 22 -13.7 23.92175 22 -13.7 25.73132 17.28825 -16.7 28.6218 11.90717 -16.7 25.92296 17 -13.7 24.01213 19.60654 -13.7 30.3994 6.07227 -16.7 27.96622 13.375 -10.8 27.00016 15.23125 -12.285 30.99969 1.02932e-4 -16.7 28.62186 -11.90703 -16.7 30.50041 -2.500081 -16.7 30.99999 0 -10.8 25.73137 -17.28818 -16.7 27.96622 -13.375 -10.8 24.01213 -19.60654 -13.7 27.00016 -15.23125 -12.285 25.92296 -17 -13.7 23.92175 -22 -13.7 21.84033 -22 -13.7 27.69928 -17 -13.7 25.93129 -19.59125 -13.7 29.23371 -14.2 -14.7 28.72238 -15.20773 -12.26619 46 -14.2 -14.7 57.68566 -6.888773 -14.7 24.46439 8.033913 -16.7 25.08225 17.43361 -19.2 25.08225 17.43361 -20.9 21.45702 15.74314 -19.2 21.45702 -15.74314 -19.2 21.45702 -15.74314 -20.9 25.08225 -17.43361 -19.2 24.46397 -8.03522 -16.7 30.3 2.7 -19.2 30.3 2.7 -20.9 26.3 2.7 -19.2 14.92923 -20.98048 -14.2 13.16939 -22.76498 -14.2 24.46439 -8.033913 -14.2 24.46397 8.03522 -14.2 14.92923 20.98048 -14.2 13.14971 22.77637 -14.2 10.70462 23.41948 -14.2 -5.269565 25.20482 -14.2 -19.19292 17.16634 -14.2 -25.63425 2.438857 -14.2 -26.29979 -4.54262e-5 -14.2 -25.63425 -2.438857 -14.2 -23.02322 -11.53169 -14.2 -17.32428 -19.05075 -14.2 -9.29926 -24.01192 -14.2 0 -25.75 -14.2 5.477862 -25.16032 -14.2 10.7046 -23.41949 -14.2 10.72749 -23.41949 -14.2 10.75055 -23.41949 -14.2 46 -10.25 -14.7 32.49978 0 -14.7 44.00028 -8.258036 -14.7 44.58653 -9.664785 -14.7 47.99972 8.258036 -14.7 47.99972 -8.241965 -14.7 47.42231 -9.655783 -14.7 46 10.25 -14.7 47.41347 9.664785 -14.7 29.62025 13.375 -10.8 32.49998 0 -10.8 44.57769 9.655783 -14.7 44.00028 8.241965 -14.7 29.62025 -13.375 -10.8 47.42231 6.844217 -14.7 46 6.25 -14.7 46 6.25 -15.7 44.58653 6.835216 -14.7 44.57769 6.844217 -15.7 47.99972 8.241965 -15.7 47.41347 6.835216 -15.7 47.42231 9.655783 -15.7 46 10.25 -15.7 44.00028 8.258036 -15.7 44.58653 9.664785 -15.7 47.41347 -6.835216 -14.7 46 -6.25 -14.7 44.57769 -6.844217 -14.7 46 -10.25 -15.7 44.57769 -9.655783 -15.7 47.99972 -8.258036 -15.7 47.41347 -9.664785 -15.7 47.42231 -6.844217 -15.7 46 -6.25 -15.7 44.00028 -8.241965 -15.7 44.58653 -6.835216 -15.7 33.75255 2.5 -23.2 39.12393 10.43885 -23.92905 37.71121 9.356602 -23.2 35.17469 6.249996 -23.2 38.09436 -9.682492 -30.2 33.5218 0.7377932 -23.92669 33.5 0 -25.7 33.5 0 -27.7 33.52159 -0.7343117 -29.46981 33.75255 -2.5 -30.2 46 -12.5 -30.2 56.8264 -6.247425 -30.2 42.04134 11.8566 -30.2 39.75 10.82532 -25.7 40.40245 11.17664 -29.47614 39.75 10.82532 -27.7 32 0 -27.7 24.44832 18.79307 -21.9 24.44832 18.79307 -19.2 21.45702 15.74314 -20.9 24.51404 16.28595 -20.9 26.60368 14.1709 -20.9 25.69737 13.74828 -20.9 20.82309 17.1026 -21.9 23.27428 11.84601 -21.9 22.97844 12.48043 -20.9 22.70142 15.44071 -20.9 24.33296 18.9504 -21.9 26.89951 13.53649 -21.9 26.86501 13.5204 -22.09134 24.32535 18.73573 -22.24246 26.89951 13.53649 -19.9 26.91619 13.15417 -19.9 26.92126 13.16877 -21.9 26.60368 14.1709 -19.9 26.65766 12.87202 -19.9 22.97844 12.48043 -19.9 23.93874 11.60417 -19.9 23.88475 12.90305 -20.9 23.88475 12.90305 -22.4 24.16618 19.05161 -21.9 23.78386 19.03492 -21.9 23.97336 19.08129 -21.9 23.84554 18.90264 -22.25306 21.06494 17.76706 -21.9 23.99517 18.58176 -22.4 21.06494 17.76706 -19.2 20.90761 17.6517 -21.9 21.12228 17.64409 -22.24246 20.77672 17.2921 -21.9 20.8064 17.48492 -21.9 20.95537 17.16428 -22.25306 21.27625 17.31391 -22.4 23.27428 11.84601 -19.9 23.55687 11.58731 -19.9 23.45156 11.64031 -21.9 23.30877 11.8621 -22.09134 23.407 11.9079 -22.25355 25.69737 13.74828 -22.4 22.70142 15.44071 -22.4 26.44635 13.32518 -22.4 23.72743 12.05732 -22.4 24.51404 16.28595 -22.4 23.55402 11.97646 -22.36194 26.59556 13.0052 -22.25405 23.87216 11.74695 -22.26432 26.61977 13.40604 -22.36194 26.76678 13.4746 -22.25355 23.72743 11.55732 -21.9 23.83564 11.56917 -21.9 23.93874 11.60417 -21.9 26.65766 12.87202 -21.9 20.82309 -17.1026 -21.9 20.82309 -17.1026 -19.2 25.08225 -17.43361 -20.9 22.70142 -15.44071 -20.9 22.97844 -12.48043 -20.9 24.44832 -18.79307 -21.9 26.89951 -13.53649 -21.9 26.60368 -14.1709 -20.9 25.69737 -13.74828 -20.9 24.51404 -16.28595 -20.9 20.77672 -17.2921 -21.9 22.97844 -12.48043 -19.9 23.27428 -11.84601 -19.9 26.60368 -14.1709 -19.9 23.27428 -11.84601 -21.9 23.55687 -11.58731 -19.9 23.88475 -12.90305 -20.9 25.69737 -13.74828 -22.4 23.30877 -11.8621 -22.09134 20.94606 -17.15994 -22.24246 23.45159 -11.64029 -21.9 23.93874 -11.60417 -19.9 23.72743 -11.55732 -21.9 26.65766 -12.87202 -19.9 23.93874 -11.60417 -21.9 23.83564 -11.56917 -21.9 26.89951 -13.53649 -19.9 26.91619 -13.15417 -19.9 26.65766 -12.87202 -21.9 26.91644 -13.15483 -21.9 23.407 -11.9079 -22.25355 23.87664 -11.73735 -22.25405 26.59108 -13.01481 -22.26432 23.72743 -12.05732 -22.4 23.55402 -11.97646 -22.36194 26.44635 -13.32518 -22.4 21.27625 -17.31391 -22.4 22.70142 -15.44071 -22.4 23.88475 -12.90305 -22.4 20.8064 -17.48492 -21.9 21.12662 -17.63479 -22.25306 23.8412 -18.91194 -22.24246 23.99517 -18.58176 -22.4 24.51404 -16.28595 -22.4 21.06494 -17.76706 -21.9 20.90761 -17.6517 -21.9 23.78386 -19.03492 -21.9 23.78386 -19.03492 -19.2 23.97336 -19.08129 -21.9 24.16618 -19.05161 -21.9 24.33296 -18.9504 -21.9 24.31605 -18.73139 -22.25306 26.76678 -13.4746 -22.25355 26.86501 -13.5204 -22.09134 26.61977 -13.40604 -22.36194 30.3 4.2 -21.9 30.3 4.2 -19.2 26.3 2.7 -20.9 29.3 1.9 -20.9 30.3 -0.9 -20.9 26.3 4.2 -21.9 26.3 -1.6 -21.9 26.3 -0.9 -20.9 27.3 -0.9 -20.9 27.3 1.9 -20.9 30.26194 4.391342 -21.9 30.3 -1.6 -19.9 30.3 -0.9 -19.9 29.3 -0.9 -20.9 26.3 -0.9 -19.9 27.3 -0.9 -22.4 30.3 -1.6 -21.9 30.26194 -1.6 -22.09134 30.16431 4.2 -22.24246 30.15355 -1.953546 -19.9 30.16431 -1.942455 -21.9 29.8 -2.1 -19.9 26.8 -2.1 -19.9 29.8 -2.1 -21.9 26.44646 -1.953546 -19.9 26.8 -2.1 -21.9 26.3 -1.6 -19.9 26.44595 -1.953055 -21.9 30.15355 -1.6 -22.25355 29.8 -1.953055 -22.25405 26.8 -1.942455 -22.26432 29.8 -1.6 -22.4 29.99134 -1.6 -22.36194 26.8 -1.6 -22.4 29.8 4.2 -22.4 29.3 1.9 -22.4 29.3 -0.9 -22.4 30.15355 4.553554 -21.9 29.8 4.554051 -22.25306 26.8 4.564314 -22.24246 26.8 4.2 -22.4 29.8 4.7 -21.9 29.99134 4.66194 -21.9 26.8 4.7 -21.9 26.8 4.7 -19.2 26.60866 4.66194 -21.9 26.44645 4.553554 -21.9 26.33806 4.391342 -21.9 26.44595 4.2 -22.25306 26.44645 -1.6 -22.25355 26.33806 -1.6 -22.09134 26.60866 -1.6 -22.36194 27.3 1.9 -22.4 13.76272 -19.96623 -14.2 23.00089 -7.681818 -14.2 10.57972 -21.91515 -14.2 10.4099 -21.90197 -14.2 10.75 -21.91955 -14.2 12.54513 -21.38834 -14.2 23.00133 7.680485 -14.2 13.76272 19.96623 -14.2 12.39967 21.47727 -14.2 10.4099 21.90197 -14.2 0 -24.25 -14.2 5.335649 -23.65543 -14.2 -8.842329 -22.58014 -14.2 -16.44871 -17.81858 -14.2 -21.80225 -10.61656 -14.2 -24.79972 5.07731e-5 -14.2 -24.17262 -1.935748 -14.2 -24.17262 1.935748 -14.2 -18.15527 16.07601 -14.2 -4.844385 23.76097 -14.2 -24.17262 1.935748 -16.7 -20.74665 12.55543 -14.7 -21.00112 12.125 -14.7 -21.24665 11.68941 -14.7 -21.24665 11.68941 -16.7 -23.22715 6.967826 -16.7 -24.79972 -5.07724e-5 -16.7 -24.17262 -1.935748 -16.7 -21.24665 -11.68941 -14.7 -23.22715 -6.967826 -16.7 -12.55543 -20.74665 -14.7 -21.00032 -12.12638 -14.7 -20.74664 -12.55543 -14.7 -20.74665 -12.55543 -16.7 -17.14734 -17.14734 -16.7 -6.27636 -23.4237 -16.7 -12.125 -21.00112 -14.7 -11.68941 -21.24665 -14.7 -11.68941 -21.24665 -16.7 0 -24.25 -14.7 -0.5 -24.24485 -14.7 -0.2500133 -24.24871 -14.7 5.579259 -23.59922 -16.7 0.5 -24.24485 -16.7 0.5 -24.24485 -14.7 0.2500133 -24.24871 -14.7 10.4099 -21.90197 -16.7 10.57972 -21.91515 -16.7 10.75 -21.91955 -16.7 12.54519 -21.3883 -16.7 20.74664 -12.55543 -14.7 13.76272 -19.96623 -16.7 24.24485 -0.5 -14.7 21.00032 -12.12638 -14.7 21.24665 -11.68941 -14.7 21.24665 -11.68941 -16.7 23.4237 -6.27636 -16.7 21.24665 11.68941 -14.7 23.4237 6.27636 -16.7 24.24485 0.5 -16.7 24.24485 0.5 -14.7 24.25 0 -14.7 13.76272 19.96623 -16.7 17.64789 16.63139 -16.7 21.00112 12.125 -14.7 20.74665 12.55543 -14.7 20.74665 12.55543 -16.7 12.39967 21.47727 -16.7 0.5 24.24485 -14.7 10.4099 21.90197 -16.7 -11.68941 21.24665 -14.7 0 24.25 -14.7 -0.5 24.24485 -14.7 -0.5 24.24485 -16.7 -6.27636 23.4237 -16.7 -12.125 21.00112 -14.7 -12.55543 20.74665 -14.7 -12.55543 20.74665 -16.7 -17.14734 17.14734 -16.7 -0.5 20.09378 -14.7 5.579259 23.59922 -16.7 0.5 24.24485 -16.7 0.5 20.09378 -14.7 -0.2500193 20.09845 -14.7 0 20.1 -14.7 0.2500193 20.09845 -14.7 -0.5 20.09378 -16.7 -11.68941 21.24665 -16.7 -9.613878 17.65172 -16.7 -5.202183 19.41481 -16.7 -9.613878 17.65172 -14.7 -10.4799 17.15172 -16.7 -10.4799 17.15172 -14.7 -10.05 17.40711 -14.7 -14.21263 14.21263 -16.7 -20.74665 12.55543 -16.7 -17.15172 10.4799 -16.7 -17.15172 10.4799 -14.7 -17.65172 9.613878 -14.7 -17.40711 10.05 -14.7 -17.65172 9.613878 -16.7 -19.20687 5.924515 -16.7 -23.34811 1.683194 -16.7 -20.00023 2.000174 -16.7 10.21591 21.06157 -16.7 13.13117 19.38025 -16.7 4.472655 19.5959 -16.7 8.267915 18.3208 -16.7 0.5 20.09378 -16.7 17.15172 10.4799 -16.7 14.73422 13.67138 -16.7 20.09378 0.5 -16.7 21.24665 11.68941 -16.7 17.65172 9.613878 -16.7 19.41481 5.202183 -16.7 17.65172 9.613878 -14.7 17.15172 10.4799 -14.7 17.40711 10.05 -14.7 17.64789 -16.63139 -16.7 14.73422 -13.67138 -16.7 11.73232 -16.32062 -16.7 13.1992 -19.12089 -16.7 20.74665 -12.55543 -16.7 17.15172 -10.4799 -16.7 17.15172 -10.4799 -14.7 17.65172 -9.613878 -14.7 17.40711 -10.05 -14.7 17.65172 -9.613878 -16.7 24.24485 -0.5 -16.7 19.41481 -5.202183 -16.7 20.09378 -0.5 -14.7 20.09378 -0.5 -16.7 20.09378 0.5 -14.7 20.1 0 -14.7 20.09962 0.04077261 -10.3 19.70741 3.951864 -10.3 19.72214 -3.877933 -10.3 18.58518 -7.655049 -10.3 16.7279 -11.14382 -10.3 0.5 -20.09378 -16.7 4.472655 -19.5959 -16.7 0.5 -20.09378 -14.7 8.267915 -18.3208 -16.7 7.691893 -18.56953 -10.3 3.916378 -19.71453 -10.3 8.879719 -20.27822 -16.7 10.75 -21.11955 -16.7 14.21563 -14.20932 -10.3 0.2500193 -20.09845 -14.7 0 -20.1 -10.3 -20.00023 -2.000174 -16.7 -23.34908 -1.682124 -16.7 -21.24665 -11.68941 -16.7 -17.65172 -9.613878 -16.7 -19.20687 -5.924515 -16.7 -17.65172 -9.613878 -14.7 -17.15172 -10.4799 -16.7 -17.15172 -10.4799 -14.7 -17.40711 -10.05 -14.7 -14.21263 -14.21263 -16.7 -12.55543 -20.74665 -16.7 -10.4799 -17.15172 -16.7 -10.4799 -17.15172 -14.7 -9.613878 -17.65172 -14.7 -10.05 -17.40711 -14.7 -9.613878 -17.65172 -16.7 -0.5 -24.24485 -16.7 -5.202183 -19.41481 -16.7 -0.5 -20.09378 -14.7 -0.5 -20.09378 -16.7 -0.2500193 -20.09845 -14.7 0 -20.1 -14.7 -19.72214 3.877933 -10.3 -18.58518 7.655049 -10.3 -20.00023 2.000174 -13.7 -23.34811 1.683194 -13.7 -23.34908 -1.682123 -13.7 -20.00023 -2.000174 -13.7 -18.56335 -7.70775 -10.3 -19.70741 -3.951864 -10.3 -16.7279 11.14382 -10.3 -14.21563 14.20932 -10.3 -3.916378 19.71453 -10.3 0 20.1 -10.3 -2.090569 19.89044 -10.3 3.939096 19.71011 -10.3 3.74241 17.60666 -10.3 -1.046719 19.97258 -10.3 0 20 -10.3 -7.691893 18.56953 -10.3 -7.321259 16.44382 -10.3 -1.881512 17.90139 -10.3 -11.16001 16.71775 -10.3 -10.00012 17.32071 -10.3 -8.134734 18.27091 -10.3 -11.7557 16.18034 -10.3 -14.8629 13.38261 -10.3 -13.37661 12.04435 -10.3 -17.32051 10 -10.3 -16.18053 11.75584 -10.3 -19.02113 6.18034 -10.3 -17.11902 5.562306 -10.3 -20.09999 0 -13.7 -20.09962 -0.04077261 -10.3 -19.89044 2.090569 -10.3 -19.56318 4.158282 -10.3 -19.89044 -2.090569 -10.3 -19.02113 -6.18034 -10.3 -19.56318 -4.158282 -10.3 -16.71106 -11.16907 -10.3 -17.32051 -10 -10.3 -14.2139 -14.21106 -10.3 -16.18053 -11.75584 -10.3 -11.17575 -16.70724 -10.3 -11.7557 -16.18034 -10.3 -13.37661 -12.04435 -10.3 -14.8629 -13.38261 -10.3 -7.718264 -18.55867 -10.3 -10.00012 -17.32071 -10.3 -3.939096 -19.71011 -10.3 -4.158234 -19.56295 -10.3 -7.321259 -16.44382 -10.3 -8.134734 -18.27091 -10.3 -2.090594 -19.89067 -10.3 0 -20 -10.3 -21.5 -0.85 -13.7 -20.65033 0.003462851 -13.7 -21.5 0.85 -13.7 8.267915 18.3208 -13.7 7.718264 18.55867 -10.3 10.21591 21.06157 -13.7 11.17575 16.70724 -10.3 10.05 17.4071 -13.7 9.900329 18.61608 -13.7 11.73232 16.32062 -13.7 10.75 17.76955 -13.7 14.2139 14.21106 -10.3 11.73232 16.32062 -16.7 13.13117 19.38025 -13.7 11.59967 18.62301 -13.7 16.71106 11.16907 -10.3 18.56335 7.70775 -10.3 11.16001 -16.71775 -10.3 6.180412 -19.02135 -10.3 4.158234 -19.56295 -10.3 3.74241 -17.60666 -10.3 0 -18 -10.3 8.134734 -18.27091 -10.3 11.7557 -16.18034 -10.3 10.58013 -14.56231 -10.3 14.8629 -13.38261 -10.3 13.38277 -14.86307 -10.3 17.32051 -10 -10.3 15.58846 -9 -10.3 19.02113 -6.18034 -10.3 18.27112 -8.134828 -10.3 19.89044 -2.090569 -10.3 17.90139 -1.881512 -10.3 19.89044 2.090569 -10.3 20.00023 0 -10.3 19.02113 6.18034 -10.3 17.32051 10 -10.3 18.27112 8.134828 -10.3 14.8629 13.38261 -10.3 15.58846 9 -10.3 13.38277 14.86307 -10.3 8.134734 18.27091 -10.3 10.58013 14.56231 -10.3 11.7557 16.18034 -10.3 6.180412 19.02135 -10.3 4.158234 19.56295 -10.3 10.75 19.46955 -13.7 0 18 -10.3 -0.9420466 17.97532 -10.3 0 18.35355 -10.15355 -1.918468 18.253 -10.15355 0 19.64645 -10.15355 -2.053614 19.53883 -10.15355 5.562369 17.11921 -10.3 7.46506 16.7668 -10.15355 3.815917 17.95248 -10.15355 7.321259 16.44382 -10.3 7.990933 17.94793 -10.15355 4.084728 19.21713 -10.15355 12.04449 13.37676 -10.3 13.63934 12.28092 -10.15355 10.78794 14.84833 -10.15355 13.37661 12.04435 -10.3 14.60016 13.14604 -10.15355 11.5479 15.89432 -10.15355 16.444 -7.321342 -10.3 16.444 7.321342 -10.3 17.45526 5.671557 -10.15355 15.89464 9.176774 -10.15355 17.11902 -5.562306 -10.3 17.11902 5.562306 -10.3 17.90139 1.881512 -10.3 18.68489 6.071088 -10.15355 17.01433 9.823227 -10.15355 18.0002 0 -10.3 18.253 -1.918468 -10.15355 18.253 1.918468 -10.15355 19.53883 -2.053614 -10.15355 19.53883 2.053614 -10.15355 15.89464 -9.176774 -10.15355 17.45526 -5.671557 -10.15355 17.01433 -9.823227 -10.15355 18.68489 -6.071088 -10.15355 12.04449 -13.37676 -10.3 13.37661 -12.04435 -10.3 10.78794 -14.84833 -10.15355 13.63934 -12.28092 -10.15355 11.5479 -15.89432 -10.15355 7.321259 -16.44382 -10.3 14.60016 -13.14604 -10.15355 5.562369 -17.11921 -10.3 3.815917 -17.95248 -10.15355 7.46506 -16.7668 -10.15355 4.084728 -19.21713 -10.15355 7.990933 -17.94793 -10.15355 0 -18.35355 -10.15355 0 -19.64645 -10.15355 -1.881534 -17.9016 -10.3 -3.815917 -17.95248 -10.15355 -3.74241 -17.60666 -10.3 -4.084728 -19.21713 -10.15355 -9.000102 -15.58863 -10.3 -10.78794 -14.84833 -10.15355 -7.46506 -16.7668 -10.15355 -10.58013 -14.56231 -10.3 -11.5479 -15.89432 -10.15355 -7.990933 -17.94793 -10.15355 -14.56247 -10.58025 -10.3 -15.89464 -9.176774 -10.15355 -13.63934 -12.28092 -10.15355 -15.58846 9 -10.3 -15.58846 -9 -10.3 -14.56247 10.58025 -10.3 -17.11902 -5.562306 -10.3 -17.01433 -9.823227 -10.15355 -14.60016 -13.14604 -10.15355 -17.60686 3.742453 -10.3 -17.60686 -3.742453 -10.3 -18.253 -1.918468 -10.15355 -17.45526 -5.671557 -10.15355 -17.90139 1.881512 -10.3 -17.90139 -1.881512 -10.3 -19.53883 -2.053614 -10.15355 -18.68489 -6.071088 -10.15355 -17.45526 5.671557 -10.15355 -18.253 1.918468 -10.15355 -18.68489 6.071088 -10.15355 -19.53883 2.053614 -10.15355 -13.63934 12.28092 -10.15355 -15.89464 9.176774 -10.15355 -14.60016 13.14604 -10.15355 -10.58013 14.56231 -10.3 -17.01433 9.823227 -10.15355 -9.000102 15.58863 -10.3 -7.46506 16.7668 -10.15355 -10.78794 14.84833 -10.15355 -7.990933 17.94793 -10.15355 -11.5479 15.89432 -10.15355 -2.038305 19.39318 -9.800001 -1.933777 18.39866 -9.800001 -1.933777 18.39866 -7.4 -0.9681445 18.47465 -9.800001 -2.038305 19.39318 -7.4 -1.020551 19.47328 -7.4 -0.9682152 18.47465 -7.4 0 18.5 -9.800001 -1.020626 19.47327 -9.800001 0 18.5 -7.4 0 19.5 -7.4 0 19.5 -9.800001 4.054278 19.07388 -9.800001 3.846366 18.09573 -9.800001 3.846366 18.09573 -7.4 5.717354 17.59437 -9.800001 4.054278 19.07388 -7.4 5.716811 17.59454 -7.4 7.524628 16.90059 -9.800001 6.025828 18.54559 -7.4 6.025263 18.54579 -9.800001 7.524628 16.90059 -7.4 7.931365 17.81414 -7.4 7.931365 17.81414 -9.800001 11.46181 15.77583 -9.800001 10.87403 14.96681 -9.800001 10.87403 14.96681 -7.4 12.37934 13.7478 -9.800001 11.46181 15.77583 -7.4 12.37891 13.74817 -7.4 13.74818 12.37892 -9.800001 13.04804 14.49132 -7.4 13.0476 14.49172 -9.800001 13.74818 12.37892 -7.4 14.49132 13.04805 -7.4 14.49132 13.04805 -9.800001 16.8875 9.75 -9.800001 16.02147 9.25 -9.800001 16.02147 9.25 -7.4 16.90082 7.52411 -9.800001 16.8875 9.75 -7.4 17.81413 7.93136 -7.4 16.90058 7.524623 -7.4 17.59455 5.716814 -9.800001 17.81389 7.93191 -9.800001 17.59455 5.716814 -7.4 18.5456 6.025831 -7.4 18.5456 6.025831 -9.800001 19.39318 2.038305 -9.800001 18.39866 1.933777 -9.800001 18.39866 1.933777 -7.4 18.5 -5.67025e-4 -9.800001 19.39318 2.038305 -7.4 18.49999 0 -7.4 18.39866 -1.933777 -9.800001 19.49999 0 -7.4 19.5 5.97675e-4 -9.800001 18.39866 -1.933777 -7.4 19.39318 -2.038305 -7.4 19.39318 -2.038305 -9.800001 18.5456 -6.025831 -9.800001 17.59455 -5.716814 -9.800001 17.59455 -5.716814 -7.4 16.90036 -7.525146 -9.800001 18.5456 -6.025831 -7.4 16.90058 -7.524623 -7.4 16.02147 -9.25 -9.800001 17.81413 -7.93136 -7.4 17.81438 -7.930819 -9.800001 16.02147 -9.25 -7.4 16.8875 -9.75 -7.4 16.8875 -9.75 -9.800001 14.49132 -13.04805 -9.800001 13.74818 -12.37892 -9.800001 13.74818 -12.37892 -7.4 12.37849 -13.74856 -9.800001 14.49132 -13.04805 -7.4 13.04804 -14.49132 -7.4 12.37891 -13.74817 -7.4 10.87403 -14.96681 -9.800001 13.04849 -14.49092 -9.800001 10.87403 -14.96681 -7.4 11.46181 -15.77583 -7.4 11.46181 -15.77583 -9.800001 7.524628 -16.90059 -7.4 7.931365 -17.81414 -7.4 7.931365 -17.81414 -9.800001 6.025828 -18.54559 -7.4 7.524628 -16.90059 -9.800001 6.0264 -18.54542 -9.800001 5.716275 -17.59472 -9.800001 5.716811 -17.59454 -7.4 3.846366 -18.09573 -9.800001 4.054278 -19.07388 -9.800001 4.054278 -19.07388 -7.4 3.846366 -18.09573 -7.4 0 -18.5 -7.4 0 -19.5 -7.4 0 -19.5 -9.800001 -2.038304 -19.39317 -7.4 0 -18.5 -9.800001 -2.037711 -19.39324 -9.800001 -1.933775 -18.39864 -7.4 -1.93434 -18.3986 -9.800001 -3.846366 -18.09573 -9.800001 -4.054278 -19.07388 -9.800001 -4.054278 -19.07388 -7.4 -3.846366 -18.09573 -7.4 -7.524628 -16.90059 -7.4 -7.931365 -17.81414 -7.4 -7.931365 -17.81414 -9.800001 -9.749995 -16.88749 -7.4 -7.524628 -16.90059 -9.800001 -9.749483 -16.8878 -9.800001 -9.249995 -16.02146 -7.4 -9.250492 -16.02119 -9.800001 -10.87403 -14.96681 -9.800001 -11.46181 -15.77583 -9.800001 -11.46181 -15.77583 -7.4 -10.87403 -14.96681 -7.4 -13.74818 -12.37892 -7.4 -14.49132 -13.04805 -7.4 -14.49132 -13.04805 -9.800001 -15.77582 -11.46181 -7.4 -13.74818 -12.37892 -9.800001 -15.77548 -11.4623 -9.800001 -14.96715 -10.87357 -9.800001 -14.96681 -10.87402 -7.4 -16.02147 -9.25 -9.800001 -16.8875 -9.75 -9.800001 -16.8875 -9.75 -7.4 -16.02147 -9.25 -7.4 -17.59455 -5.716814 -7.4 -18.5456 -6.025831 -7.4 -18.5456 -6.025831 -9.800001 -19.07387 -4.054275 -7.4 -17.59455 -5.716814 -9.800001 -19.07375 -4.054862 -9.800001 -18.09585 -3.845812 -9.800001 -18.09572 -3.846364 -7.4 -18.39866 -1.933777 -9.800001 -19.39318 -2.038305 -9.800001 -19.39318 -2.038305 -7.4 -18.39866 -1.933777 -7.4 -18.39866 1.933777 -7.4 -19.39318 2.038305 -7.4 -19.39318 2.038305 -9.800001 -19.07387 4.054275 -7.4 -18.39866 1.933777 -9.800001 -19.074 4.053693 -9.800001 -18.09572 3.846364 -7.4 -18.09561 3.846921 -9.800001 -17.59455 5.716814 -9.800001 -18.5456 6.025831 -9.800001 -18.5456 6.025831 -7.4 -17.59455 5.716814 -7.4 -16.02147 9.25 -7.4 -16.8875 9.75 -7.4 -16.8875 9.75 -9.800001 -15.77582 11.46181 -7.4 -16.02147 9.25 -9.800001 -15.77618 11.46133 -9.800001 -14.96681 10.87402 -7.4 -14.96648 10.87449 -9.800001 -13.74818 12.37892 -9.800001 -14.49132 13.04805 -9.800001 -14.49132 13.04805 -7.4 -13.74818 12.37892 -7.4 -11.46181 15.77583 -9.800001 -10.87403 14.96681 -9.800001 -10.87403 14.96681 -7.4 -9.249509 16.02175 -9.800001 -11.46181 15.77583 -7.4 -9.749995 16.88749 -7.4 -9.249995 16.02146 -7.4 -7.524628 16.90059 -9.800001 -9.750518 16.8872 -9.800001 -7.524628 16.90059 -7.4 -7.931365 17.81414 -7.4 -7.931365 17.81414 -9.800001 -22.34967 -0.003462851 -13.7 5 -21.6 -20.7 5.599979 -20.99765 -20.7 4.400021 -21.00235 -20.7 5 -20.4 -20.7 5 20.4 -20.7 5.599979 21.00235 -20.7 4.400021 20.99765 -20.7 5 21.6 -20.7 9 -25.65 2.2 8.15 -24.5 1.9 7.85 -24.5 2.2 9 -23.65 1.9 9 -25.6 2.2 9 -23.35 2.2 7.9 -24.5 2.2 9 -25.35 1.9 8.15 -24.5 -5.8 8.996643 -23.65002 -5.8 10.15 -24.5 2.2 9.850001 -24.5 1.9 9.003358 -25.34998 -5.8 9.850001 -24.5 -5.8 10.1 -24.5 2.2 9 -23.4 2.2 10.1 -24.5 2.9 9 -23.4 2.9 9 -23.4 4.2 9 -25.6 2.9 9.777818 -25.27782 2.9 7.9 -24.5 2.9 9 -25.6 4.2 8.222183 -23.72218 2.9 10.1 -24.5 4.2 7.9 -24.5 4.2 10.3 -24.5 4.4 9 -25.8 4.4 9 -23.2 4.4 7.7 -24.5 4.4 9.859704 -24.49943 4.4 9 -25.36 4.4 9 -23.64 4.4 8.140297 -24.50057 4.4 9 -23.78142 4.341421 8.340001 -24.50002 4.2 9.66 -24.49999 4.2 9 -23.84 4.2 9 -25.21858 4.341421 9 -25.16 4.2 9 -25.16 -2.6 9.659999 -24.5003 -2.6 8.340002 -24.4997 -2.6 9 -23.84 -2.6 9 25.65 2.2 9.850001 24.5 1.9 10.15 24.5 2.2 9 23.65 1.9 9 25.6 2.2 9 23.35 2.2 10.1 24.5 2.2 9 25.35 1.9 9.850001 24.5 -5.8 9.003358 23.65002 -5.8 7.85 24.5 2.2 8.15 24.5 1.9 8.996643 25.34998 -5.8 8.15 24.5 -5.8 7.9 24.5 2.2 9 23.4 2.2 10.1 24.5 2.9 9 25.6 2.9 9 25.6 4.2 9 23.4 2.9 9.777818 23.72218 2.9 7.9 24.5 2.9 9 23.4 4.2 8.222183 25.27782 2.9 10.1 24.5 4.2 7.9 24.5 4.2 10.3 24.5 4.4 9 23.2 4.4 9 25.8 4.4 7.7 24.5 4.4 9.859704 24.50057 4.4 9 23.64 4.4 9 25.36 4.4 8.140297 24.49943 4.4 9 25.21858 4.341421 8.340001 24.49999 4.2 9.66 24.50002 4.2 9 25.16 4.2 9 23.78142 4.341421 9 23.84 4.2 9 23.84 -2.6 9.659999 24.4997 -2.6 8.340002 24.5003 -2.6 9 25.16 -2.6 7.444365 -26.05564 2.9 6.8 -24.5 2.2 6.8 -24.5 2.9 7.445426 -22.94332 2.2 6.9 -24.5 2.9 7.444365 -22.94437 2.9 7.455036 -26.06622 2.2 7.2 -24.5 2.2 9 -26.7 2.9 9.008656 -26.69997 2.2 7.727697 -25.77306 2.2 10.55563 -26.05564 2.9 10.55457 -26.05669 2.2 10.2723 -25.77306 2.2 9 -26.29972 2.2 11.2 -24.5 2.9 11.2 -24.5 2.2 10.8 -24.5 2.2 10.55563 -22.94437 2.9 10.54496 -22.93378 2.2 11.1 -24.5 2.9 10.48391 -25.98593 2.9 7.525261 -25.99503 2.9 9.008262 -26.59997 2.9 7.727697 -23.22694 2.2 8.991345 -22.30003 2.2 10.2723 -23.22694 2.2 9 -22.3 2.9 9 -22.70028 2.2 6.9 -24.5 2.5 7.514972 -23.01518 2.5 7.514972 -25.98482 2.5 9 -26.6 2.5 10.48503 -25.98482 2.5 11.1 -24.5 2.5 10.48503 -23.01518 2.5 9 -22.4 2.5 7.516089 -23.01408 2.9 10.47474 -23.00497 2.9 8.991739 -22.40003 2.9 7.444365 22.94437 2.9 6.8 24.5 2.2 6.8 24.5 2.9 7.445426 26.05669 2.2 6.9 24.5 2.9 7.444365 26.05564 2.9 7.455036 22.93378 2.2 7.2 24.5 2.2 9 22.3 2.9 9.008656 22.30003 2.2 7.727697 23.22694 2.2 10.55563 22.94437 2.9 10.55457 22.94332 2.2 10.2723 23.22694 2.2 9 22.70028 2.2 11.2 24.5 2.9 11.2 24.5 2.2 10.8 24.5 2.2 10.55563 26.05564 2.9 10.54496 26.06622 2.2 11.1 24.5 2.9 10.48391 23.01408 2.9 7.525261 23.00497 2.9 9.008262 22.40003 2.9 7.727697 25.77306 2.2 8.991345 26.69997 2.2 10.2723 25.77306 2.2 9 26.7 2.9 9 26.29972 2.2 6.9 24.5 2.5 7.514972 25.98482 2.5 7.514972 23.01518 2.5 9 22.4 2.5 10.48503 23.01518 2.5 11.1 24.5 2.5 10.48503 25.98482 2.5 9 26.6 2.5 7.516089 25.98593 2.9 10.47474 25.99503 2.9 8.991739 26.59997 2.9 -26.91357 -1.714608 -3.8 -26.94997 -1.748912 -3.8 -25.5 -2.35 -3.8 -25.5 -2.35 -2.2 -25.5 -2.29969 -3.8 -24.05003 -1.748912 -3.8 -24.05003 -1.748912 -2.2 -27.5 -0.3 -3.8 -27.54968 -0.3 -3.8 -26.94997 -1.748912 -2.2 -26.94997 1.148912 -3.8 -27.54968 -0.3 -2.2 -25.5 1.69969 -3.8 -25.5 1.75 -3.8 -26.94997 1.148912 -2.2 -26.91357 1.114608 -3.8 -24.08643 1.114608 -3.8 -24.05003 1.148912 -3.8 -25.5 1.75 -2.2 -23.5 -0.3 -3.8 -23.45032 -0.3 -3.8 -24.05003 1.148912 -2.2 -23.45032 -0.3 -2.2 -24.08643 -1.714608 -3.8 -27.5 -0.3 -2.2 -26.91382 1.114452 -2.2 -26.91299 -1.715289 -2.2 -24.08618 -1.714452 -2.2 -25.503 -2.299995 -2.2 -23.5 -0.3 -2.2 -24.08701 1.115289 -2.2 -25.497 1.699995 -2.2 2.65 -26.5 -4.1 2.686827 -27.31317 -3.8 3.5 -27.65 -3.8 3.5 -27.65 -2.2 3.5 -27.35 -4.1 4.313173 -27.31317 -3.8 4.65 -26.5 -2.2 2.35 -26.5 -3.8 3.5 -25.65 -4.1 2.686827 -25.68683 -3.8 2.35 -26.5 -2.2 2.65 -26.5 -9.800001 3.496642 -25.65002 -9.800001 4.65 -26.5 -3.8 4.35 -26.5 -4.1 3.503358 -27.34998 -9.800001 4.313173 -25.68683 -3.8 3.5 -25.35 -3.8 4.35 -26.5 -9.800001 3.5 -25.35 -2.2 4.359703 -26.49943 -2.2 3.5 -27.36 -2.2 3.5 -25.64 -2.2 2.640297 -26.50057 -2.2 3.5 -25.78142 -2.258579 2.84 -26.50002 -2.4 4.16 -26.49999 -2.4 3.5 -25.84 -2.4 3.5 -27.21858 -2.258579 3.5 -27.16 -2.4 3.5 -27.16 -9.2 4.159999 -26.5003 -9.2 2.840001 -26.4997 -9.2 3.5 -25.84 -9.2 4.35 26.5 -4.1 4.313173 27.31317 -3.8 3.5 27.65 -3.8 3.5 27.65 -2.2 3.5 27.35 -4.1 2.686827 27.31317 -3.8 2.35 26.5 -2.2 4.65 26.5 -3.8 3.5 25.65 -4.1 4.313173 25.68683 -3.8 4.65 26.5 -2.2 4.35 26.5 -9.800001 3.503358 25.65002 -9.800001 2.35 26.5 -3.8 2.65 26.5 -4.1 3.496642 27.34998 -9.800001 2.686827 25.68683 -3.8 3.5 25.35 -3.8 2.65 26.5 -9.800001 3.5 25.35 -2.2 3.5 27.36 -2.2 2.640297 26.49943 -2.2 4.359703 26.50057 -2.2 3.5 25.64 -2.2 3.5 27.21858 -2.258579 2.84 26.49999 -2.4 4.16 26.50002 -2.4 3.5 27.16 -2.4 3.5 25.78142 -2.258579 3.5 25.84 -2.4 3.5 25.84 -9.2 4.159999 26.4997 -9.2 2.840001 26.5003 -9.2 3.5 27.16 -9.2 0.6600063 -10.00439 -8.100001 0.59 -10 -9.100001 0.59 -10 -8.100001 -0.59 -10 -8.100001 0.8597031 -8.999432 -8.100001 0 -9.86 -8.100001 0.65978 -10.00436 -9.100001 0 -9.850001 -9.100001 -0.59 -10 -9.100001 0.7268212 -10.01697 -8.100001 0.7268212 -10.01697 -9.100001 1.242285 -9.136615 -8.100001 0.8499901 -9 -9.100001 1.242283 -9.13663 -9.100001 -0.6597808 -10.00436 -9.100001 -0.6600063 -10.00439 -8.100001 -0.8499835 -8.996643 -9.100001 -0.7268212 -10.01697 -9.100001 -0.7268212 -10.01697 -8.100001 -1.242283 -9.13663 -9.100001 -1.242285 -9.136615 -8.100001 -0.8597031 -9.000569 -8.100001 -0.8497072 -9 -16.3 0 -9.850001 -16.3 0.8497072 -9 -16.3 0 -8.15 -16.3 0 -8.15 -9.100001 -0.9312645 -8.166525 -9.100001 0 -7.75 -9.100001 0.9312645 -8.166525 -9.100001 0 -7.75 -8.100001 0.9312589 -8.166519 -8.100001 -0.9312589 -8.166519 -8.100001 0 -8.140001 -8.100001 0 -8.281422 -8.158579 -0.66 -9.000016 -8.300001 0.66 -8.999985 -8.300001 0 -8.340001 -8.300001 0 -9.718579 -8.158579 0 -9.66 -8.300001 0 -9.66 -15.1 0.6599987 -9.000303 -15.1 -0.6599987 -8.999698 -15.1 0 -8.340001 -15.1 -6.944239 4.5 -9.100001 -6.944521 4.5 -16.3 -7.794229 3.65 -16.3 -8.643937 4.5 -16.3 -7.794229 3.65 -9.100001 -7.794229 5.35 -9.100001 -7.794229 5.35 -16.3 -8.644212 4.503358 -9.100001 -7.794229 5.75 -9.100001 -9.044229 4.5 -9.100001 -6.544229 4.5 -9.100001 -7.794229 3.25 -9.100001 -6.544229 4.5 -8.100001 -7.794229 3.25 -8.100001 -6.934525 4.500569 -8.100001 -9.044229 4.5 -8.100001 -7.794229 3.64 -8.100001 -7.794229 5.75 -8.100001 -7.794229 5.36 -8.100001 -8.653932 4.499431 -8.100001 -7.794229 5.218579 -8.158579 -8.454229 4.499985 -8.300001 -7.134229 4.500015 -8.300001 -7.794229 5.16 -8.300001 -7.794229 3.781421 -8.158579 -7.794229 3.84 -8.300001 -7.794229 3.84 -15.1 -7.13423 4.499698 -15.1 -8.454228 4.500302 -15.1 -7.794229 5.16 -15.1 9.044229 4.5 -9.100001 8.644212 4.496642 -9.100001 7.794229 3.65 -9.100001 7.794229 3.65 -16.3 7.794229 3.25 -9.100001 6.944239 4.5 -9.100001 6.944521 4.5 -16.3 7.794229 5.75 -9.100001 7.794229 5.35 -9.100001 8.643937 4.5 -16.3 6.544229 4.5 -9.100001 7.794229 5.35 -16.3 7.794229 3.25 -8.100001 9.044229 4.5 -8.100001 6.544229 4.5 -8.100001 7.794229 5.75 -8.100001 6.934525 4.499431 -8.100001 7.794229 5.36 -8.100001 7.794229 3.64 -8.100001 8.653932 4.500569 -8.100001 7.794229 5.218579 -8.158579 7.134229 4.499985 -8.300001 8.454229 4.500015 -8.300001 7.794229 5.16 -8.300001 7.794229 3.781421 -8.158579 7.794229 3.84 -8.300001 7.794229 3.84 -15.1 8.454228 4.499698 -15.1 7.13423 4.500302 -15.1 7.794229 5.16 -15.1 6.644228 -4.5 -16.3 6.944245 -4.503358 -16.3 7.794229 -5.35 -16.3 7.794229 -5.35 -9.4 7.794229 -5.65 -16.3 8.644219 -4.5 -16.3 8.644229 -4.5 -9.4 7.794229 -3.35 -16.3 7.794229 -3.65 -16.3 6.944229 -4.5 -9.4 8.944229 -4.5 -16.3 7.794229 -3.65 -9.4 -8.944229 -4.5 -16.3 -8.644219 -4.5 -16.3 -7.794229 -5.35 -16.3 -7.794229 -5.35 -9.4 -7.794229 -5.65 -16.3 -6.944245 -4.496642 -16.3 -6.944229 -4.5 -9.4 -7.794229 -3.35 -16.3 -7.794229 -3.65 -16.3 -8.644229 -4.5 -9.4 -6.644228 -4.5 -16.3 -7.794229 -3.65 -9.4 7.794229 -3.35 -17.6 8.944229 -4.5 -17.6 6.644228 -4.5 -17.6 7.794229 -5.65 -17.6 -7.794229 -3.35 -17.6 -6.644228 -4.5 -17.6 -8.944229 -4.5 -17.6 -7.794229 -5.65 -17.6 -6.644228 -4.5 -9.100001 -7.794229 -5.65 -9.100001 -7.794229 -3.35 -9.100001 -8.944229 -4.5 -9.100001 8.944229 -4.5 -9.100001 7.794229 -5.65 -9.100001 7.794229 -3.35 -9.100001 6.644228 -4.5 -9.100001 7.794229 -3.64 -17.6 8.653932 -4.500569 -17.6 6.934525 -4.499431 -17.6 7.794229 -5.36 -17.6 -7.794229 -3.64 -17.6 -6.934525 -4.500569 -17.6 -8.653932 -4.499431 -17.6 -7.794229 -5.36 -17.6 -7.794229 -3.781421 -17.54142 -7.134229 -4.500015 -17.4 -8.454229 -4.499985 -17.4 -7.794229 -3.84 -17.4 -7.794229 -5.218579 -17.54142 -7.794229 -5.16 -17.4 -7.794229 -5.16 -10.6 -8.454228 -4.500302 -10.6 -7.13423 -4.499698 -10.6 -7.794229 -3.84 -10.6 7.794229 -3.781421 -17.54142 8.454229 -4.500015 -17.4 7.794229 -5.218579 -17.54142 7.794229 -5.16 -17.4</float_array>
          <technique_common>
            <accessor source="#lds-mesh-positions-array" count="7231" stride="3">
              <param name="X" type="float"/>
              <param name="Y" type="float"/>
              <param name="Z" type="float"/>
            </accessor>
          </technique_common>
        </source>
        <source id="lds-mesh-normals">
          <float_array id="lds-mesh-normals-array" count="43698">0.534726 0.8450255 0 -0.3776456 -0.5967921 -0.7079712 0.534726 0.8450255 0 -0.8660258 0.4999995 0 -0.8660233 0.5000036 -1.35237e-7 0.4644507 0.885599 0 -0.3285531 -0.626474 -0.706812 0.4644507 0.885599 0 -0.3776524 -0.5968097 -0.7079526 -0.3778719 -0.5980106 -0.7068211 0.8660273 -0.4999967 0 -0.32842 -0.6252209 -0.7079824 0.05840206 0.1113591 -0.9920626 0.08028447 0.2330051 -0.9691559 -0.3257655 -0.9454506 0 0.8660258 -0.4999992 0 0.8660265 -0.4999982 -1.35923e-7 0.8660234 -0.5000035 2.22338e-7 0.3781709 0.597622 -0.7069898 0.1862134 0.6950266 -0.6944512 0.6876838 0.6086675 -0.3957461 -0.7488172 -0.6627766 3.72148e-5 0.3081642 0.3081933 -0.9000288 -0.8660255 0.4999999 0 -0.8660255 0.4999999 0 -0.748818 -0.6627757 0 -0.9991765 -0.04057401 0 -0.1256048 -0.005100488 -0.9920673 -0.9991765 -0.04057401 0 0 1 0 -0.2778082 -0.1354243 0.9510431 0.8988856 0.4381834 0 0 1 0 0 1 0 0 1 0 -0.9991765 0.04057401 0 -0.7064428 0.02868682 -0.7071884 -0.9991765 0.04057401 0 -0.6943905 -0.1860771 -0.6951237 0 -1 0 -0.2778082 0.1354243 0.9510431 0.2259669 -0.110153 -0.967887 -0.4209897 0.1128134 -0.9000227 0 -1 0 0 -1 0 0.9483917 -0.3171014 0 0.7056602 -0.02865505 -0.7079707 0 -1 0 0.7068211 0.02870219 -0.7068099 0.705676 -0.02865254 -0.7079551 0.7068304 -0.02824056 -0.7068191 0.7056695 0.02819103 -0.7079801 0.4644507 -0.885599 0 0.8660273 0.4999967 0 0.328527 -0.6264243 -0.7068681 0.1626834 -0.4721467 -0.8663784 -0.08190256 0.2377011 0.9678792 0.8660258 0.4999992 0 0.8660258 0.4999992 0 -0.1995816 0.9798812 0 0.4644507 -0.885599 0 -0.3280134 0.6254449 -0.7079731 0.8660234 0.5000035 2.24631e-7 0.534726 -0.8450255 0 -0.378266 0.5977724 -0.7068119 0.534726 -0.8450255 0 -0.3280266 0.6254612 -0.7079526 -0.3289567 0.6262518 -0.7068213 -0.8660258 -0.4999995 0 -0.377249 0.5970317 -0.7079805 0.06724578 -0.1062683 -0.992061 0.6876838 -0.6086675 -0.3957461 -0.7488172 0.6627766 0 -0.8660255 -0.4999999 0 -0.8660265 -0.4999983 2.3301e-7 -0.8660233 -0.5000036 -1.36383e-7 0.5082053 -0.5082532 -0.6952741 0.01900166 -0.1710929 -0.9850717 -0.1049311 0.9448106 0.3103585 0.2564946 -0.8929729 -0.3698783 -0.3394684 -0.8690184 -0.3599559 0.09934234 0.2543104 -0.9620069 0.2336611 0.8062595 -0.5434595 0.6962629 -0.1714994 -0.6969978 -0.9709787 0.2391659 -2.66688e-5 0.519834 -0.1393009 -0.8428333 -0.748818 0.6627757 3.72146e-5 0.5123279 0.1261937 -0.8494678 -0.9709787 -0.2391659 0 0.6943905 0.1860771 -0.6951237 -0.970979 0.239165 0 -0.970979 -0.239165 -2.66689e-5 0.1020708 0.9190555 -0.3806818 -0.03504198 -0.3155218 0.9482711 0.08222007 0.3813877 -0.9207515 -0.2564946 0.8929729 -0.3698781 -0.1335109 0.3417798 0.930248 0.2755012 -0.7052664 -0.6532217 -0.1749615 -0.8590043 0.4811446 -0.1019948 0.3806877 -0.9190615 0 0 1 0 0 1 0 0 1 0 0 1 0 0 1 0 0 1 0 0 1 0 0 1 0 0 1 0 0 1 0 0 1 0 0 1 0 0 1 0 0 1 0.1019948 -0.3806877 -0.9190615 0 0 1 0 0 1 0 0 1 0 0 1 -0.1603352 -0.3777325 -0.911927 -0.06293535 -0.2349013 0.9699797 0 0 1 0 0 1 0.3720999 0.8982087 0.2340144 -0.3725833 0.8980211 0.2339655 0 0 -1 -0.3776096 0.9115085 0.1629827 0 0 -1 0 0 -1 0.3820681 0.9208013 0.07841539 -0.3815045 0.9210333 0.07843518 0.3775667 0.9115267 0.1629801 -0.3826835 -0.9238795 0 0.3825464 -0.9235486 -0.02675938 0.382858 -0.9238072 0 0.9120614 0.3777882 0.159437 -0.9238548 -0.3826732 0.007308304 0.9129701 0.3781169 0.1533399 -0.3827381 -0.9237385 -0.01479297 0.9129524 -0.3781573 0.1533457 -0.9166817 0.379702 0.1245843 0.9120776 -0.3777472 0.1594413 -0.9163738 -0.3785227 -0.1303064 0.3815045 -0.9210333 0.07843518 -0.3825464 0.9235486 -0.02675938 0.3725833 -0.8980211 0.2339655 0.3776095 -0.9115081 0.1629852 -0.9234213 0.3833086 0.01917147 -0.3820681 -0.9208013 0.07841539 -0.3775667 -0.9115267 0.1629802 0.3826835 0.9238795 0 -0.382858 0.9238072 0 -0.3720999 -0.8982087 0.2340144 0 0 -1 0 0 -1 0 0 -1 0 0 -1 0 0 -1 0 0 -1 0 0 -1 0 0 -1 -0.9120779 0.3777473 0.1594399 0 0 -1 -0.9129529 0.3781575 0.1533421 0 0 -1 -0.9129698 -0.3781167 0.1533424 0 0 -1 -0.9120621 -0.3777885 0.1594321 0 0 -1 0 0 -1 0 0 -1 0.9238548 0.3826732 0.007308304 0.3827381 0.9237384 -0.01479738 0.9166817 -0.379702 0.1245843 0.9788787 0.1927761 -0.06807273 0.03024762 0.02016776 0.9993389 0.9234213 -0.3833086 0.01917147 0 0 1 -0.5000008 0.8660249 0 0 0 1 0.5001506 0.8655384 -0.02631938 0 0 1 0.4999861 0.8660334 0 0 0 1 -0.9999961 3.73092e-4 0.002759754 -0.4999858 0.8660328 -0.001144468 0 0 1 -0.5001506 -0.8655384 -0.02631938 0 0 1 0 0 1 -0.9996103 0 0.02791744 0 0 1 0.5000008 -0.8660249 0 0 0 1 -0.4999861 -0.8660334 0 0 0 1 0.9999961 -3.73092e-4 0.002759754 0.4999858 -0.8660328 -0.001144468 0 0 1 0 0 1 0.9996103 0 0.02791744 -0.5 -0.8660254 0 0.4999946 -0.866016 -0.004658579 0.500252 -0.8658798 0 -0.9999296 0 0.01187431 -0.7077555 -0.7064306 -0.006173551 -0.06083852 -0.2268781 0.9720211 -0.4999946 0.866016 -0.004658579 -0.9999893 4.53804e-4 0.004623472 0.5 0.8660254 0 -0.500252 0.8658798 0 0.9999296 0 0.01187431 0.06083852 0.2268781 0.9720211 0.7077555 0.7064306 -0.006173551 0.9999893 -4.53804e-4 0.004623472 0 0 -1 0 0 -1 0 0 -1 0 0 -1 0 0 -1 0 0 -1 0 0 -1 0 0 -1 0 0 -1 0 0 -1 0 0 -1 0 0 -1 0 0 -1 0 0 -1 0.2157386 -0.3736702 0.9021239 -0.138787 -0.3789784 0.9149391 0.1142572 -0.1978992 0.9735406 -0.1451447 -0.251398 -0.9569389 -0.5 -0.8660254 0 0.1305535 -0.9914413 0 0.125503 -0.3031703 0.9446358 0.0715171 -0.09317678 0.9930778 0.460483 -0.8200988 0.339696 -0.3574067 -0.8628562 0.3574067 0.08053666 -0.1944327 -0.9776041 0.3826835 -0.9238796 0 -0.3826835 -0.9238796 0 -0.3826835 -0.9238796 0 0.2347354 -0.09723061 0.9671843 0.9238796 -0.3826835 0 0.3826835 -0.9238796 0 0.2347354 0.09723061 0.9671843 0.9238796 0.3826835 0 0.207421 0 -0.9782518 0.9238796 -0.3826835 0 0.3574067 0.8628562 0.3574067 0.3826835 0.9238796 0 0.138787 0.3789784 0.9149391 0.1451447 0.251398 -0.9569389 0.9238796 0.3826835 0 -0.460483 0.8200988 0.339696 -0.08053666 0.1944327 -0.9776041 -0.3826835 0.9238796 0 0.3826835 0.9238796 0 -0.2157386 0.3736702 0.9021239 0.5 0.8660254 0 -0.1142572 0.1978992 0.9735406 -0.1305535 0.9914413 0 -0.125503 0.3031703 0.9446358 -0.0715171 0.09317678 0.9930778 1 0 -1.93914e-4 0.008035719 0.06070536 0.9981234 0.7934605 0.6086216 -5.1276e-4 0.2006249 0.2609235 0.9442821 0.04524624 0.1088834 0.9930242 0.7937816 -0.6081426 -0.008567333 0.9245223 -0.3810544 0.007493495 0.321722 -0.04171013 0.945915 0.1160206 0.0154162 0.9931271 0.05641174 0.02339434 0.9981334 -0.2347354 0.09723061 0.9671843 -0.9238796 0.3826835 0 -0.3826835 0.9238796 0 -0.2347354 -0.09723061 0.9671843 -0.9238796 -0.3826835 0 -0.207421 0 -0.9782518 -0.9238796 0.3826835 0 -0.9238796 -0.3826835 0 -1 0 -1.93914e-4 -0.7934605 -0.6086216 -5.1276e-4 -0.2006249 -0.2609235 0.9442821 -0.04524624 -0.1088834 0.9930242 -0.008035719 -0.0607053 0.9981234 -0.7937816 0.6081426 -0.008567333 -0.9245223 0.3810544 0.007493495 -0.321722 0.04171013 0.945915 -0.1160206 -0.0154162 0.9931271 -0.05641174 -0.02339434 0.9981334 0.4441864 0.183988 -0.8768391 0.4441864 -0.183988 -0.8768391 0.1532483 0 0.9881877 0.06063133 0.146377 0.9873691 -0.1565602 0.3779699 0.9124843 0.2013677 0.3748499 0.9049522 -0.4441864 0.183988 -0.8768391 -0.3423058 0.8680666 0.359565 -0.09752303 0.1689148 0.980794 -0.4441864 -0.183988 -0.8768391 -0.1532483 0 0.9881877 0 0 -1 -0.965924 -0.2588258 0 0 0 -1 -0.9655149 0.2592334 -0.0240634 0 0 -1 -0.9659322 0.258795 0 0 0 -1 -0.7071737 -0.7070353 0.002561748 0 0 -1 -0.9659312 -0.2587948 -0.001439273 0 0 -1 -0.2588397 -0.965915 -0.003209233 0 0 -1 -0.7071318 -0.7070651 0.004855215 0.2588136 -0.9659162 0.004625976 -0.2588382 -0.9659156 -0.003133773 0 0 -1 0.7066795 -0.7075216 -0.004159688 0.2588353 -0.9659047 0.005708575 0 0 -1 0.9655149 -0.2592334 -0.0240634 0 0 -1 0.7069212 -0.7068545 0.02488148 0 0 -1 0.965924 0.2588258 0 0 0 -1 0.9659322 -0.258795 0 0 0 -1 0.7071737 0.7070353 0.002561748 0 0 -1 0.9659312 0.2587948 -0.001439273 0 0 -1 0.2588397 0.965915 -0.003209233 0 0 -1 0.7071318 0.7070651 0.004855215 -0.2588136 0.9659162 0.004625976 0.2588382 0.9659156 -0.003133773 0 0 -1 -0.7066795 0.7075216 -0.004159688 -0.2588353 0.9659047 0.005708575 0 0 -1 -0.7069212 0.7068545 0.02488148 0.377965 0.6546546 0.6546525 -0.377965 0.6546547 0.6546524 -0.377965 0.6546546 0.6546525 0.7559302 0 0.6546522 0.3779651 0.6546548 0.6546522 0.377965 -0.6546547 0.6546524 0.7559302 0 0.6546522 -0.377965 -0.6546546 0.6546525 0.377965 -0.6546546 0.6546525 -0.7559302 0 0.6546522 -0.3779651 -0.6546548 0.6546522 -0.7559302 0 0.6546522 0 0 1 0 0 1 0 0 1 0 0 1 0 0 1 0 0 1 0 0 1 0 0 1 0 0 1 0 0 1 0 0 1 0 0 1 0 0 1 0 0 1 0 0 1 0 0 1 0 0 1 0 0 1 0 0 1 0 0 1 -0.2224503 0.2224713 -0.949222 0.3396695 -0.3537397 0.8714889 0.0579831 -0.2000737 -0.9780636 -0.2224504 -0.2224714 -0.949222 0.3396695 0.3537397 0.8714889 0.1595964 0.05336219 -0.9857391 0 0 1 0 0 1 0 0 1 0 0 1 0 0 1 0 0 1 0 0 1 0 0 1 0 0 1 0 0 1 0 0 1 -0.06063133 -0.146377 0.9873691 0.1565602 -0.3779699 0.9124843 -0.2013677 -0.37485 0.9049522 0.3423058 -0.8680666 0.3595654 0.09752303 -0.1689148 0.980794 -0.2817587 0.6784586 -0.6784586 0.2810847 0.6785984 -0.6785984 0 0 -1 0.282785 0.6749896 -0.681485 -0.2808994 0.6781509 -0.6791222 -0.3826836 0.9238795 0 0.2069036 0.4995094 0.8412379 0.7071066 0.707107 0 -0.6795459 0.2814774 -0.6774864 -0.4995093 0.2069036 0.841238 -0.6784194 0.2820125 -0.6783922 -0.6803742 -0.2818203 -0.6765119 -0.9238796 -0.3826835 0 -0.6784942 -0.2765366 -0.6805682 -0.7071067 0.7071068 0 -0.2810846 -0.6785979 -0.6785988 -0.2069035 -0.4995092 0.841238 -0.282785 -0.674989 -0.6814856 0.2817583 -0.6784583 -0.6784591 0.2808992 -0.6781505 -0.6791225 0.3826835 -0.9238796 0 -0.7071068 -0.7071067 0 0 0 -1 0 0 -1 0 0 -1 0 0 -1 0 0 -1 0.6784194 -0.2820125 -0.6783922 0.6784944 0.2765367 -0.680568 0.6795462 -0.2814773 -0.6774861 0.6803744 0.2818205 -0.6765115 0.4995092 -0.2069035 0.8412382 0.9238795 0.3826837 0 0.7071068 -0.7071068 0 0.7071068 -0.7071068 0 -0.6558016 -0.7549333 0 0 0 1 -0.7069852 -0.7069851 -0.01854574 0 0 1 0 0 1 0 0 1 0.4520199 -0.887667 -0.08789372 0 0 -1 0 0 -1 0 0 -1 0.9875091 -0.1575621 0 0 0 -1 0.9967721 0.06559312 0.04629153 0.8829478 -0.4694713 0 0 0 -1 0.694866 0.5038803 -0.5130944 0 0 -1 0.677082 0.6770823 -0.2883043 0 0 -1 0.8829478 -0.4694713 0 0.309477 0.9509069 0 0 0 -1 0 0 -1 -0.7071067 0.7071069 0 -0.03847235 0.5473521 -0.8360177 0 0 -1 0 0 1 0 0 1 0 0 1 0 0 1 0 0 1 0 0 -1 0 0 -1 0 0 -1 0 0 -1 0 0 -1 0 0 -1 0 0 -1 0 0 -1 0 0 -1 0 0 -1 0 0 -1 -0.1276445 0.5975248 -0.7916255 0 0 -1 -0.7990513 0.6012629 0 -0.8829475 0.4694718 0 -0.839116 0.5436865 0.01700627 0 0 -1 -0.8829475 0.4694718 0 0 0 -1 0 0 -1 0 0 -1 0 0 -1 0 0 -1 0 0 -1 0 0 -1 -0.5012604 -0.8652341 -0.01038974 -0.6290599 -0.7728976 0.0831449 -0.6458229 -0.7634872 0 -0.4368432 -0.8990536 0.02950662 -0.3505125 -0.9199282 0.1757079 -0.30524 -0.9522755 0 -0.2544337 -0.9667794 0.02451694 -0.3551173 -0.9348217 0 -0.5901771 -0.8063804 0.03796684 -0.6978529 -0.716241 0 -0.9918755 -0.127213 0 0 0 1 0.3854573 -0.9227257 0 0.3856713 -0.9226363 9.17335e-6 0 0 1 0 0 -1 0 0 -1 0 0 -1 0 0 -1 0 0 -1 -0.9883649 -0.1520976 9.94568e-4 0 0 -1 0 0 1 0 0 -1 -0.4803782 0.8770596 0.00182116 0 0 1 0 0 1 0.05075168 0.9987114 -4.05672e-6 -0.5906442 0.806932 3.26542e-5 0 0 1 0 0 1 0 0 1 -0.5442406 0.8389287 -9.04317e-4 0 0 1 -0.590563 0.8069916 -2.63478e-5 -0.8661147 -0.4998453 2.64281e-5 0 0 -1 0 0 -1 0.403378 -0.9150334 0 0 0 -1 0.4033981 -0.9150245 1.28801e-5 -0.8660811 -0.4999034 -1.2877e-5 0 0 -1 0 0 -1 0.5194599 -0.8544948 0 0 0 -1 0 0 -1 0.7572752 -0.6529823 0.01217985 0 0 1 0 0 1 0 0 1 0 0 1 0 0 1 0 0 1 0 0 1 0 0 1 0 0 1 0 0 1 0.9972365 0.07429271 0 0.9997542 0.02217233 -9.33678e-6 0.999749 0.02240818 0 0 0 -1 0.5205472 -0.8519366 0.05687493 0.9907277 -0.1077283 -0.08278346 0 0 -1 -0.5205345 -0.8519446 0.05687034 0 0 -1 0 -0.9937614 -0.1115279 0 0 -1 -0.9917727 0.0723502 -0.1056042 0 0 -1 0 0 -1 0 0 -1 0 0 -1 -0.9953423 0.09640222 -6.60771e-4 -0.9941396 -0.1080992 -9.61376e-4 -0.5257812 -0.8506179 -0.001854479 -0.9997527 0.02214175 0.002038776 0.05108404 -0.9985418 0.01745486 0.1527293 -0.9880525 0.02063912 0 0 -1 0.3560535 -0.9344655 0 0 0 -1 -0.3854318 -0.9227363 0 0 0 -1 0.6312155 -0.7755491 -0.009518682 0 0 -1 0.2621401 -0.9631577 -0.06008136 0.3783832 -0.9255418 -0.01408904 0.4827597 -0.8757492 0.002497494 0 0 -1 0.9918702 -0.1272535 0 0.71656 -0.6975254 0 0.5747617 -0.8169292 -0.04770427 0.6528289 -0.7573614 -0.01477855 0.4804086 0.8770447 -1.33796e-6 0.9918755 -0.127213 1.61473e-6 0.5906429 0.8069331 0 0.4803789 0.877061 0 0 0 -1 0.8660823 -0.4999015 1.11502e-6 0 0 -1 0.5906443 0.806932 -9.5234e-7 0 0 -1 -0.4033978 -0.9150246 1.77787e-7 0 0 -1 0.8660811 -0.4999034 -1.75357e-7 0 0 -1 -0.5194573 -0.8544964 0 0 0 -1 0 0 -1 -0.4033981 -0.9150245 0 0 0 -1 0.6060025 -0.7954627 -9.36282e-6 0 0 -1 -0.5192812 -0.8546035 8.15199e-6 0 0 -1 0.9872977 -0.1588813 0 0 0 -1 0.6061906 -0.7953194 0 0.9873077 0.1588189 -1.15624e-6 0.9872974 -0.1588831 -1.16074e-6 0.8140003 0.5808646 -1.79916e-4 0.9872974 0.1588831 3.86755e-5 0.3133187 0.9496479 -4.86181e-4 0.6059898 0.795449 0.006114721 -0.2832341 0.9590506 6.05e-4 -0.7572752 0.6529823 0.01217985 -0.4031344 0.9151408 0 -0.5194599 0.8544948 0 0 0 -1 0.866228 0.499649 1.86439e-5 0 0 -1 -0.4034532 0.9150002 2.0419e-4 0.8660253 0.4999999 -2.18636e-4 0 0 -1 0.5902471 -0.8072226 -3.31e-5 0 0 -1 0 0 -1 0 0 -1 0 0 -1 -0.7072696 0.706944 3.31615e-5 0.7069455 0.7072681 0 0 0 -1 0.5906867 -0.8069009 2.86146e-4 0 0 -1 -0.04485166 -0.9989936 1.65009e-5 0 0 -1 0.5442406 -0.8389287 -9.04317e-4 0.4803782 -0.8770596 0.00182116 0.9883649 0.1520976 9.94568e-4 0.6312441 0.7755842 0 0.9918755 0.127213 0 0.3560374 0.9344232 -0.009519815 0.7030491 0.7085988 -0.06008142 0.6123514 0.7904602 -0.01408922 0.5170388 0.8559584 0.002497792 0 0 -1 -0.3854569 0.9227259 0 0 0 -1 0.4200981 0.9062241 -0.04770332 0.3294808 0.9440466 -0.01477885 0.2457941 0.9693221 0 -0.9997542 -0.02217334 -9.29498e-6 -0.3856713 0.9226363 9.18929e-6 -0.9941092 0.1083837 0 -0.999749 -0.02240818 0 0 0 -1 0.001190006 0.9999991 5.85065e-4 -0.9941631 0.107887 2.92666e-4 -3.08384e-4 0.9999999 -2.92443e-4 0 0 -1 0.9940886 0.1085708 -5.8395e-4 0 0 -1 0 0 -1 0.9955905 -0.09380465 -5.66078e-4 0 0 -1 0.9941295 0.1081936 -8.05818e-4 0.5257812 0.8506179 -0.001854479 0.9997527 -0.02214175 0.002038776 0 0 -1 -0.05108404 0.9985418 0.01745486 0 0 -1 -0.1527293 0.9880525 0.02063912 0 0 -1 -0.3560535 0.9344655 0 0 0 -1 0.3854318 0.9227363 0 0 0 -1 -0.6312441 0.7755842 -1.14823e-6 0 0 -1 -0.3560518 0.9344663 -1.12485e-6 0 0 -1 -0.9918702 0.1272535 0 -0.6312455 0.775583 0 -0.4804086 -0.8770447 2.70395e-6 -0.9918621 0.1273167 -2.52368e-6 -0.5909023 -0.8067432 0 -0.4804686 -0.877012 0 0 0 -1 -0.8659344 0.5001577 -6.43058e-5 -0.5906867 -0.806901 1.56501e-4 -0.8660255 0.5 -1.70976e-4 0.4033749 0.9150347 5.01233e-5 0 0 -1 0.5194573 0.8544964 0 0 0 -1 0.4034532 0.9150002 0 0 0 -1 -0.6060025 0.7954627 -9.36282e-6 0 0 -1 0.5192812 0.8546035 8.15199e-6 0 0 -1 -0.9872977 0.1588813 0 0 0 -1 -0.6061906 0.7953194 0 -0.987263 -0.1588118 -0.009513914 -0.9651892 0.2545587 -0.0600813 -0.9907343 0.1350818 -0.01408922 -0.999801 0.01979362 0.002497255 -0.8140003 -0.5808646 -1.79916e-4 -0.9948658 -0.08929324 -0.04763227 -0.9823089 -0.1866852 -0.01475363 -0.9623548 -0.2717964 -1.73507e-5 -0.3133187 -0.9496479 -4.86181e-4 -0.6059898 -0.795449 0.006114721 0.2832341 -0.9590506 6.05e-4 0.4998978 0.8660843 0 -0.5008223 0.8655343 0.005230188 -0.5 0.8660254 0 0.9999989 0.001092076 0.001002132 0.4999999 0.8660252 -6.43882e-4 0.5008223 -0.8655343 0.005230188 0.9999877 0 -0.004952251 -0.4998978 -0.8660843 0 0.5 -0.8660254 0 -0.9999989 -0.001092076 0.001002132 -0.4999999 -0.8660252 -6.44039e-4 -0.9999877 0 -0.004952251 -0.6808247 0.2120317 -0.7010851 0.4999265 0.8660678 -1.64232e-4 -0.680893 0.2120693 -0.7010074 -0.5515006 0.1110492 -0.8267498 0 0 -1 0 0 -1 0.5000005 0.8660252 5.00837e-7 0.4999791 0.8660375 -4.81063e-5 -0.9547619 0.2973715 -2.10466e-6 0.5000004 0.8660252 1.24542e-7 -0.705166 0.07121205 -0.7054571 -0.9949396 0.1004752 1.97542e-5 -0.9547749 0.2973297 1.97569e-5 -0.705168 -0.07121223 -0.7054552 -0.9949396 -0.1004752 0 -0.9949356 0.1005145 0 -0.6809223 -0.2120751 -0.7009772 -0.9547631 -0.2973675 1.97943e-5 -0.6808195 -0.2120184 -0.7010942 -0.5515081 -0.1110486 -0.8267448 -0.9949356 -0.1005145 1.97712e-5 0.5000002 -0.8660253 0 0.4999994 -0.8660258 0 -0.9547749 -0.2973297 0 0.4999995 -0.8660257 0 0 0 -1 0.5000013 -0.8660247 0 0 0 -1 0 0 1 0 0 1 -0.0982334 0.04472017 -0.9941581 -0.2075216 0.04152196 -0.9773488 0.5000003 0.8660253 0 0.01461505 0.9998931 0 0.4999882 0.8660323 -1.75813e-6 0 0 1 0.01469004 0.9998921 -2.24421e-6 0 0 -1 0 0 -1 0.5000084 0.8660206 0 0.8945103 -0.4470475 0 0 0 -1 0 0 -1 0.8945103 -0.4470475 0 0 0 -1 0 0 -1 0 0 -1 -0.8431565 0.5376682 0 -0.9579038 0.2870893 0 -0.9844816 0.1740818 0.02217394 0 0 1 -0.8425704 0.5385862 -3.26539e-5 -0.9180727 0.3964122 1.01176e-6 0 0 1 -0.8020132 0.5968943 0.02218121 0 0 1 -0.7275784 0.6860246 9.8793e-7 -0.7559287 0 0.6546539 -0.08346241 0.04467737 -0.9955089 -0.6008434 0.3731563 0.7069241 -0.6431245 0.7657616 0 0 0 1 -0.8874659 0.4608736 0 -0.8872126 0.4613608 -1.64616e-5 0 0 1 0 0 -1 0 0 -1 0 0 -1 -0.8585872 -0.5126674 0 -0.4999791 -0.8660375 0 0 0 1 0 0 1 -0.8588344 -0.5122534 -1.44577e-5 0 0 -1 -0.5000009 -0.8660249 0 -0.5000002 -0.8660253 0 -0.4999985 -0.8660262 -1.42702e-7 -0.4999995 -0.8660257 0 -0.5000036 -0.8660233 3.52566e-6 -0.4999999 -0.8660255 0 -0.4792739 0.5411084 -0.6910125 0 0 -1 -0.4720024 0.5356714 -0.7001928 0 0 -1 -0.4793549 0.5411829 -0.690898 -0.6630216 0.7486003 0 -0.6630519 0.7485734 4.01684e-5 0 0 -1 0 0 -1 0 0 -1 0.8344095 -0.551145 0 0 0 -1 0.8344095 -0.551145 0 -0.6478488 0.564287 0.5117345 -0.6053273 0.432181 0.6684299 -0.1595071 0.6953083 -0.700788 1 -3.99403e-5 7.65087e-5 -0.1595622 0.6954286 -0.7006562 0 0 -1 0 0 -1 1 0 0 1 0 0 -0.2262097 0.6773648 -0.7000043 -0.3167508 0.9485088 -7.05557e-6 -0.4115695 0.9112448 0.01560407 1 0 0 -0.316796 0.9484938 4.02715e-5 0 0 -1 0 0 -1 0 0 -1 0 0 -1 0 0 -1 0 0 -1 0 0 1 0 0 1 -0.01039743 0.1074483 -0.9941563 -0.02960973 0.1387081 -0.9898906 1 0 0 0.9586433 0.2846104 0 1 0 0 0.8732709 0.48722 0.003806471 0 0 1 0 0 -1 0 0 -1 1 0 0 0.09009367 -0.9959333 0 0.09009367 -0.9959333 0 0 0 -1 0 0 -1 0 0 -1 0 0 -1 0.04406023 0.9990289 4.15277e-4 -0.3418176 0.9397664 2.57663e-5 0 0 1 -0.3416077 0.9398427 4.24342e-6 0.006073474 0.9999803 0.001518547 0 0 -1 0 0 -1 0.6608905 0.750482 -7.40226e-4 0 0 -1 -0.1159473 0.9932554 0 0 0 1 -0.1158397 0.9932678 -1.04373e-5 0.1159473 0.9932554 5.84188e-6 0 0 1 0.1160076 0.9932484 0 -0.3779645 0.6546538 0.6546536 -0.003047108 0.09463357 -0.9955075 0.02279418 0.7069231 0.7069231 0.3416077 0.9398427 0 0 0 1 0.3415507 0.9398633 5.84736e-6 0 0 1 -0.044097 0.9990273 0 0 0 1 0 0 1 -0.04406023 0.9990289 -1.10251e-6 0 0 -1 0 0 -1 0 0 -1 0 0 -1 0 0 -1 0 0 -1 0 0 -1 -0.8732773 0.4872236 0 -1 0 0 -0.8727378 0.4881892 -3.31659e-5 0 0 -1 -1 -1.57684e-6 0 -1 1.31692e-6 0 -1 0 0 -1 0 0 -1 0 0 -1 0 0 0 0 -1 0 0 -1 0.07168 0.7403999 0.6683338 0.3157474 0.9340087 0.1671268 0.2289695 0.6856209 -0.6910116 0.2278946 0.676589 -0.7002081 0.2289876 0.6857018 -0.6909253 0.316796 0.9484937 -3.61822e-7 0.3167582 0.9485063 3.92721e-5 0 0 -1 0 0 -1 -0.09009367 -0.9959333 0 0 0 -1 -0.09009367 -0.9959333 0 0.4781628 0.5426827 -0.6905475 0.4991763 -0.8664985 0.001821339 0.4781016 0.5425966 -0.6906576 0 0 -1 0.5000001 -0.8660254 -1.06323e-6 0.4999791 -0.8660374 4.65293e-5 0.473509 0.5345944 -0.6999987 0.6630819 0.7485468 -3.90677e-5 0.4999995 -0.8660257 0 0.6630216 0.7486003 4.09239e-5 0 0 -1 0 0 1 0 0 1 0 0 1 0.0878452 0.06271195 -0.9941581 0.1397689 0.1590495 -0.9773269 0.4999998 -0.8660255 0 0.8588675 -0.5121978 0 0.4999942 -0.8660287 8.1627e-7 0.8585872 -0.5126674 -1.63947e-5 0 0 -1 0 0 -1 0.5000036 -0.8660233 0 -0.8344095 -0.551145 0 -0.8344095 -0.551145 0 0 0 -1 0 0 -1 0 0 -1 0 0 -1 0.8872126 0.4613608 0 0.7275784 0.6860246 0 0.6429662 0.7655732 0.02218216 0 0 1 0.8874353 0.4609325 -1.44748e-5 0 0 -1 0 0 -1 0.8022106 0.5970413 1.01279e-6 0 0 1 0.917932 0.396117 0.02218121 0 0 1 0.9579038 0.2870893 9.8793e-7 0.3779644 0.6546536 0.6546538 0.08042263 0.04994136 -0.9955089 0.6235905 0.3337566 0.7069239 0.9847313 0.1740816 0 0 0 1 0.8425704 0.5385862 0 0.8431565 0.5376682 -3.26732e-5 0 0 1 0 0 1 0 0 -1 0 0 -1 0 0 -1 0 0 -1 -0.01469004 0.9998921 0 -0.4999791 0.8660375 0 0 0 1 -0.01461505 0.9998931 -2.247e-6 -0.5000017 0.8660244 -1.34999e-7 -0.4999995 0.8660257 0 -0.5000005 0.8660252 0 -0.4999994 0.8660258 1.39628e-7 -0.5000084 0.8660206 -7.5937e-6 -0.5000004 0.8660252 0 0.6808298 0.2119991 -0.7010901 0 0 -1 0.5515506 0.1110531 -0.8267158 0 0 -1 0.6809614 0.2120717 -0.7009401 0.9547749 0.2973297 4.77639e-7 0.9547633 0.2973669 1.99789e-5 0 0 -1 -0.8945103 -0.4470475 0 0 0 -1 0 0 -1 0 0 -1 -0.8945103 -0.4470475 0 0.8124724 0.2789516 0.5119323 0.6769678 0.3081347 0.6684069 0.6806072 -0.2119019 -0.7013355 -0.4999791 -0.8660375 -4.67586e-5 0.6810075 -0.2121226 -0.7008801 0.6753993 -0.2075411 -0.7076457 0 0 -1 -0.4989424 -0.8666321 -0.002335131 0 0 -1 -0.4999999 -0.8660255 3.12583e-7 0.9547885 -0.2972861 4.25533e-5 -0.4999997 -0.8660256 0 0.7072625 -0.07142359 -0.7033338 0.9949396 -0.100475 1.98819e-5 0.9547749 -0.2973297 1.97475e-5 0.7051901 0.07121437 -0.7054328 0.9949396 0.1004751 0 0.7052152 -0.07032519 -0.7054969 0.9949356 -0.1005145 0 0.9949356 0.1005146 1.98311e-5 0 0 -1 0 0 -1 0 0 -1 0 0 -1 0 0 1 0 0 1 0.09823173 -0.04472023 -0.9941583 0.1349455 -0.04371076 -0.9898884 -0.5000003 -0.8660253 0 -0.3826067 -0.9239113 0 -0.4999882 -0.8660323 -1.75813e-6 0 0 1 -0.01564896 -0.99987 0.003880977 -0.130612 -0.9914314 0.002077519 0 0 -1 0 0 -1 0 0 -1 -0.5000084 -0.8660206 0 -0.8945103 0.4470475 0 0 0 -1 0 0 -1 0 0 -1 -0.8945103 0.4470475 0 0 0 -1 0 0 -1 0 0 -1 0.8426412 -0.5384755 0 0.9061062 -0.4230319 0.003948092 0.3690905 -0.9293914 -0.00197184 0.9579038 -0.2870893 0 0.9844889 -0.1740388 0.02218216 0 0 1 0.918158 -0.3962145 1.01173e-6 0 0 1 0.8020132 -0.5968943 0.02218121 0 0 1 0.7275784 -0.6860246 9.8793e-7 0.7559287 0 0.6546539 0.08346086 -0.04467731 -0.995509 0.6008359 -0.3731688 0.7069239 0.6431245 -0.7657616 0 0 0 1 0.8874659 -0.4608736 0 0.8872126 -0.4613608 -1.64616e-5 0 0 1 0 0 -1 0 0 -1 0 0 -1 0.8585872 0.5126674 0 0.4999791 0.8660375 0 0 0 1 0 0 1 0.8588344 0.5122534 -1.44577e-5 0 0 -1 0.4999991 0.8660259 0 0.5000011 0.8660248 0 0.4999992 0.8660258 0 0.4999995 0.8660257 0 0.5000036 0.8660233 3.52566e-6 0.4999999 0.8660255 0 0.479271 -0.5411102 -0.691013 0 0 -1 0.4716686 -0.535425 -0.7006061 0.4793598 -0.5411919 -0.6908875 0.6630216 -0.7486003 1.97853e-7 0.663052 -0.7485734 4.04827e-5 0 0 -1 0 0 -1 0 0 -1 -0.8344095 0.551145 0 0 0 -1 -0.8344095 0.551145 0 0 0 -1 0.6498978 -0.7432714 0.1586835 0.605338 -0.4322082 0.6684026 0.2275058 -0.6762458 -0.7006661 -0.9902172 -0.1389852 -0.01236951 0 0 -1 -0.948488 -0.3167607 -0.005759954 0 0 -1 0.2297652 -0.6826549 -0.6936788 -0.9982105 -0.05771583 -0.01564365 0.230781 -0.6854092 -0.6906188 -1 0 0 0.2307626 -0.6853704 -0.6906636 -0.9238852 -0.3826698 0 -1 0 0 -1 0 0 -1 0 0 0.2263368 -0.6777533 -0.699587 0.3167637 -0.9485045 6.15111e-6 0.3167961 -0.9484938 3.99649e-5 0 0 1 -0.4823547 -0.875976 1.38718e-4 0 0 1 -0.8100821 -0.5863165 -7.78242e-5 0 0 -1 0 0 1 0.009451329 -0.1058293 -0.9943394 0.06478911 -0.1964534 -0.9783703 0.07288813 -0.9973402 0 0.2686727 -0.9632066 0.006931781 0.09059047 -0.9958847 0.002632319 -0.3827031 -0.9238641 -0.003683388 0.1801637 -0.9836367 0 0.2684221 -0.9632059 0.01356035 0 0 -1 0 0 -1 0 0 -1 0 0 -1 0 0 -1 0 0 -1 0 0 -1 0.09028744 -0.9959158 3.3023e-5 0 0 1 -0.09027904 -0.9958235 0.01361048 0 0 1 -0.1801637 -0.9836367 3.26149e-5 -0.02102148 -0.7069506 0.7069506 0.3779644 -0.6546536 0.6546536 0.002801239 -0.09417372 -0.9955518 -0.2684468 -0.9632945 0 0 0 1 0 0 1 -0.2686792 -0.9632297 0 -0.09059059 -0.9958862 0.002009749 -0.07288795 -0.9973372 0.002402126 0 0 1 0 0 -1 0 0 -1 0 0 -1 0 0 -1 0 0 -1 1 0 0 0.9238697 -0.3827072 -1.892e-4 1 0 0 1 0 0 1 0 0 1 0 0 0.9991093 -0.04219579 0 0.9919239 -0.1268335 -4.43017e-4 0.9484994 -0.3167697 -0.002446949 0.8100356 -0.5862777 -0.01098769 0.09009367 0.9959333 0 0 0 -1 0 0 -1 0.03006929 0.9995479 0 0.09009367 0.9959333 0 -0.03006929 0.9995479 0 0.03006929 0.9995479 0 -0.09009367 0.9959333 0 -0.03006929 0.9995479 0 -0.09009367 0.9959333 0 -1 0 0 0.3827031 -0.9238641 -0.003683388 0.4823547 -0.875976 1.38718e-4 -0.316796 -0.9484937 1.80911e-7 -0.2290071 -0.6857388 -0.6908821 -0.3167577 -0.9485065 4.02649e-5 0 0 -1 0 0 -1 0 0 -1 -0.2289825 -0.6856352 -0.690993 -0.2285454 -0.682649 -0.6940873 -0.5223906 -0.4858347 -0.7007659 -0.4999791 0.8660375 4.60113e-5 -0.5224268 -0.4858856 -0.7007035 0 0 -1 -0.5001308 0.8659499 -2.89345e-4 0 0 -1 -0.499998 0.8660266 3.00557e-6 -0.5933782 -0.669913 -0.4462274 -0.6630514 -0.7485738 4.67104e-7 -0.5 0.8660255 0 -0.2278039 -0.6770921 -0.6997512 -0.4132711 -0.575482 -0.7057106 -0.6630216 -0.7486002 3.99261e-5 -0.2276788 -0.6767372 -0.7001352 0 0 -1 0 0 -1 0 0 -1 0 0 -1 0 0 -1 0 0 -1 0 0 -1 0 0 -1 0 0 1 0 0 1 0 0 1 -0.08784502 -0.06271165 -0.9941582 -0.1053327 -0.09502065 -0.9898869 -0.4999998 0.8660255 0 -0.8588675 0.5121978 0 -0.4999942 0.8660287 8.1627e-7 -0.8585872 0.5126674 -1.63947e-5 0 0 -1 0 0 -1 -0.5000036 0.8660233 0 0.8344095 0.551145 0 0.8344095 0.551145 0 0 0 -1 0 0 -1 0 0 -1 0 0 -1 -0.8872126 -0.4613608 0 -0.7275784 -0.6860246 0 -0.6429662 -0.7655732 0.02218216 0 0 1 -0.8874353 -0.4609325 -1.44748e-5 0 0 -1 0 0 -1 -0.8022106 -0.5970413 1.01279e-6 0 0 1 -0.917932 -0.396117 0.02218121 0 0 1 -0.9579038 -0.2870893 9.8793e-7 -0.3779644 -0.6546536 0.6546538 -0.08042252 -0.04994118 -0.995509 -0.6235844 -0.3337677 0.7069241 -0.9847313 -0.1740816 0 0 0 1 -0.9061132 -0.4230352 0 -0.8426374 -0.5384731 0.002985477 0 0 1 0 0 1 0 0 -1 0 0 -1 0 0 -1 0 0 -1 0.01564908 -0.9998776 0 0 0 1 0.3825835 -0.9238553 0.01101708 0.1306103 -0.9914184 0.005522012 -0.3690905 -0.9293914 -0.00197184 0.4999791 -0.8660375 0 0 0 -1 0.5000084 -0.8660206 -7.5937e-6 0.5000004 -0.8660252 0 0 0 -1 0 0 -1 0.8945103 0.4470475 0 0 0 -1 0 0 -1 0 0 -1 0.8945103 0.4470475 0 -0.966838 -0.19345 0.1667374 -0.6769458 -0.308138 0.6684277 0 0 -1 0 0 -1 0 0 -1 0 0 -1 0 0 -1 0 0 -1 0 0 -1 0 0 -1 0 0 -1 0 0 -1 0 0 -1 0 0 -1 0 0 -1 0 0 -1 0 0 -1 0 0 -1 0 0 -1 0 0 -1 0 0 -1 0 0 -1 0 0 -1 0 0 -1 0 0 -1 0 0 -1 0 0 -1 0 0 -1 0 0 -1 0 0 -1 0.03006929 -0.9995479 0 -0.03006929 -0.9995479 0 0.03006929 -0.9995479 0 -0.03006929 -0.9995479 0 0.2587468 -0.9659452 0 -0.4126593 -0.7148994 -0.5644742 -0.3826834 -0.9238795 0 0.6888885 -0.6878557 -0.2286642 0.3472694 -0.8383826 0.4201412 0.7375769 6.39666e-4 -0.6752629 0.8380272 -0.3471223 0.4209709 0.4126593 0.7148994 -0.5644742 0.8385165 0.3473249 0.4198279 -0.2587468 0.9659452 0 0.3826834 0.9238795 0 -0.6888885 0.6878557 -0.2286642 -0.3472694 0.8383826 0.4201412 -0.7375769 -6.39666e-4 -0.6752629 -0.8380272 0.3471223 0.4209709 -0.8385165 -0.3473249 0.4198279 0.1768278 -0.4269002 -0.8868417 -0.1771122 -0.4275868 -0.8864541 -7.3973e-4 -0.7184863 0.6955408 0.4270629 -0.1768952 -0.8867499 0.6333356 -0.6337956 -0.4440602 0.6785984 0.2810847 -0.6785984 0.6947764 -0.1859344 -0.6947764 0.1771122 0.4275868 -0.8864541 0.775334 0.4472212 0.4459265 -0.1768278 0.4269002 -0.8868417 7.3973e-4 0.7184863 0.6955408 -0.4270629 0.1768952 -0.8867499 -0.6333356 0.6337956 -0.4440602 -0.6785984 -0.2810847 -0.6785984 -0.6947764 0.1859344 -0.6947764 -0.775334 -0.4472212 0.4459265 0 0 -1 0 0 -1 0 0 -1 0 0 -1 0 0 -1 0 0 -1 0 0 -1 0 0 -1 0 0 -1 0 0 -1 0 0 -1 0 0 -1 0 0 -1 0 0 -1 0 0 -1 0 0 -1 0 0 -1 0 0 -1 0 0 -1 0 0 -1 0 0 -1 0 0 -1 0 0 -1 0 0 -1 0 0 -1 0 0 -1 0 0 -1 0.1803981 -0.9835937 0 0.9327826 -0.3604395 0 0.9327826 -0.3604395 0 0.8312713 -0.5552648 -0.0258643 0.193867 -0.9805895 0.02932441 0.9685181 0.2489431 0 0.8511449 -0.524931 0 0.4257023 0.9048634 -2.83447e-5 0.9685178 0.2489441 1.31779e-5 -0.248286 0.9686867 0 0.4257001 0.9048643 0 -0.6842853 0.7292144 -3.14481e-4 -0.248358 0.9686682 5.22562e-4 0 0 -1 -0.9509982 0.3091295 -0.006442427 -0.9505151 0.3106426 0.00470364 -0.6837887 0.7296628 -0.005034804 -0.9825382 -0.1860562 -0.001319229 -0.9827159 -0.1850211 0.00604391 -0.7726846 -0.6347892 0.001070499 0 0 -1 -0.3720337 -0.928214 -0.003099262 0 0 -1 0 0 -1 -0.772471 -0.635041 0.003390014 1 0 0 -0.3716266 -0.9283823 0 1 0 0 0.7071089 0.7071046 0 0.7071089 0.7071048 0 1 -5.24524e-6 0 1 -9.27839e-6 0 1 0 -2.09807e-6 0 -1 0 0 -1 0 -0.7071065 -0.7071071 0 -0.7071065 -0.7071071 0 0 0 -1 0 -1 0 0 -1 0 0.7071065 -0.7071071 0 0.7071065 -0.7071071 0 0 -1 0 0 -1 0 -1 0 4.75599e-5 -1 -3.21714e-4 -5.76549e-5 -1 9.87266e-6 0 0 0 -1 -0.7070845 0.7071291 0 -0.7067255 0.7074879 4.94981e-5 -1 0 0 -1 0 0 0.2890847 -0.9573035 0 0 0 -1 0.5811762 -0.8137778 -1.0047e-4 0.2890638 -0.9573098 -1.00472e-4 1 0 0 0.5811939 -0.8137651 0 0.8227006 -0.5684749 0 1 0 0 1 0 0 1 0 0 0.8227006 -0.5684749 0 0.7238956 -0.2314318 -0.6499342 0.2649357 0.06809806 -0.9618585 0.9699169 -0.2326211 -0.07175338 0.62331 -0.2282681 -0.7479161 1 0 0 -1 0 0 0.9327826 -0.3604395 0 -0.2384886 -0.5957824 -0.7669201 -0.08393299 -0.6346662 -0.7682148 -0.08250784 -0.63486 -0.768209 1 0 0 -0.5118942 -0.4208233 -0.7489139 -0.1800528 -0.2441421 0.9528776 -0.6311519 -0.1188303 -0.7665029 -0.6253488 0.2043733 -0.7531073 -0.3037544 0.02059191 0.9525278 -0.4422308 0.4718992 -0.7627209 -0.1619702 0.631731 -0.7580776 -0.1463494 0.2672635 0.9524453 0.09577196 0.2035721 -0.9743645 0.1667102 0.6312254 -0.757471 0.3164857 0.09115773 -0.9442071 0.6828323 0.6979166 -0.2159922 -1 0 0 -1 0 0 -1 0 0 -1 0 0 0 0 -1 -1 0 0 0 0 -1 0 0 -1 0 0 -1 0 0 -1 0 0 -1 0 0 -1 0 0 -1 0 0 -1 0 0 -1 0 0 -1 0 0 -1 0 0 -1 0.7071081 -0.7071056 2.55068e-7 0.7071053 -0.7071083 9.09899e-7 0 0 -1 -0.08194637 -0.6349706 -0.7681778 0.7071104 -0.7071033 0 1 0 0 1 0 0 0.7071064 0 0.7071072 0.7071168 0.7070968 2.00635e-5 0.7071067 -2.38759e-7 0.7071069 0.707108 -0.7071055 0 0.5000012 -0.4999994 0.7071064 0.7071114 0.7071022 2.00661e-5 0.7071083 0.7071053 2.81444e-5 0.7795602 0.4399756 0.4457661 5.97565e-6 5.97563e-6 1 -9.30882e-6 9.30877e-6 1 0.7795577 0.439978 0.4457682 0.7800765 0.4394577 0.4453735 2.70078e-4 -3.33722e-5 1 0.708638 0 0.7055723 0.708638 0 0.7055723 4.0831e-6 -0.7070854 0.7071282 0.7765254 0.4467074 0.4443654 0.7804214 0.4389513 0.4452687 0 0 1 0 0 1 0 0 1 0 -0.7071068 0.7071068 0 0 1 0 0 1 0.1216437 0.6973667 0.7063162 0.2175477 0.6860113 0.6943065 0 0 1 0.9578844 0.287154 0 0 0 1 0 0 1 0 0 1 0 0 1 0 0 1 0 0 1 0.9566979 -0.2865628 -0.05109715 0.9659346 -0.2587863 0 0 0 1 0.6377366 0.7621766 -0.1112607 0 0 1 0 0 1 0 0 1 0.9218478 0.357223 0.1502941 0 0 1 0.109884 0.9579569 -0.2650358 0 0 1 0 0 1 0.3721075 0.8798524 0.2956277 0 0 1 -0.448881 0.8887378 0.09301012 0 0 1 0 0 1 0 0 1 0.04549741 0.9870577 -0.1537761 -0.04598957 0.997736 -0.04907089 -0.1341024 0.9909675 0 0 0 1 1 0 0 -0.4127123 0.9108614 0 0 0 1 -0.3650388 0.6010384 0.7109849 0 0 1 1 0 0 1 0 0 -0.3475717 0.6324956 0.6922017 -0.3649302 0.6027665 0.7095763 -1 0 0 -0.3394595 0.696111 0.632611 -0.2776727 0.6372144 0.7189268 -0.3994798 0.916742 2.51904e-5 -0.3994674 0.9167474 0 0.4249523 -0.9052157 0 -1 0 0 0 0 1 0.1746112 -0.9846374 0 0 0 1 0.4249523 -0.9052157 0 0 0 1 1 0 0 0 0 1 1 0 0 0.1746112 -0.9846374 0 0 0 1 0 1 0 0 0 1 0 0 1 0.707107 0.7071065 0 0.707107 0.7071065 0 0 1 0 0 0 1 1 0 0 0 0 1 0 0 1 1 0 0 0 0 1 -0.1736342 0.8940199 0.4130127 0 0 1 -0.1940675 0.6979001 0.6894007 -0.2679083 0.9634444 0 -0.1637762 0.9386102 0.3036249 -0.7086574 0 0.7055528 -0.1818193 0.6909182 0.6996955 -0.77697 0.4420844 0.4481953 -0.7860708 0.4383907 0.4357825 -0.7086573 0 0.7055528 0 -0.7071068 0.7071068 0 0 1 0.4999997 -0.5000001 0.707107 0 0 1 0 -0.7071068 0.7071068 0 -0.7071068 0.7071068 0.4999997 -0.5000001 0.707107 -0.4999997 -0.5000001 0.707107 0 -0.7071068 0.7071068 -0.4999997 -0.5000001 0.707107 0.1361781 0.7012624 0.6997762 -1 0 0 0.2063941 0.738453 0.6419413 0.2691792 0.9630901 2.69528e-5 0.2691928 0.9630863 0 -1 0 0 0 0 1 -0.707107 0.7071065 0 -0.707107 0.7071065 0 0 1 0 -1 0 0 -1 0 0 0 1 0 -0.1522604 -0.9883404 0 -0.3623089 -0.9320581 0 -0.1522604 -0.9883404 0 0 0 1 0.8660254 -0.4999999 0 0 0 1 0 0 1 -0.3623089 -0.9320581 0 0.2784613 0.5039029 -0.8176437 0.3925257 0.8911357 -0.2275978 0.4031051 0.9151537 0 0.8660254 -0.4999999 0 0.2337779 0.3879284 -0.8915489 -0.8660253 0.5000001 0 0.3889404 0.8996291 0.1984761 0.3902082 0.4892508 0.7799816 0.6235325 0.7817975 1.63061e-4 0.6235752 0.7817633 0 -0.6260314 -0.7797979 0 -0.8660253 0.5000001 0 -0.7797979 -0.6260314 0 -0.6260314 -0.7797979 0 0 0 1 0.5000001 -0.8660253 0 0 0 1 -0.7797979 -0.6260314 0 0.4183952 0.2521382 -0.8725662 0.7797348 0.6218874 0.07259315 0.7817975 0.6235325 0 0.5000001 -0.8660253 0 0.3401427 0.1879659 -0.9213967 -0.4999999 0.8660254 0 0.7330938 0.5755873 0.3623159 0.5925248 0.2325116 0.771267 0.9308937 0.3652904 1.62753e-4 0.9309136 0.3652396 0 -0.9320581 -0.3623089 0 -0.4999999 0.8660254 0 -0.9883404 -0.1522604 0 -0.9320581 -0.3623089 0 0 -1 0 -0.9883404 -0.1522604 0 0.4117754 0.007723689 -0.9112527 0.9671428 0.1458271 -0.2082527 0.9888227 0.149096 0 0 -1 0 0 0 1 0.3324429 -0.006235659 -0.9431027 0 1 0 0.8436695 0.1446954 0.5169962 0.6503358 -0.09805852 0.7532914 0.9888227 -0.149096 1.62723e-4 0.9888147 -0.14915 0 0 0 1 -0.9883404 0.1522604 0 0 1 0 0 0 1 -0.9320581 0.3623089 0 -0.9883404 0.1522604 0 0 0 1 -0.4999999 -0.8660254 0 0 0 1 -0.9320581 0.3623089 0 0 0 1 0.3066844 -0.1694766 -0.9366015 0 0 1 0.8217445 -0.3224593 -0.4698469 0.9308937 -0.3652904 0 -0.4999999 -0.8660254 0 0.2459452 -0.1482143 -0.957885 0.5000001 0.8660253 0 0.7278037 -0.2465541 0.6399319 0.5379929 -0.4290831 0.7255697 0.7817975 -0.6235325 1.63061e-4 0.7817633 -0.6235752 0 0 0 1 -0.7797979 0.6260314 0 0 0 1 0.5000001 0.8660253 0 0 0 1 -0.6260314 0.7797979 0 -0.7797979 0.6260314 0 0 0 1 -0.8660253 -0.5000001 0 0 0 1 0 0 1 -0.6260314 0.7797979 0 0 0 1 0.1570424 -0.2605943 -0.9525903 0 0 1 0.4729302 -0.5929692 -0.6517089 0.6235325 -0.7817975 0 -0.8660253 -0.5000001 0 0.3409711 -0.6170205 0.7092421 0.5507717 -0.5956449 0.5846859 0.8660254 0.4999999 0 0.2659631 -0.6777715 0.6854848 0.3652904 -0.9308937 1.62753e-4 0.3652396 -0.9309136 0 0 0 1 -0.3623089 0.9320581 0 0 0 1 0.8660254 0.4999999 0 0 0 1 -0.1522604 0.9883404 0 0 0 1 -0.3623089 0.9320581 0 0 0 1 -1 0 0 0 0 1 -0.1522604 0.9883404 0 0 0 1 0.007888734 -0.2803251 -0.9598727 0 0 1 0.09558498 -0.6339313 -0.7674599 0.149096 -0.9888227 0 -1 0 0 0 0 1 0.002399742 -0.2559471 -0.9666878 -0.006629765 -0.7070917 0.7070909 0.1765971 -0.6959937 0.6959929 -0.02003556 -0.7119584 0.7019357 1 0 0 -0.1156784 -0.7741191 0.622381 -0.1477913 -0.9890185 1.55272e-4 -0.1478434 -0.9890107 0 0.1746112 0.9846374 0 1 0 0 0 0 1 0.4249523 0.9052157 0 0.1746112 0.9846374 0 0 0 1 -1 0 0 0 0 1 0 0 1 0 0 1 0.4249523 0.9052157 0 -0.4812579 -0.8757718 -0.0376091 -0.2475918 -0.6383733 0.7288194 -0.3616032 -0.9323322 0 -1 0 0 -0.3650394 -0.6010394 0.7109838 -0.3649311 -0.6027624 0.7095793 -0.3061143 -0.6966761 0.6487962 1 0 0 1 0 0 1 0 0 -0.4506338 -0.892709 0 1 0 0 1 0 0 0.1142587 -0.9863423 -0.1186332 -0.4843488 -0.8541395 -0.1893458 -0.2582429 -0.9607578 0.1012673 0.6399955 -0.7631389 -0.08958172 0.256541 -0.9633185 0.07876646 0.7058652 -0.7068795 0.04556071 -0.4402126 0.8844603 0.1547352 -0.8176506 0.5702657 -0.07902228 0 0 1 0 0 1 0 0 1 1 0 0 0 0 1 0 0 1 0.4455749 0.8952447 0 0 0 1 -1 0 0 -1 0 0 0 0 1 0 0 1 -1 0 0 0 0 1 0 0 1 0 0 1 0 0 1 0 0 1 1 0 0 0 0 1 0 0 1 0 0 1 1 0 0 0 0 1 1 0 0 1 0 0 0 0 1 -0.9324408 0.3613228 0 0 0 1 -0.7691293 0.1583605 0.6191625 0 0 1 -0.9794545 -0.2016656 0 -0.9539881 -0.2563071 0.1556068 0 0 1 0 0 1 0 0 1 0 0 1 0 0 1 0 0 1 0 0 1 -0.8151155 -0.5684976 -0.1113429 0 0 1 -0.6899354 -0.6910035 0.2156466 -0.7713555 -0.6364045 0 -0.9980263 -0.0627976 -6.12852e-6 -0.7713535 -0.636407 2.08742e-5 -0.9980262 -0.0627985 0 0 0 1 -0.7017855 0.7123883 0 1 0 0 -0.5952937 0.8035082 1.98301e-5 -0.701795 0.712379 1.97717e-5 -0.595283 0.8035162 0 0 0 1 0 0 1 0 0 1 0 0 1 0 0 1 0 0 1 0 0 1 0 0 1 0 0 1 0 0 1 0 0 1 0 0 1 0 0 1 0.9114364 0.4095915 0.03896725 0.1732713 -0.2986359 0.9385061 0.5771623 -0.149321 0.8028617 0.7851999 -0.4582754 0.4164671 0.1653063 -0.3991751 0.9018498 0.9900446 0.140625 0.006038248 0.9594539 0.281849 -0.003047525 0.9458274 0.3246701 0 0.9337566 0.3578519 0.00638616 0.9953806 0.09600728 0 -0.990062 0.1406316 0 -1 0 0 -0.911436 0.4095947 0.038944 -0.9953417 0.09600353 0.008845448 -0.9533635 0.3017929 -0.004356801 -0.9337608 0.3578408 0.00638318 -0.2169815 -0.3739712 0.9017009 -0.9052062 0.4248318 0.0109412 -0.858703 0.5119658 -0.02281051 -0.05521482 -0.3111981 0.9487398 0.1129584 -0.6366487 0.762836 -0.3568175 -0.5985718 0.717212 0.2165926 -0.2242985 0.9501461 0 0 1 0 0 1 -0.4505506 -0.8927508 0 -0.3918306 -0.5856747 -0.709545 0 0 1 0 0 1 0 0 1 0 0 1 0 0 1 0.556056 -0.8311448 0 0.2731747 -0.540649 -0.7956596 0.2773499 -0.4803842 0.8320506 -0.27735 -0.4803842 0.8320505 0 0 -1 -0.27735 -0.4803842 0.8320506 0 0 -1 0 0 -1 0.2773499 -0.4803841 0.8320505 0.5546998 0 0.8320505 0.5546998 0 0.8320506 0.27735 0.4803842 0.8320505 0.27735 0.4803842 0.8320506 -0.2773499 0.4803842 0.8320506 -0.2773499 0.4803841 0.8320505 0 0 -1 0 0 -1 0 0 -1 0 0 -1 0 0 -1 0 0 -1 -0.5546998 0 0.8320505 -0.5546998 0 0.8320506 0 0 -1 0 0 -1 0 0 -1 0 0 1 0 0 1 0 0 1 0 0 1 0 0 1 0 0 1 0 0 1 0 0 1 0 0 1 0 0 1 0 0 1 0 0 1 0 0 1 0 0 1 0 0 1 0 0 1 0 0 -1 0 0 1 -0.8480481 -0.5299193 -4.23357e-7 -0.8480482 -0.5299193 0 0.8480479 0.5299196 1.05841e-6 0.8480479 0.5299195 -2.6938e-7 0.8480482 0.5299192 7.66009e-7 0 0 1 0 0 1 0 0 1 0 0 1 0 0 1 0 0 1 0 0 1 0 0 1 0 0 1 0 0 1 0 0 1 0 0 1 0 0 1 0 0 1 0 0 1 0 0 1 0 0 1 0 0 1 0 0 1 0 0 1 0.8829476 -0.4694717 -2.54015e-6 0.8829476 -0.4694716 -2.04269e-6 0 0 -1 0 0 1 0 0 1 0 0 1 -0.8829476 0.4694717 -1.91502e-6 -0.8829479 0.4694711 -1.16426e-6 -0.8829477 0.4694713 -3.23255e-6 0 0 1 0 0 1 0 0 1 0 0 1 0 0 1 0 0 1 0 0 1 0 0 1 0 0 1 0 0 1 0 0 1 0 0 1 0 0 1 0 0 1 0 0 1 0 0 1 0 0 1 0 0 1 0 0 1 0 0 1 0 0 1 0 0 1 0 0 1 0 0 1 0 0 1 0 0 -1 -0.03489947 0.9993909 1.91502e-7 -0.03489953 0.9993909 3.24133e-7 0 0 -1 0 0 -1 0.03489941 -0.9993908 -5.88743e-7 0.03489953 -0.9993908 2.52543e-7 0.03489947 -0.9993909 3.67046e-7 -0.3011829 0.6742727 0.6742738 0.5773502 0.5773499 0.5773508 0 0 -1 0.1600096 0.3582212 0.9198231 0 0 -1 -0.3399155 0.3399154 0.8768779 -0.707107 0.7071067 0 0.7071068 0.7071065 -3.42416e-4 0.705713 0.7084978 0 -0.5773504 -0.5773502 0.5773502 -0.7071068 -0.7071065 -3.42416e-4 -0.1306662 -0.3395686 0.9314609 -0.6113624 -0.312294 0.7271234 -0.7420691 0.2386133 0.6264161 -0.7085064 0.7057043 3.45133e-4 0.2619293 -0.6824196 0.6824196 0.3562074 -0.1823382 0.9164437 0.5039021 -0.503902 0.701545 0.707107 -0.7071067 0 -0.705713 -0.7084978 0 0 0 1 0 0 -1 -0.9236888 0.3828574 -0.01480412 -0.6516321 0.7584993 0.007381975 -0.8912959 0.4525021 -0.02887094 0 0 -1 0 0 1 0.7420691 0.2386133 0.6264161 0 0 -1 0.8916111 0.4526621 -0.01126247 0.6516401 0.7584924 0.007383227 0 0 1 0.7085064 -0.7057043 3.45133e-4 0 0 -1 0 0 -1 0 0 -1 0 0 -1 0 0 -1 0 0 -1 0 0 -1 0 0 -1 0 0 -1 0 0 -1 1 0 0 1 0 0 1 0 0 0 0 1 1 0 0 1 0 0 0.2103112 0.6612021 0.7201256 0.2087646 0.6583302 0.7232003 0 0 1 0 0 1 0 0 1 1 0 0 0.2105358 0.6617281 0.7195767 1 0 0 1 0 0 0.2128075 0.9770941 0 0.2556421 0.803503 -0.5376151 0.412931 0.6163882 0.6704877 0.413091 0.6166401 0.6701573 0.5110352 0.7628443 0.3961207 0.2327299 0.746724 -0.6230891 -2.07376e-7 0 1 0.3560444 0.5224823 0.7747546 -0.6160119 -0.5082421 0.6018466 -0.6164999 -0.5086278 0.6010206 -0.6955998 -0.5678225 0.4401347 0 1.22874e-7 1 -1.79602e-7 -1.19562e-7 1 -0.5817478 -0.03660494 0.8125451 -0.9922192 -0.03119981 -0.1205304 -1 0 0 0 0 1 -1 0 0 -1 0 0 -1 0 0 0.8730987 -0.4875434 0 0 0 1 0 0 1 -1 0 0 0.413076 -0.5759902 0.7054101 0 0 1 0 0 1 0.4189324 -0.5667804 0.7094051 0.4128876 -0.5779273 0.7039347 0 0 1 0.5737048 -0.8187334 -0.02320492 0.5812501 -0.8135876 -0.01495772 0.5367634 -0.8436944 0.008051455 0 0 1 0 0 1 0 0 1 -1 0 0 -0.6672901 0.7447978 0 -0.6672901 0.7447978 0 -1 0 0 0 0 -1 -1 0 0 -1 0 0 0 0 -1 0 0 -1 0 0 -1 -0.9375323 0.3478984 0 -0.9013873 0.3531173 -0.2506175 -1 0 0 -1 0 0 -0.859351 0.3188869 -0.3997837 -1 0 0 -1 0 0 -0.6679847 0.2309277 -0.7074382 -0.9932427 -0.0313242 -0.1117486 0 0 1 0 0 1 0.7240794 -0.3973471 0.5637589 0.5116128 -0.2729265 0.8147169 0.7251093 -0.3979359 0.5620174 0.8723711 -0.4787523 0.09881788 -0.9436253 -0.3308767 -0.009589672 0.9869459 0.07602727 0.1419782 -0.09434264 -0.651444 0.7528083 0.9973893 0.07221341 0 -0.004698395 -0.999989 0 -0.002907395 -0.6187964 0.785546 -0.02967929 -0.6316222 0.774708 0.8489646 0.0885955 0.5209702 0.9940959 0.04994571 -0.09632712 0 0 1 0 0 1 0 0 1 0 0 1 0.8846662 0.06405198 0.4618042 -0.0344187 -0.9966238 -0.07454085 -0.6095684 -0.7927334 3.3634e-4 0.5768368 0.05028206 0.8153104 -0.3823509 -0.9230771 0.04166859 0.6531975 -0.3784896 0.6558037 0.8641378 -0.5007171 -0.05047971 0.5942941 -0.2466303 0.7654986 0.3015713 -0.7253327 0.6188273 0.3824633 -0.9233462 0.03396493 0.7081322 0.2660074 0.6540557 0.9361301 0.3516541 0 0.6802298 0.2789871 0.6778301 0.9238791 -0.3826846 0 0.33516 0.624184 0.7057352 0.473045 0.8809735 -0.01068174 0.9238154 0.3826585 0.01172924 -0.1561505 0.6794105 0.7169508 -0.2239511 0.9744107 -0.01922625 -0.1654964 0.6684558 0.7251054 0.2947351 0.7084318 0.6412922 0.382597 0.9236688 0.02134317 -0.7386486 0.534292 0.4110112 -0.8099846 0.585892 -0.02560579 -0.5887224 0.0689783 0.8053868 -0.4850031 0.5473247 0.6820613 -0.3825244 0.9234961 0.02880835 0.91374 0.4062996 0 -0.8647536 0.5021966 0 0.9070573 0.4209911 0.003700017 0 0 1 0.817157 0.5630196 0.123545 0.5726439 0.5012037 -0.6487479 0 0 1 0 0 1 0 0 1 0 0 1 0 0 1 0 0 1 0 0 1 0 0 1 0 0 1 -0.782577 -0.6225538 -3.0452e-4 0.4690845 0.04212045 0.8821483 -0.8886291 -0.4524477 0.07502901 0 0 1 -0.922946 -0.3822956 0.04495102 0 0 1 -0.9539832 -0.2983525 0.03003257 0 0 1 -0.9867086 -0.162285 0.008343696 0.4074422 0.2712373 0.8720214 -0.9984682 -0.0553292 0 0.4624037 0.3084028 0.8313065 -0.9238799 0.3826827 0 0.4976733 0.3327967 0.8009792 -0.9826335 0.1267828 0.1354897 -0.6785985 -0.2810839 0.6785985 -0.6786393 0.2811009 0.6785506 -0.6786224 0.2809683 0.6786224 -0.2810169 -0.6784352 0.6787896 -0.6787049 -0.2810016 0.6785262 0.2810404 -0.6784901 0.678725 -0.2811953 -0.678458 0.6786928 0.6786398 -0.2811028 0.6785494 0.2811499 -0.6783485 0.6788211 0.6785982 0.2810857 0.6785982 0.6786226 -0.2809675 0.6786226 0.6600952 0.4548044 0.5978522 0.521885 0.3501409 0.7778415 -0.9653088 0.2461417 0.08713901 0.2810176 0.678435 0.6787895 0.6787055 0.2810027 0.6785251 -0.2810396 0.6784899 0.6787254 0.2811952 0.6784577 0.6786932 -0.2811496 0.6783477 0.678822 0 0 1 0 0 1 0 0 1 0 0 1 0 0 1 0 0 1 0.1205678 0.9927051 0 0.087426 0.7198291 0.6886239 1 0 0 0.009471535 0.4630438 0.8862848 0 0 1 1 0 0 0 0 1 0 0 1 0 0 1 0 0 1 0 0 1 0 0 1 0 0 1 0 0 1 -0.7583393 0.1103785 0.642447 -0.9895725 0.1440352 0 -0.6923156 0.009441435 0.7215331 0 0 1 0 0 1 0 1 0 -0.1630704 0.06495487 0.984474 -0.9290125 0.3700482 -3.24734e-6 -0.2194623 0.1016259 0.9703136 -0.9895724 0.1440359 -3.26024e-6 -0.2434754 0.1361778 0.9602996 0 0 1 0 0 1 0 0 1 -0.4999999 -0.8660255 0 -0.9290128 0.3700475 0 -0.2698034 0.1607163 0.9494084 0 0 1 -0.5070749 0.4001966 0.7633596 -0.7849774 0.6195244 0 0.4999999 0.8660255 3.3104e-7 0.5 0.8660255 0 -0.4735456 0.6000128 0.6447785 -0.6195244 0.7849774 -2.2324e-6 -0.7849771 0.6195248 -2.16139e-6 -0.05909514 0.09920626 0.9933106 0 0 1 -0.0891543 0.2236537 0.9705826 -0.8660255 -0.4999999 0 -0.6195248 0.7849771 0 -0.06156444 0.1100725 0.9920151 0 0 1 -0.08103609 0.2034426 0.9757276 -0.3700482 0.9290125 0 0.8660255 0.5 0 0.8660255 0.4999999 -2.64832e-7 0 0 1 -0.09287512 0.638085 0.764344 -0.1440352 0.9895725 -3.26024e-6 -0.3700475 0.9290128 -3.24209e-6 -0.01438862 0.7034282 0.7106208 0 0 1 0 0 1 -1 0 0 0 0 1 -0.1440359 0.9895724 0 -0.004823327 0.707099 0.7070981 0 0 1 0.002986431 0.4378173 0.899059 0 0 1 0.0724821 0.7052474 0.7052465 0 0 1 0 0 1 0 0 1 0 0 1 0 0 1 0 0 1 -0.2669991 -0.0894888 0.9595329 0 0 1 -0.08384674 -0.04994577 0.9952262 -0.09240537 -0.05168306 0.9943794 -0.1623362 -0.06466239 0.9846145 -0.5025377 -0.0731458 0.8614556 -0.6648517 -0.009066939 0.7469204 0 0 1 0 0 1 -0.3104144 -0.5818508 0.7517263 0 0 1 -0.2981944 -0.559848 0.7730785 -0.2433679 -0.4641937 0.8516433 -0.009378612 -0.0669915 0.9977095 -0.02035993 -0.08558112 0.9961232 -0.06131565 -0.1415649 0.9880282 -0.1073727 -0.1919744 0.9755085 -0.1260021 -0.2115269 0.9692161 -0.313248 -0.3969055 0.8627523 -0.6570591 -0.5185679 0.5471388 0 0 1 -8.16601e-6 -3.27006e-5 1 0 0 1 -1.38191e-6 9.28741e-6 1 -0.07879728 -0.7030142 0.7067971 0.7071043 5.00956e-6 0.7071093 0.7071063 0 0.7071073 0.7071064 0 0.7071072 0 0 1 0.7071068 -0.7071068 0 0.7071139 -0.7070997 6.42807e-5 -0.08845454 -0.7018437 0.7068178 0.6478256 -0.5366014 0.5407226 0.7071606 -0.7070527 -6.08951e-4 -0.08843696 -0.7018948 0.7067691 0.6464937 -0.5358871 0.5430201 0 0 1 0.7069348 0 0.7072787 0.7069349 0 0.7072787 0.7111288 -0.2264901 0.665581 0.6489175 -0.5363023 0.5397092 0 0 1 0 0 1 -0.2314426 -0.9728485 0 0 0 1 -1 0 0 -1 0 0 -0.3974487 -0.9176245 -8.35077e-5 -0.231468 -0.9728426 -8.347e-5 0 0 1 0 0 1 0 0 1 0.8660254 -0.5 -6.88255e-7 -0.3974248 -0.9176348 3.15845e-7 0 0 1 -0.6195244 -0.7849774 0 -0.8660255 0.4999999 3.3104e-7 -0.8660255 0.5 0 -0.7849774 -0.6195244 -2.2324e-6 -0.6195248 -0.7849771 -2.16139e-6 0 0 1 0.4999999 -0.8660255 0 -0.7849771 -0.6195248 0 0 0 1 -0.9290125 -0.3700482 -2.94088e-7 0 0 1 -0.4999999 0.8660255 -3.3104e-7 -0.5000001 0.8660253 8.45197e-7 -0.9895725 -0.1440352 -3.26024e-6 -0.9290128 -0.3700476 -3.24209e-6 0 0 1 0 -1 0 0 -1 0 -0.9895724 -0.1440359 0 0 0 1 0 0 1 0 0 1 0.9957619 0.09196841 0 0.9201737 -0.02768027 0.3905307 0.9238796 -0.3826834 0 0.9607792 0.2722969 0.05251348 0.9174634 0.3800258 0.1176489 0.8043549 0.592949 -0.03774505 0.786209 0.6179607 0 0 1 0 0.9364942 -0.0847131 0.3402972 0.8992062 -0.437525 0 0 0 -1 0 0 -1 0.3826483 0.9237947 0.01354783 0 0 -1 0.3879845 0.9216659 0 0.303898 0.9508229 0.05984818 -0.3826749 0.923859 0.006666839 0 0 -1 -0.3747329 0.9270324 -0.01364541 0 0 -1 0 0 -1 -0.9238795 0.3826835 0 0 0 -1 -0.922729 0.3853853 -0.007023394 0 0 -1 -0.9227518 -0.3853948 0 -0.9238564 -0.3826739 -0.007071912 0 0 -1 0 0 1 0 0 1 0 0 1 0 0 1 0 0 1 0.01148867 0.999934 0 0 0 1 0.01148873 0.9999341 0 0 0 1 0 0 1 0 0 1 0 0 1 -1 0 0 -0.04018628 0.9991921 -4.82572e-4 -1 0 0 -1 0 0 -1 0 0 -1 0 0 -0.04553937 0.9989625 0 -1 0 0 -1 0 0 -1 0 0 -1 0 0 -1 0 0 -1 0 0 0 0 1 0.1509895 0.9885354 0 0 0 1 0 0 1 0.528566 0.8485468 0.02421408 0 0 1 0.1651494 0.9047585 -0.392604 0.07481229 0.996542 -0.03615546 0 0 1 0.8134402 0.5665965 0.1314664 0.6027508 0.7557818 -0.255901 0 0 1 0.9191462 0.1890738 -0.345574 0 0 1 0 0 1 0.9794915 -0.201485 0 0.9555869 0.2947094 0 0 0 1 0.8134444 -0.5665935 0.1314533 0 0 1 0.9267727 -0.2856941 -0.2438672 0 0 1 0.5285663 -0.8485383 0.02450281 0 0 1 0.6029191 -0.7556055 -0.2560251 0 0 1 0.150936 -0.9881711 -0.02713078 0 0 1 -1 0 0 0 0 1 0.1607589 -0.9869937 0 -1 0 0 -1 0 0 -0.04018628 -0.9991922 0 -1 0 0 -1 0 0 -1 0 0 -1 0 0 -0.01339876 -0.9999082 -0.002012729 -0.02605563 -0.9996604 3.65794e-4 -0.04553931 -0.9989622 -8.04055e-4 0.3642227 -0.9313119 0 -0.005359232 -0.9999856 0 -0.01607125 -0.9998628 -0.004017472 0.3647108 -0.177277 -0.9140892 0.08159023 -0.3044992 -0.9490118 0.357261 -0.6343935 -0.6854996 0.001793146 -0.1115556 -0.9937566 5.81806e-4 -0.1085427 -0.9940916 0.4022404 -0.6797763 -0.6132755 0.601472 -0.7988939 0 0.6170747 -0.7865893 0.02227294 0.7758013 -0.6303828 -0.02738314 0.2331245 -0.1379455 -0.9626131 0.2575816 -0.145058 -0.9553062 0.9579834 -0.2868238 0 0.8953636 -0.3749057 -0.2403537 0.9828845 -0.1842225 0 0.01148855 0.999934 0 0.01148921 0.999934 0 0.01148891 0.999934 0 0.01148885 0.999934 0 0.01148867 0.999934 0 0.01148837 0.999934 -1.83691e-7 0 0 1 -0.3747329 -0.9270324 -0.01364541 -0.3826749 -0.923859 0.006666958 0.01148867 -0.999934 0 0.01148879 -0.999934 0 0.3627725 -0.9318777 0 0.0114879 -0.999934 4.86481e-7 0.0114879 -0.999934 4.7321e-7 0.3768216 -0.9261898 0.01333814 0.3536416 0.1790018 -0.9180937 0.9548455 0.2971028 0 0.01148885 -0.999934 0 0.1755322 0.456047 -0.8724732 0.421517 0.2373788 -0.8751999 0.4605289 0.2725063 -0.8447801 0.7709104 0.6369436 0 0.7861211 0.6167073 -0.04105722 0.600776 0.7987563 0.03250491 -0.01339882 0.9999102 0 0.102304 0.1728912 -0.9796135 0.1064156 0.1889638 -0.9762011 0.2484543 0.9686436 0 0.3503664 0.8721789 -0.3413901 0.2487697 0.9518923 -0.1789268 0.01607125 0.9998628 -0.004017472 0.005359232 0.9999856 0 -0.02946585 0.9995658 1.6109e-4 -0.02410942 0.9997093 0 -0.005359113 0.9999572 -0.007540524 -0.01607137 0.9998698 -0.0015105 0 0 -1 -0.9237694 0.3829494 0 0 0 -1 0 0 -1 0 0 1 0 0 1 0.08716088 -0.9961726 -0.006573379 0.0547446 -0.9981381 0.02689498 0.03914302 -0.9991587 0.0122435 0 0 -1 0 0 -1 0 0 -1 -0.08545082 0.9938353 -0.07063597 0 0 1 0 0 1 0.03300577 -0.7062124 0.7072303 0.03254485 -0.7064898 0.7069746 0.03301006 -0.7062072 0.7072353 0.04670655 -0.9989086 0 0.04670655 -0.9989086 0 0.03374725 -0.7061633 0.7072442 0.03303205 -0.7064535 0.7069882 0.03376382 -0.70615 0.7072567 0 0 1 0 0 1 0 0 1 -0.9319894 0.3622815 0.01216334 0 0 1 0 0 1 0.1567644 -0.98759 0.009530901 0 0 1 1 0 0 1 0 0 0 0 -1 0.1973304 -0.9777278 0.07147806 -0.1540631 0.9879571 -0.01433241 -0.2051587 0.9787287 0 0.9230719 0.3826601 0.03885108 0 0 -1 0.9912289 0.1320491 0.00531274 0.99895 0.04581576 0 1 0 0 1 0 0 0 0 -1 0.3822485 0.9235207 0.03155374 0 0 -1 0.8497591 0.5263477 -0.02945572 0 0 -1 -0.3823438 0.9237509 0.02230167 0 0 -1 0.2732269 0.9617249 -0.02079147 0 0 -1 0 0 -1 -0.4445069 0.8957105 -0.01078104 0 0 -1 0 0 1 0 0 1 0 0 1 0 0 1 0 0 1 0 0 1 0.1496567 -0.6912755 0.7069236 0.1515181 -0.6901377 0.7076385 0 0 1 0.1492462 -0.6916151 0.7066783 1 0 0 0.1491076 -0.6918255 0.7065015 1 0 0 0.1490925 -0.6918878 0.7064437 1 0 0 0.2106513 -0.9775612 0 1 0 0 0.2106513 -0.9775613 0 1 0 0 0.1469849 -0.6922167 0.7065631 0.1488178 -0.6906692 0.7076929 1 0 0 0.1469249 -0.6923277 0.7064669 0 0 1 0 0 1 -0.2053828 0.9786817 0 -0.2053828 0.9786817 0 0 0 1 0 0 1 -0.1966046 0.9804809 -0.00198251 0 0 1 0.1651511 -0.686792 0.7078431 -1 0 0 0 0 1 -1 0 0 0 0 1 0.1649396 -0.687052 0.7076401 -1 0 0 0.1620221 -0.6888232 0.7065915 0.2289671 -0.9734342 0 -1 0 0 0.2289671 -0.9734342 0 -1 0 0 0 0 1 -0.9238795 0.3826834 0 -0.9237915 -0.382896 0 -0.9238795 0.3826834 0 -1 0 0 -0.2136968 0.9769001 0 -1 0 0 0 0 1 0 0 1 0 0 1 0 0 1 0 0 1 0 0 1 0 0 1 -1 0 0 -0.223241 0.9747633 0 -1 0 0 -1 0 0 -0.223241 0.9747633 0 0 0 1 0 0 1 0.161655 -0.6877937 0.7076776 0.1596975 -0.6894834 0.7064768 0.1617335 -0.6876423 0.7078067 -0.9309144 0.3652178 0.003792226 0 0 1 0 0 1 0.07476794 -0.9942595 -0.0765357 0 0 1 0 0 1 0 0 1 -1 0 0 -0.2051587 -0.9787287 0 0 0 1 0 0 1 0 0 1 0 0 1 -0.1049208 -0.6728236 -0.732325 -0.06634128 -0.7715822 -0.6326609 0 0 1 0 0 1 0 0 1 0 0 1 0 0 1 0 0 1 0 0 1 0 0 1 0 0 1 -0.3841028 -0.9232903 1.73634e-4 -0.9238795 -0.3826834 -1.46804e-4 0 0 1 0.3778007 -0.9258861 -0.001254975 -0.3826832 -0.923879 0.001149296 0 0 1 0.9226247 -0.3856936 -0.002080023 0.3826826 -0.9238775 0.002085268 1 0 0 1 0 0 1 0 0 0.9992299 0.03923881 0 0.9992298 0.03923881 0 0.9238795 -0.3826834 0 0 0 1 -0.4238299 0.9057418 0 0 0 1 -0.4836901 0.8752393 0 -0.4238299 0.9057418 0 1 0 0 1 0 0 -0.4836901 0.8752393 0 0.3419419 -0.9397211 0 -3.38141e-4 -0.9974198 0.07178896 0.389651 -0.9123714 0.1255015 0.1997495 -0.9778458 -0.06259149 -0.342172 -0.9374393 0.0642327 -0.1196819 -0.9911848 -0.0568239 -0.6428412 -0.7641885 0.05264174 -0.4272406 -0.9028891 -0.04750376 -0.8656652 -0.4991333 0.03859734 -0.6918925 -0.7211318 -0.0354076 -0.8925635 -0.1573796 -0.422566 -0.9847933 0.1737301 0 -0.9485163 -0.3167283 0 -0.8651713 0.499898 0.03975665 -0.9867272 0.1607887 0.02272248 -0.8850731 0.4650528 -0.01927602 -0.6411226 0.7654819 0.05476695 -0.6923736 0.720637 -0.03606903 -0.3401336 0.9381145 0.06519371 -0.4287959 0.9020705 -0.04901915 5.69582e-4 0.9974318 0.07162117 -0.1214163 0.9909061 -0.05799186 0 0 1 0.3410538 0.9370272 0.0752483 0 0 1 0.1990659 0.9779405 -0.06328678 0 0 1 1 0 0 0 0 1 1 0 0 0.428581 0.9035033 0 -0.4836901 -0.8752393 0 -0.4238299 -0.9057418 0 -0.4836901 -0.8752393 0 0 0 1 1 0 0 0 0 1 1 0 0 1 0 0 -0.4238299 -0.9057418 0 0.9237915 0.382896 0 0.9238795 -0.3826834 0 0.9238796 -0.3826834 0 0.3841028 0.9232903 1.73634e-4 0.9238795 0.3826834 -1.46804e-4 -0.3778007 0.9258861 -0.001254975 0.3826832 0.923879 0.001149296 -0.9226247 0.3856936 -0.002080023 -0.3826826 0.9238775 0.002085268 -1 0 0 -1 0 0 -1 0 0 -0.9309254 -0.3652094 0 -0.9309254 -0.3652094 0 -0.9238795 0.3826834 0 -0.2136836 -0.9768393 -0.01115107 0 0 1 0 0 1 0 0 1 -0.196605 -0.9804828 0 0 0 1 1 0 0 0 0 1 1 0 0 0 0 1 0 0 1 0 0 1 -1 0 0 -1 0 0 -1 0 0 -0.223241 -0.9747633 0 0 0 1 0 0 1 0.1651511 0.686792 0.7078431 0 0 1 0.1649396 0.687052 0.7076401 -1 0 0 0.2289671 0.9734341 0 0.2289671 0.9734342 0 0.1620221 0.6888232 0.7065914 -1 0 0 0.1617368 0.6876389 0.7078093 -1 0 0 0.1616545 0.6877971 0.7076743 0 0 1 0 0 1 0.1596974 0.6894832 0.7064769 -0.223241 -0.9747633 0 -0.2053828 -0.9786817 0 0 0 1 -0.2053828 -0.9786817 0 1 0 0 0 0 1 1 0 0 1 0 0 1 0 0 1 0 0 1 0 0 1 0 0 1 0 0 0.1469249 0.6923275 0.706467 0.148823 0.6906687 0.7076925 0.1469841 0.6922184 0.7065616 0.2106513 0.9775612 0 0.2106513 0.9775613 0 0.1490925 0.6918878 0.7064437 0.1515181 0.6901377 0.7076385 0.1496672 0.6912691 0.7069277 0.1492435 0.6916191 0.7066749 0.1491076 0.6918255 0.7065015 0 0 1 0.9695228 0.09354782 0.2264384 0.8497677 -0.5263341 -0.02944892 0.9335333 0.2293689 0.2755097 0.9237694 -0.3829492 0 -0.4355122 -0.9001763 -0.003435254 -0.9238734 -0.3826809 0.00362128 0 0 1 0.2901024 -0.956972 -0.006728529 0 0 1 -0.3826737 -0.9238561 0.007117688 0 0 1 0.8627108 -0.5056056 -0.009649455 0.3826635 -0.9238314 0.01020491 0.3367425 0.6091338 0.7180255 0.9963346 -0.05485314 0.06563991 0.3388585 0.6282293 0.7003592 0.4057484 0.5600746 0.7222775 0.4067871 0.5623318 0.7199356 0.4125437 0.5887396 0.6951211 -1 0 0 -1 0 0 -0.7071068 -0.7071068 0 -1 0 0 0 -1 0 -0.7071068 -0.7071068 0 0.6326001 0.1867355 0.7516295 0 -1 0 0 -1 0 0 0 1 0.6920884 -0.2042941 0.6922987 0.6928492 0.1992093 0.6930193 0.6342117 0.1871415 0.750169 0 1 0 0 1 0 0.6331683 -0.1819794 0.7523174 -0.7071068 0.7071068 0 0 1 0 -1 0 0 -0.7071068 0.7071068 0 0.4373174 -0.5510928 0.7106689 -1 0 0 -1 0 0 0.4371778 -0.5536107 0.7087953 0.431214 -0.563188 0.7048927 0 0 1 0.7680549 -0.640384 0 1 0 0 1 0 0 0 0 1 0.966135 -0.2285568 0.1197698 0 0 1 0 0 1 0.9818711 0.1895501 0 0.8890668 0.296545 0.3487427 0.7070617 -0.7071518 0 0 0 1 0.8406167 0.5400537 0.04129904 0 0 1 0 0 1 0.02429944 0.7064073 0.7073885 0.6389265 0.7623651 0.1028225 0.01862967 0.7070103 0.7069578 0.0213859 0.7072545 0.7066355 0.03458112 0.7061303 0.707237 0.03456175 0.7061437 0.7072246 0.0330426 0.7066796 0.7067617 -1 0 0 -0.9320526 -0.3623229 0 -0.4444733 -0.8957273 -0.01077371 -0.9237083 -0.382924 0.01150029 0.2732623 -0.961715 -0.02078294 -0.382344 -0.9237512 0.02229273 0.3822486 -0.9235209 0.03154814 0 0 -1 0 0 -1 0 0 -1 0 0 -1 0 0 -1 0 0 -1 0 0 -1 0 0 -1 0.9961753 0.03474766 0.08017021 0 0 -1 0 0 -1 0 0 -1 0.3392989 0.6301655 0.6984037 0.339728 0.6313692 0.6971067 0.3398485 0.6316397 0.696803 1 0 0 1 0 0 0 0 1 -0.4617999 -0.8869842 0 0 0 1 0.3344711 0.6334261 0.6977826 1 0 0 0.3346361 0.6338689 0.6973011 1 0 0 1 0 0 0.4738132 0.8806255 0 0.473813 0.8806254 2.22983e-7 0.3296932 0.6127735 0.7181999 1 0 0 0 0 1 0 0 1 -0.4617999 -0.8869842 0 -0.5593212 -0.8289511 0 0 0 1 -0.5593212 -0.8289511 0 0 0 1 -1 0 0 0 0 1 0 0 1 0 0 1 -1 0 0 -1 0 0 -1 0 0 -1 0 0 -1 0 0 -1 0 0 0 0 1 0 0 1 0.4918076 0.8152033 -0.3058906 0.4962149 0.7552112 -0.4282836 0.4902303 0.8492234 -0.1961987 0.6379072 0.7651299 0.08746832 0.6458867 0.7634333 0 0.5070087 -0.8404 -0.1914945 0 0 1 0.4837204 -0.838777 -0.2499354 0.5463141 -0.8314593 -0.1010754 0 0 1 0 0 1 0.5990636 -0.8007014 0 -1 0 0 0 0 1 -1 0 0 0.6440898 -0.7613093 0.07454216 0 0 1 0 0 1 0 0 1 0.7865945 -0.6174699 0 0 0 1 0.7361052 -0.6527165 -0.1791939 0 0 1 0.9861519 -0.1658443 0 0.9981665 -0.03002983 0.05255383 0 0 1 0 0 1 0 0 1 0 0 1 0 0 1 0 0 -1 0 0 -1 0 0 -1 0 0 -1 0 0 -1 0 0 -1 0 0 -1 0 0 -1 0 0 -1 0 0 -1 0 0 -1 0 0 -1 0 0 -1 0 0 -1 0 0 -1 0 0 -1 0 0 -1 0 0 -1 0 0 -1 0 0 -1 0 0 -1 0 0 -1 0 0 -1 0 0 -1 0 0 -1 0.7484809 0.6631564 0 0 0 -1 0.7562365 0.5936392 -0.275134 0.9995477 0.03007143 0 0 0 -1 0.9837903 0.1654799 0.06908601 0 0 1 0 0 1 0 0 1 0 0 1 0 0 1 0 0 1 0 0 1 0 0 1 0 0 1 -0.4617999 0.8869842 0 1 0 0 1 0 0 1 0 0 -0.5593212 0.8289511 0 -0.4617999 0.8869842 0 -1 0 0 -0.5593212 0.8289511 0 -1 0 0 0.3015258 -0.6400521 0.7066935 0.3020792 -0.6395041 0.7069529 0.3013953 -0.6403834 0.7064489 1 0 0 0.4738132 -0.8806254 0 0.4242703 -0.9014595 -0.08582204 1 0 0 0.3344709 -0.6334242 0.6977843 0.3296844 -0.6127768 0.7182011 1 0 0 0.3346384 -0.6338733 0.697296 0 0 1 0 0 1 0 0 -1 0 0 -1 0 0 -1 -0.4354871 0.9001884 -0.003433167 0 0 1 0 0 1 0.2901285 0.9569641 -0.006726086 0 0 1 -0.3826737 0.9238561 0.007115125 0.8627167 0.5055956 -0.009647607 0 0 1 0.3826636 0.9238315 0.01020318 0 0 1 0 0 1 0 0 1 0.9932901 0.1156387 0.00155121 0.3031364 -0.638858 0.7070847 0.9238049 0.3826525 0.01270794 0.3072466 -0.6367872 0.7071786 0 0 -1 0 0 -1 0 0 -1 0 0 -1 0 0 -1 0 0 -1 0 0 -1 0 0 -1 0 0 -1 0 0 -1 0 0 -1 0 0 -1 0 0 -1 0 0 1 0.02184915 -0.7066705 0.7072054 0 0 1 0 0 1 1 0 0 0.02137309 -0.7068585 0.7070321 1 0 0 1 0 0 1 0 0 0.7680549 -0.640384 0 0.966135 -0.2285568 0.1197698 0 0 1 0.97314 0.2302139 0 0.7070617 -0.7071518 0 0.8890668 0.296545 0.3487427 0 0 1 0.7666615 0.6392222 0.06020957 1 0 0 1 0 0 1 0 0 1 0 0 0.8944271 0.4472139 0 0 -1 0 0.7071059 -0.7071077 0 0.7071059 -0.7071077 0 0 -1 0 1 0 0 0.251046 -0.9679753 0 1 0 0 0.4504532 -0.8886632 -0.08584576 0.2052996 -0.9637494 -0.1704091 0.3349683 -0.9414352 0.03867638 1 0 0 1 0 0 1 0 0 0.5082082 -0.8612343 0 0.4234847 -0.8869581 -0.1842989 0.3141111 -0.6330266 0.707539 1 0 0 0.3075945 -0.6367072 0.7070994 0.3127166 -0.6341993 0.7071065 0.03015518 -0.9995453 0 0.03015518 -0.9995452 0 1 -1.02151e-6 0 1 -5.0355e-6 1.17106e-6 0.02174425 -0.706697 0.7071822 0.02068507 -0.7073195 0.7065913 1 -2.37865e-6 2.3762e-6 0.02105659 -0.7068809 0.7070192 0 0 1 1 0 -3.57963e-6 0 0 1 1 0 -1.70299e-7 0.9469267 0.1933719 -0.2567821 0 0 1 0.01148885 -0.999934 0 0.01148885 -0.999934 0 0.01148855 -0.999934 6.7632e-7 0 0 1 0.9203298 0.3911433 0 0 0 1 0 0 1 -0.4999995 0.8660258 0 -0.4999992 0.8660259 0 0 0 1 -0.4999997 0.8660255 -1.29112e-7 0.4999992 -0.8660259 0 0.4999994 -0.8660257 0 0.4999996 -0.8660256 0 0.4999998 -0.8660256 0 0.5 -0.8660255 4.22598e-7 0 0 1 0.6172278 0.7867845 0 0 0 1 0 0 1 -0.8660258 0.4999995 0 -0.8660259 0.4999992 0 0 0 1 -0.8660255 0.4999997 1.29112e-7 0.8660259 -0.4999992 0 0.8660256 -0.4999996 0 0.8660255 -0.5 -3.38079e-7 0.8660255 -0.4999997 -1.39044e-7 0.8660258 -0.4999994 0 0 0 1 0.1411427 0.9899893 0 0 0 1 0 0 1 -1 0 0 0 0 1 0 0 1 -1 0 0 -1 0 0 -1 0 0 -1 0 0 -1 0 0 0 0 1 0 0 1 0 0 1 0 0 1 0 0 1 0 0 1 0 0 1 0 0 1 0 0 1 -0.6974428 -0.1435569 0.7021147 -0.692732 -0.143644 0.7067453 0 0 1 -0.6974776 -0.1435601 0.7020795 -0.9794676 -0.2016015 0 -0.9794676 -0.2016015 0 -0.6975721 -0.142941 0.7021118 -0.6932842 -0.142697 0.7063955 -0.6975935 -0.1429438 0.70209 0 0 -1 0 0 -1 0.3826258 -0.9237404 0.01735663 0 0 -1 0 0 -1 0 0 -1 0.8868574 -0.4617709 -0.01585936 0 0 1 0 0 1 -0.5773508 -0.5773506 0.5773495 -0.5773507 0.5773509 0.5773493 0 0 -1 -0.5773504 0.5773501 0.5773503 0 0 -1 -0.57735 -0.5773503 0.5773504 -0.7071066 -0.7071069 0 -0.7065678 0.7065681 -0.03903025 -0.8089621 0.5878609 0 0.5773506 -0.5773509 0.5773493 0.7058885 -0.7058888 -0.05867165 0.5773504 -0.5773501 0.5773503 -0.8046869 -0.5919762 -0.04520106 0.3257769 -0.9449796 0.02971696 0.5773508 0.5773506 0.5773494 0.57735 0.5773503 0.5773505 0.7071066 0.707107 0 0.9891269 -0.147065 0 0.9036594 -0.4278881 -0.01764732 0 0 -1 0 0 -1 0 0 -1 0 0 -1 0.9767892 0.1241298 -0.1745693 0.9094811 0.3975826 -0.1215404 0.3090794 0.9505578 0.03016299 0 0 -1 0 0 -1 0.7173492 0.0143575 -0.6965658 0.7077031 0.004626452 -0.7064949 0.7589963 0.0728684 -0.6470045 0.8054108 0.08053314 -0.5872205 0 0 -1 0 0 -1 0 0 -1 0 0 -1 0 0 -1 0 0 -1 0 0 -1 0 0 -1 0.7068338 -0.001582384 -0.7073779 0.7845594 -0.06137502 0.6170087 0.7343677 -0.1078044 -0.670136 0.6681112 0.1536605 0.7280219 0 0 -1 -0.3090171 0.9510565 0 0.7044837 0.1034175 -0.7021449 -0.309017 0.9510565 0 -0.309017 0.9510565 0 0 0 -1 0.5941202 0.1930416 -0.7808688 0 0 -1 0.5941208 0.1930409 -0.7808687 0 0 -1 0.309017 -0.9510565 0 0 0 -1 0 0 -1 0 0 -1 0 0 -1 0.6513686 0.2785959 -0.7057642 0.3090178 -0.9510563 5.44353e-7 0.6077428 0.3629088 -0.7063611 0.650864 0.278271 -0.7063578 -0.5877853 0.809017 0 -0.5877858 0.8090166 -4.14141e-7 -0.5877881 0.809015 0 0.6081986 0.3632979 -0.7057685 0 0 -1 0.5053893 0.3671863 -0.7808687 0 0 -1 0.5053886 0.3671868 -0.7808689 0 0 -1 0.5877855 -0.8090169 1.93672e-7 0 0 -1 0.5333972 0.4662435 -0.7057651 0.5877838 -0.8090181 -1.07315e-6 0 0 -1 0.4658544 0.532952 -0.7063581 0.53302 0.4657815 -0.7063549 0 0 -1 -0.8090169 0.5877855 1.93672e-7 -0.8090173 0.5877848 -3.44286e-7 -0.8090186 0.5877829 0 0.4661655 0.5334594 -0.7057696 0 0 -1 0.3671863 0.5053893 -0.7808687 0 0 -1 0 0 -1 0.809017 -0.5877853 0 0 0 -1 0 0 -1 0.3671868 0.5053886 -0.7808689 0.363214 0.608254 -0.7057639 0.8090158 -0.587787 -1.29089e-6 0 0 -1 0.2783619 0.6508215 -0.7063612 0.3629965 0.6076941 -0.7063579 -0.9510565 0.309017 0 -0.9510564 0.3090173 1.74638e-7 -0.9510561 0.3090184 0 0.2785019 0.6514039 -0.7057688 0 0 -1 0.1930416 0.5941202 -0.7808688 0 0 -1 0.9510565 -0.3090171 0 0 0 -1 0.1930409 0.5941208 -0.7808687 0.1574764 0.6907231 -0.7057641 0.9510565 -0.309017 0 0 0 -1 0.06362283 0.7049884 -0.7063593 0 0 -1 0 0 -1 0 0 -1 0.1574427 0.6901254 -0.7063559 -1 0 0 -1 0 0 -1 0 0 0.0635761 0.7055844 -0.7057682 0 1 0 0 0.6246951 -0.7808687 0 0.6246951 -0.7808688 0 1 0 1 0 1.02917e-5 1 0 -1.90735e-7 1 1.32903e-4 -3.71224e-5 0 0 -1 0.707108 -0.7071055 0 0.70701 -0.7072036 1.35321e-5 1 0 0 1 0 0 1 0 0 0.4660362 0.8847656 0 0.9471647 0.3207033 0.005331575 0.4657928 0.8848854 0.003839492 0.9469714 0.3212985 -0.003513872 0 0 -1 0.9080459 -0.4188418 -0.004929363 0 0 -1 0 0 -1 0 0 -1 0 0 -1 0.3707548 -0.9287244 0.003455758 0 0 -1 0 0 -1 0 0 -1 0 0 -1 0 0 -1 0 0 -1 0.9081015 -0.4187374 -0.003259658 0 0 -1 -0.02623629 -0.9996558 0 0 0 -1 0.3705302 -0.9288204 0 0 0 -1 -0.07852619 -0.9955303 -0.05247032 0 0 -1 0 0 -1 0 0 -1 -0.4170619 -0.8151665 0.4019488 0 0 -1 0 0 -1 0 0 -1 0 0 -1 0 0 -1 -0.3144577 -0.775512 -0.5474464 0 0 -1 -0.9101773 -0.3445405 0.2299329 0 0 -1 0 0 -1 0 0 -1 0 0 -1 -0.8310685 -0.3662799 -0.4185263 0 0 -1 0 0 -1 0 0 -1 0 0 -1 0 0 -1 0 0 -1 0 0 -1 0 0 -1 -0.5876482 0.8091166 0 0 0 -1 0 0 -1 1 0 0 0 0 -1 -0.5876482 0.8091166 0 0 0 -1 -0.463926 0.8858739 0 1 0 0 1 0 0 1 0 0 0 0 -1 -0.228735 0.9734887 3.77258e-6 0 0 -1 0 0 -1 0 0 -1 0 0 -1 0 0 -1 -0.4639267 0.8858736 3.94781e-6 -1 0 0 -1 0 0 -0.2287342 0.9734889 0 -0.707108 -0.7071056 0 -0.7071076 -0.7071059 0 -1 0 -1.90735e-7 -1 -4.63313e-5 -1.87232e-5 -1 1.07682e-4 0 0 0 -1 0 1 0 0 0 -1 0 0 -1 0 0 -1 0 1 0 1 0 0 0 0.624695 -0.7808688 0 1 0 -0.02246117 0.7064969 -0.7073596 -0.02201998 0.7068432 -0.7070274 1 0 0 -0.03499293 0.7056719 -0.7076742 -0.03404766 0.7065504 -0.7068433 -0.03482651 0.7059449 -0.70741 -0.6921352 0.721768 -5.52456e-5 -0.7429774 0.6654671 -0.07167965 -0.9901331 0.1400318 -0.005251944 0.4810149 0.8767125 -7.30572e-5 -0.2105003 0.6696928 -0.7121806 0.7149485 0.6279287 -0.3074964 0 0 -1 -0.3413592 0.6173883 -0.7087352 -0.21435 0.6787174 -0.702422 -0.2114763 0.6722745 -0.7094538 -0.809017 -0.5877853 0 -0.809015 -0.5877881 0 -0.8090166 -0.5877858 -4.14141e-7 -0.3438112 0.6208288 -0.7045321 -0.3671863 0.5053893 -0.7808687 -0.3671868 0.5053886 -0.7808689 0.8090169 0.5877855 1.93672e-7 -0.4514454 0.541218 -0.7094224 -0.4527527 0.5440265 -0.7064349 0.8090181 0.5877838 -1.07315e-6 0 0 -1 -0.4951489 0.4973619 -0.7123613 0 0 -1 -0.499502 0.5045943 -0.7041891 -0.4960678 0.4985624 -0.7108814 -0.9480733 -0.3180405 0.00268346 -0.9038756 -0.4277613 -0.005402386 -0.892607 -0.4508228 -0.003381073 -0.994162 -0.1077414 -0.005806446 -0.9023296 0.4310467 0 -0.9891408 -0.1469708 0 0 0 -1 -0.2320324 0.9725826 0.01561927 -0.8845303 0.4661743 -0.01696592 0 0 -1 -0.5999222 0.3592039 -0.7148887 0 0 -1 0.1302782 0.9834858 -0.1256319 -0.6469444 0.2770061 -0.7104439 -0.6117938 0.3639617 -0.7023106 -0.6018728 0.3601587 -0.7127657 -0.309017 -0.9510565 0 -0.3090184 -0.9510561 0 -0.3090173 -0.9510564 1.74638e-7 -0.6515526 0.2781059 -0.7057877 0 0 -1 -0.5941202 0.1930416 -0.7808688 0 0 -1 0 0 -1 0.3090171 0.9510565 0 0 0 -1 0 0 -1 -0.5941208 0.1930409 -0.7808687 0 0 -1 -0.6907231 0.1574764 -0.7057641 0 0 -1 0.309017 0.9510565 0 -0.7049884 0.06362283 -0.7063593 -0.6901255 0.1574427 -0.7063559 0 -1 0 0 -1 0 0 -1 0 -0.7055844 0.0635761 -0.7057682 -0.6246951 0 -0.7808688 -0.6246951 0 -0.7808688 0 0 -1 0 1 0 0 0 -1 0 0 -1 -0.7055798 -0.06367617 -0.7057638 0 1 0 -0.6901444 -0.1573445 -0.7063593 -0.7050008 -0.06352353 -0.7063559 0.3090171 -0.9510565 0 0.309017 -0.9510565 0 0.309017 -0.9510565 0 -0.6906964 -0.1575729 -0.7057685 -0.5941202 -0.1930416 -0.7808688 -0.5941208 -0.1930409 -0.7808687 0 0 -1 -0.309017 0.9510565 0 0 0 -1 -0.6454392 -0.2779427 -0.7114466 -0.6510927 -0.2793304 -0.7057287 -0.3090178 0.9510563 5.44353e-7 -0.5958145 -0.3617808 -0.7170214 -0.6106854 -0.367892 -0.7012267 -0.5980957 -0.3629225 -0.714541 -0.2778285 -0.9605082 0.01534014 -0.1593763 -0.9867407 -0.03069001 0.1841871 -0.9828847 -0.003558218 -0.9088749 -0.416665 -0.01834577 0 0 -1 -0.9960185 0.08914673 0 -0.8914056 -0.4532065 0 0 0 -1 -0.9643849 0.2644957 0.00196284 -0.9915806 0.1294404 -0.003611803 -0.4931839 -0.4977921 -0.7134232 -0.923583 0.383376 -0.004160523 -0.4506683 -0.5411741 -0.7099498 -0.4982712 -0.5064693 -0.7037149 -0.4941851 -0.4991144 -0.7118046 0.8090169 -0.5877855 1.93672e-7 0.8090186 -0.5877829 0 0.8090173 -0.5877848 -3.44286e-7 -0.4521767 -0.5444744 -0.7064587 -0.3671863 -0.5053893 -0.7808687 0 0 -1 -0.809017 0.5877853 0 -0.3671868 -0.5053886 -0.7808689 -0.3413592 -0.6173882 -0.7087354 -0.3438112 -0.6208288 -0.7045321 -0.8090158 0.587787 -1.29089e-6 -0.2105004 -0.669693 -0.7121803 -0.2114803 -0.6722836 -0.7094441 -0.21435 -0.6787174 -0.702422 0.4810149 -0.8767125 -5.47621e-5 0.9198873 -0.3921478 -0.00523293 0.5447312 -0.8355417 -0.07167965 -0.6921352 -0.721768 -7.24924e-5 -0.03499293 -0.7056726 -0.7076734 -0.8534713 -0.4207137 -0.3075494 0 0 -1 -0.02246117 -0.7064969 -0.7073596 -0.03482615 -0.7059452 -0.7074097 -0.03404766 -0.7065503 -0.7068433 1 0 0 1 0 0 1 0 0 -0.02201998 -0.7068432 -0.7070274 0 -0.6246951 -0.7808688 0 -0.6246951 -0.7808688 0 0 -1 -1 0 0 0 0 -1 0.06367617 -0.7055798 -0.7057638 -1 0 0 0 0 -1 0.1573445 -0.6901444 -0.7063593 0.06352353 -0.7050009 -0.7063559 0.9510565 0.3090171 0 0.9510565 0.309017 0 0.9510565 0.309017 0 0.1575729 -0.6906964 -0.7057685 0.1930416 -0.5941202 -0.7808688 0.1930409 -0.5941208 -0.7808687 -0.9510565 -0.309017 0 0 0 -1 0.2785959 -0.6513686 -0.7057642 -0.9510563 -0.3090178 5.44353e-7 0 0 -1 0.3629088 -0.6077428 -0.7063611 0.278271 -0.650864 -0.7063578 0.809017 0.5877853 0 0.8090166 0.5877858 -4.14141e-7 0.809015 0.5877881 0 0.3632979 -0.6081986 -0.7057685 0.3671863 -0.5053893 -0.7808687 0.3671868 -0.5053886 -0.7808689 -0.8090169 -0.5877855 1.93672e-7 0 0 -1 0.4662435 -0.5333972 -0.7057651 -0.8090181 -0.5877838 -1.07315e-6 0 0 -1 0.532952 -0.4658544 -0.7063581 0.4657815 -0.53302 -0.7063549 0.5877855 0.8090169 1.93672e-7 0.5877848 0.8090173 -3.44286e-7 0.5877829 0.8090186 0 0.5334594 -0.4661655 -0.7057696 0.5053893 -0.3671863 -0.7808687 0 0 -1 -0.5877853 -0.809017 0 0.5053886 -0.3671868 -0.7808689 0 0 -1 0.608254 -0.363214 -0.7057639 0 0 -1 -0.587787 -0.8090158 -1.29089e-6 0.6508215 -0.2783619 -0.7063612 0.6076941 -0.3629965 -0.7063579 0.309017 0.9510565 0 0.3090173 0.9510564 1.74638e-7 0.3090184 0.9510561 0 0.6514039 -0.2785019 -0.7057688 0.5941202 -0.1930416 -0.7808688 -0.3090171 -0.9510565 0 0.5941208 -0.1930409 -0.7808687 0.6914708 -0.154754 -0.7056339 -0.309017 -0.9510565 0 0.9893961 -0.1452424 0 -0.309017 -0.9510565 0 0.9893962 0.1452424 0 0.9893962 -0.1452424 0 0.9893961 0.1452424 0 0 0 -1 0 0 -1 0 0 -1 0.5777862 -0.1805281 0.7959728 0.7150683 -0.296191 0.6332048 0.6076167 -0.2050591 0.7673022 0.84667 -0.5321184 0 0.8350202 -0.3570054 0.4186747 0.8585008 -0.5128121 0 -0.5877858 -0.8090166 0 0.2793006 0.3339397 0.9002641 0 0 -1 0 0 -1 0 0 -1 0.8050913 -0.5711208 0.1601528 0.7964599 -0.5925525 0.1205537 0.7530043 -0.6580156 0 0.7530043 -0.6580156 0 0.6580156 -0.7530043 0 -0.8090174 -0.5877848 0 0.6580156 -0.7530043 0 0 0 -1 0 0 -1 0.2400207 -0.3226159 0.9155922 0.3429762 -0.8280175 0.4435701 0 0 -1 0.2464897 -0.347469 0.9047144 0.2982298 -0.9544941 0 0.4937338 -0.8265619 0.2702264 0.2512809 0.01697349 0.9677655 0.3931187 -0.9194877 0 -0.9510564 -0.3090173 0 0 0 -1 0 0 -1 0.2736881 -0.8109734 0.5171236 0 0 -1 0.2642074 -0.8456048 0.4638393 0.1452424 -0.9893961 0 0.2199288 -0.9640234 0.149299 0.08974063 -0.9959652 0 -1 0 0 0.1008226 -0.99463 0.02336353 0 0 -1 0 0 -1 0 0 -1 0.01698672 -0.9998546 0.001477837 0 0 -1 -0.0169726 -0.9990231 0.040802 -0.03963655 -0.9992142 0 0 0 -1 -0.005644917 -0.9976769 0.06788825 0.00565797 -0.999984 0 -0.02832198 -0.9995989 0 -0.03113734 -0.999509 0.003483474 -0.8584312 -0.3864688 -0.3372502 -0.04813277 -0.998841 0 -0.7448813 -0.6671969 0 0 0 -1 -0.02669149 -0.2831612 0.9587008 -0.3668279 -0.8856008 0.2848659 0.9486482 -0.3163333 0 -0.4756378 -0.8796412 0 -0.2450849 -0.7760363 0.5811205 0 0 -1 -0.05825525 -0.342148 0.9378386 -0.4844649 -0.8748107 0 -0.1087388 -0.6785171 0.7264918 -0.8090166 0.5877858 0 0 0 -1 -0.5711208 -0.8050913 0.1601528 0 0 -1 -0.5925525 -0.7964599 0.1205537 -0.6580156 -0.7530043 0 0 0 -1 -0.6387298 -0.7691064 0.022354 -0.7013139 -0.7128526 0 -0.7160139 -0.6979722 -0.01260662 -0.9252585 0.3793373 0 -0.8924877 0.4509375 -0.01100295 -0.03479856 -0.03029143 0.9989352 0 0 -1 -0.6215167 -0.2574407 0.7398927 -0.04495012 -0.03387916 0.9984146 0 0 -1 0 0 -1 0 0 -1 -0.9537468 -0.3006111 0 0.2662103 -0.9639149 0 -0.8224276 -0.4954508 0.2795376 0.004024326 -0.2533758 0.9673596 -0.9189964 -0.394266 0 -0.3090173 0.9510564 0 -0.8109734 -0.2736881 0.5171236 0 0 -1 0 0 -1 -0.8456048 -0.2642074 0.4638393 0 0 -1 -0.9893961 -0.1452424 0 -0.9640234 -0.2199288 0.149299 -0.9959652 -0.08974063 0 -0.99463 -0.1008226 0.02336353 0 1 0 0 0 -1 -0.9999359 -0.01132255 0 0 0 -1 0 0 -1 -0.4055546 0.00459218 0.9140592 -0.9548492 0.297091 0 -0.9514244 0.3078823 0 -0.9589121 0.08640199 0.2702264 -0.08248209 -0.2223213 0.9714782 -0.9749506 0.2224217 0 0.309017 0.9510565 0 0 0 -1 -0.8210998 0.2565509 0.5098792 0 0 -1 -0.845027 0.2851806 0.4523288 -0.8915474 0.4529274 0 0 0 -1 -0.9124292 0.3894574 0.1256812 -0.8594172 0.5112751 0 -0.115425 0.9933162 0 0.1822386 0.9720823 -0.1478006 -0.6013527 0.4470851 0.6621856 0 0 -1 -0.1894692 0.07848072 0.9787452 -0.7448678 0.6419625 0.1818134 0 0 -1 0 0 -1 -0.7204307 0.6935269 0 -0.8526191 -0.5225331 0 0 0 -1 -0.7034987 0.7106705 -0.006073176 -0.6396818 0.7686399 0 -0.6494441 0.7602118 0.01733046 0.8090174 0.5877848 0 -0.2400207 0.3226159 0.9155922 0 0 -1 -0.3429762 0.8280175 0.4435701 0 0 -1 -0.2464897 0.347469 0.9047144 0 0 -1 -0.2982298 0.9544941 0 -0.4372507 0.7895548 0.4305986 -0.3285034 0.2881203 0.8994845 -0.3011546 0.9535753 0 0.5461199 0.837707 0 0.7286414 0.5961365 -0.337199 -0.1646323 0.9669274 0.1948016 0 0 -1 -0.09370648 0.9940997 0.05463331 0 0 -1 -0.02832198 0.9995989 0 -0.9982387 0.05932623 0 -0.0481314 0.9988133 0.007439076 -0.03113752 0.9995151 0 -0.7777089 0.595583 0.2011213 1 0 0 -0.01698672 0.9998546 0.001477837 0 0 -1 0 0 -1 0 0 -1 -0.00565797 0.999984 0 0 0 -1 0 0 -1 0.3826835 0.9238796 0 0.001627981 0.2877268 0.9577112 -0.2810847 0.6785984 -0.6785984 0.2810845 0.678598 -0.6785988 0.2810847 0.6785984 -0.6785984 -0.678598 0.2810845 -0.6785988 -0.2810845 0.6785982 -0.6785987 -0.6785984 -0.2810847 -0.6785984 -0.6785984 0.2810846 -0.6785984 -0.2810845 -0.678598 -0.6785988 -0.678598 -0.2810845 -0.6785987 0.2810847 -0.6785984 -0.6785984 -0.2810846 -0.6785984 -0.6785984 0 0.6246951 -0.7808688 0 0 -1 0.7071081 0.7071054 0 0.7071081 0.7071054 0 0 1 0 -0.7071081 0.7071054 0 0 0 -1 0.005013525 0.2951018 0.9554527 0.1564344 0.9876884 0 0.06734794 0.4252185 0.9025816 0.08640199 0.9589121 0.2702264 0.2224217 0.9749506 0 0.9510565 -0.309017 0 0 0 -1 0 0 -1 0 0 -1 0.1805281 0.5777862 0.7959728 0.2050591 0.6076167 0.7673022 0.5321184 0.84667 0 0.3570054 0.8350202 0.4186747 0.5128121 0.8585008 0 0.8090166 -0.5877858 0 -0.3339397 0.2793006 0.9002641 0 0 -1 0 0 -1 0 0 -1 0.5711208 0.8050913 0.1601528 0.5925525 0.7964599 0.1205537 0.6580156 0.7530043 0 0.6580156 0.7530043 0 0.7530043 0.6580156 0 0.5877848 -0.8090174 0 0.7530043 0.6580156 0 0 0 -1 0 0 -1 0.3226159 0.2400207 0.9155922 0.8280175 0.3429762 0.4435701 0 0 -1 0.347469 0.2464897 0.9047144 0.9544941 0.2982298 0 0.8265619 0.4937338 0.2702264 -0.01697349 0.2512809 0.9677655 0.9194877 0.3931187 0 0.3090173 -0.9510564 0 0 0 -1 0 0 -1 0.8109734 0.2736881 0.5171236 0 0 -1 0.8456048 0.2642074 0.4638393 0.678598 -0.2810845 -0.6785988 0.2810845 -0.6785982 -0.6785987 0.6785984 0.2810847 -0.6785984 0.6785984 -0.2810847 -0.6785984 0.6785982 0.2810845 -0.6785987 0.3826834 -0.9238796 0 -0.3826955 -0.9238745 0 -0.3826834 -0.9238796 1.62004e-4 0.9238683 -0.3826788 -0.004921913 0.07503306 -0.3760704 -0.9235481 0.5563779 -0.8309253 0.002630293 0.9238793 0.3826833 7.20255e-4 0.9240174 -0.3823501 -4.60646e-4 0.3826834 0.9238796 1.62004e-4 0.923901 0.3826314 2.3879e-5 0.3826955 0.9238745 0 -0.3826834 0.9238796 0 0 0 -1 0 0 -1 0 0 -1 0 0 -1 0 0 -1 0 0 -1 0 0 -1 0 0 -1 0 0 -1 0 0 -1 0 0 -1 0 0 -1 -0.07503306 0.3760704 -0.9235481 0 0 -1 0 0 -1 -0.9238793 -0.3826833 7.20254e-4 -0.923901 -0.3826314 2.3879e-5 -0.9238683 0.3826788 -0.004921913 -0.9240174 0.3823501 -4.60646e-4 -0.5563779 0.8309253 0.002630293 0 0 -1 0 0 -1 0 0 -1 0 0 -1 0 0 -1 0 0 -1 0 0 -1 0 0 -1 0.1952242 -0.9807587 0 -0.1956378 -0.9806743 -0.001911222 -0.1952242 -0.9807587 0 0.5556621 -0.8314061 -0.001883685 0.1956378 -0.9806743 0.001911222 0.9239101 -0.382595 -0.003355264 0.5563214 -0.8309654 0.001695334 0.9239751 0.3824478 0.001927375 0.9239751 -0.3824478 -0.001927316 0.5563214 0.8309654 -0.001695275 0.9239101 0.382595 0.003355145 0.1956378 0.9806743 -0.001911222 0.5556621 0.8314061 0.001883745 -0.1952242 0.9807587 0 0.1952242 0.9807587 0 -0.5556621 0.8314061 -0.001883685 -0.1956378 0.9806743 0.001911222 -0.9239101 0.382595 -0.003355264 -0.5563214 0.8309654 0.001695334 -0.9239751 -0.3824478 0.001927375 -0.9239751 0.3824478 -0.001927316 -0.5563214 -0.8309654 -0.001695275 -0.9239101 -0.382595 0.003355145 -0.5556621 -0.8314061 0.001883745 0 0 1 0 0 1 0 0 1 0 0 1 0 0 1 0 0 1 0 0 1 0 0 1 0 0 1 0 0 1 0 0 1 0 0 1 0 0 1 0 0 1 0 0 1 0 0 1 0 0 1 0 0 1 0 0 1 0 0 1 0 0 1 0 0 1 -0.2788083 0.673116 0.6849678 0.155309 0.778477 -0.6081551 0.08274453 0.6985057 0.7108045 -0.6735367 0.2789199 0.6845086 -0.2787965 0.6730852 0.6850029 -0.6710154 -0.2777283 0.6874629 -0.6757737 0.2799192 0.6818909 -0.3965845 -0.5923469 0.7013173 -0.6641284 -0.2750954 0.6951661 -0.01289314 -0.06462627 0.9978262 0.2788083 -0.673116 0.6849678 -0.2788093 -0.6731159 0.6849675 0.8886393 -0.3679966 0.2736762 0.006206095 -0.05239003 -0.9986075 0.3722754 -0.4849292 0.7913625 0.4146835 -0.5705165 0.7089067 0.04811358 -0.1302968 -0.990307 0.4691242 0.194167 -0.8615229 0.6933299 0.1282531 0.7091155 0.6968478 -0.1296159 0.7054097 0.222404 -0.1363871 -0.9653678 0.5493531 0.8205254 -0.1579529 0.7268176 0.445209 0.5229963 0.3606877 0.4850877 0.7966142 0.1836245 0.4972753 0.8479382 -3.97473e-4 9.59601e-4 -0.9999995 6.68383e-4 0.005642294 -0.9999838 -0.01335388 0.09400784 0.9954819 -9.48335e-4 3.92819e-4 -0.9999995 -0.01802051 0.01266723 -0.9997574 -0.002748489 0.004486858 -0.9999862 -0.008705258 -0.003605842 -0.9999556 -0.00873655 0.00180912 -0.9999603 -0.001601517 -0.003866493 -0.9999912 -0.01811009 -0.01273334 -0.9997549 -5.648e-4 -1.17026e-4 -0.9999998 6.68117e-4 -0.005640029 -0.9999839 -0.01312237 -0.09245532 0.9956303 -3.38646e-4 -5.52981e-4 -0.9999998 0 0 1 0.1952356 -0.9807564 0 0 0 1 -0.01902425 -0.09535098 0.9952619 0 0 1 -0.3826955 -0.9238745 0 0 0 1 0.5556558 -0.8313328 -0.0115059 0 0 1 0.1956489 -0.9806045 0.01167654 0 0 1 0.8313468 -0.5556504 -0.01072752 0 0 1 0.5563485 -0.8308814 0.0106098 0 0 1 0.980762 -0.1951698 -0.00383538 0 0 1 0.8316911 -0.5552253 0.003843724 0 0 1 0.9807752 0.195124 0.002560019 0 0 1 0 0 1 0.9807752 -0.195124 -0.002559483 0 0 1 0.8316911 0.5552253 -0.003843545 0 0 1 0.980762 0.1951698 0.003835499 0 0 1 0.5563485 0.8308814 -0.01060962 0 0 1 0.8313468 0.5556504 0.01072782 0 0 1 0.1956489 0.9806045 -0.01167678 0 0 1 0.5556558 0.8313328 0.01150608 0 0 1 -0.3826955 0.9238745 0 0 0 1 0 0 1 0.1952356 0.9807564 0 0 0 1 -0.9236969 0.382547 -0.02101933 0 0 1 -0.01902431 0.09535104 -0.995262 -0.5563485 0.8308814 0.0106098 0 0 1 -0.9240059 -0.3823454 0.005016326 0 0 1 0 0 1 -0.9240059 0.3823454 -0.005018532 0 0 1 -0.5563485 -0.8308814 -0.01060962 0 0 1 -0.9236969 -0.382547 0.02101916 0 0 1 0.4305363 0.56067 0.7073102 -0.003613233 -0.01318752 -0.9999065 -0.3184566 -0.6243871 -0.7132505 -0.04612481 -0.7293995 -0.6825312 -0.3184571 -0.6243882 -0.7132492 -0.187132 0.6832008 -0.7058458 -0.3184566 0.624387 -0.7132505 -0.3184572 0.6243882 -0.7132492 0.1002172 0.7051396 -0.7019506 -0.001667201 0.02636456 -0.999651 0.3696082 0.6033414 -0.7066605 0.5808281 0.4082987 -0.7042236 0.0180819 0.01926147 -0.999651 0.6934037 0.1435902 -0.7060972 0.6990758 -0.1448968 -0.7002129 0.02641588 0 -0.9996511 0.5760051 -0.4050629 -0.7100297 0.3724237 -0.6081773 -0.7010143 0.0180819 -0.01926147 -0.999651 0.09931403 -0.6996091 -0.7075902 0.001213192 -0.003285527 0.9999939 -0.3184569 0.6243877 -0.7132498 -0.3184572 0.6243882 -0.7132492 0.003964662 -0.007773458 -0.9999619 0.002354979 -0.008594453 -0.9999603 0.00304383 0.008243083 -0.9999614 -0.3184565 -0.624387 -0.7132505 -0.3184483 -0.6243721 -0.7132672 0.003964662 0.007773458 -0.9999619 0.003964662 0.007773458 -0.9999619 0.002252995 0.00822407 0.9999637 0 0 -1 0 0 -1 0 0 -1 0 0 -1 0 0 -1 0 0 -1 0 0 -1 0 0 -1 0 0 -1 0 0 -1 0 0 -1 0 0 -1 0 0 -1 0 0 -1 0 0 -1 0 0 -1 0 0 -1 0 0 -1 0 0 -1 0 0 -1 0 0 -1 0 0 -1 0 0 -1 0 0 -1 0 0 -1 0 0 -1 0 0 -1 0 0 -1 0 0 -1 0.4305363 -0.56067 -0.7073102 -0.003476023 0.01269066 0.9999135 -0.3184566 0.6243871 0.7132505 -0.04610764 0.7294026 0.6825291 0.7268174 -0.4452089 -0.5229968 0.3606873 -0.4850873 -0.7966147 0.6933296 -0.1282531 -0.7091158 0.4691238 -0.1941669 0.8615232 0.6968473 0.1296158 -0.7054102 0.2224038 0.136387 0.9653679 0.3722752 0.4849289 -0.791363 0.8886393 0.3679967 -0.2736762 -0.1871843 -0.6831792 0.7058528 0.4146834 0.5705165 -0.7089067 -0.3184566 -0.6243871 0.7132505 -0.3184567 -0.6243873 0.7132502 0.00184977 -0.01303052 0.9999134 0.3703109 -0.6047269 0.7051066 -0.04637289 -0.7325888 0.67909 0.01076406 -0.007569611 0.9999134 0.6959365 -0.1442461 0.7034667 0.4983255 -0.5309548 0.6853895 0.01288217 0.002667605 0.9999135 0.5787219 0.4068181 0.7068097 0.7349055 -6.63473e-5 0.6781696 0.006872713 0.0112189 0.9999135 0.1000127 0.7037016 0.7034212 0.5001434 0.5327025 0.6827039 0.0481134 0.1302965 0.990307 0.001211643 0.003281295 -0.9999939 -0.3184569 -0.6243877 0.7132498 -0.3184567 -0.6243873 0.7132502 0.003964662 0.007773458 0.9999619 0.002354502 0.008594691 0.9999603 0.183624 -0.4972742 -0.847939 0.00304383 -0.008243083 0.9999614 0.5493532 -0.8205255 0.1579526 -0.3184566 0.624387 0.7132505 0.003964662 -0.007773458 0.9999619 -0.3184567 0.6243873 0.7132502 0.003964662 -0.007773458 0.9999619 0.08274435 -0.6985046 -0.7108057 6.68117e-4 -0.005640029 0.9999839 0.1553088 -0.7784761 0.6081564 0.002256333 -0.00823456 -0.9999635 -0.2788079 -0.673115 -0.6849689 -0.278742 -0.6729427 -0.685165 -3.97496e-4 -9.59641e-4 0.9999995 -0.01312237 -0.09245532 -0.9956303 0 0 -1 0 0 -1 0 0 -1 0 0 -1 0 0 -1 0 0 -1 0 0 -1 0 0 -1 0 0 -1 0 0 -1 0.2788079 0.673115 -0.6849689 0 0 -1 0.006206035 0.05238991 0.9986075 0 0 -1 -0.2788129 0.673114 -0.6849679 -0.0128926 0.06462347 -0.9978264 0 0 -1 0 0 -1 6.68383e-4 0.005642294 0.9999838 -0.001604378 0.003873348 0.9999912 -0.01335388 0.09400779 -0.9954819 -3.38557e-4 5.5269e-4 0.9999998 -0.3965422 0.5922837 -0.7013945 0 0 -1 0 0 -1 -0.6710144 0.2777279 -0.6874641 0 0 -1 -0.664267 0.2751484 -0.6950127 0 0 -1 -0.673675 -0.2789772 -0.6843491 0 0 -1 -0.6757732 -0.2799144 -0.6818934 0 0 -1 0 0 -1 0 0 -1 -9.48382e-4 -3.92833e-4 0.9999995 -0.01811891 -0.01273953 0.9997547 -0.002743005 -0.004479169 0.9999862 -9.48362e-4 3.92824e-4 0.9999995 -0.00873655 0.00180912 0.9999603 -0.008715689 -0.001805841 0.9999604 -0.01802933 0.01267337 0.9997571 0.1952242 -0.9807586 0 -0.195638 -0.9806756 -0.001061797 -0.1952242 -0.9807586 0 0.5524165 -0.8265498 -0.1079428 0.2541601 -0.9540796 0.158539 0.5410028 -0.2240315 -0.810633 0.7129229 -0.6259161 0.3161805 0.5360156 0.2218652 -0.8145324 0.5281226 -0.2214171 -0.8197932 0.9912623 -0.1319035 -7.67808e-4 0.9912631 0.1318992 4.32891e-4 0.5530956 0.8261471 -0.1075458 0.5473485 0.2294763 -0.8048293 0.7917878 0.6107963 0 0.6879968 0.6940222 0.2121173 0.191449 0.9596773 0.2058317 -0.1952242 0.9807586 0 0.2574157 0.9663009 0 -0.5556628 0.8314071 -0.001046478 -0.195638 0.9806756 0.001061797 -0.9239137 0.3825965 -0.001864016 -0.556322 0.8309663 9.41842e-4 -0.9239763 -0.3824483 0.001070737 -0.9807541 0.1952461 -5.46649e-4 -0.5991947 0.4001039 -0.693457 -0.556322 -0.8309663 -9.41842e-4 -0.9239137 -0.3825965 0.001864016 -0.5556628 -0.8314071 0.001046478 0.7040172 -0.710183 0 0.3985103 0.9171639 0 0.5076007 0.8587964 0.06935656 0.8093578 0.5862706 -0.03502357 0.2699363 0.9628782 0 0.1362968 0.9903845 0.02370268 0 0 1 0 0 1 0 0 1 0 0 1 0 0 1 0 0 1 0 0 1 0 0 1 0 0 1 0 0 1 0 0 1 0.2699363 -0.9628782 0 0.398469 -0.9170687 0.01441001 0 0 -1 0.5076007 -0.8587964 0.06935656 0.809375 -0.5862466 -0.03503113 0 0 1 0 1 0 0 0 1 0 0 1 0 1 0 0 1 0 0 1 0 0 1 0 0 1 0 0 0 1 0 0 1 -0.5773509 -0.5773509 0.577349 -0.5773509 0.5773509 0.577349 -0.5773509 0.5773509 0.5773491 0.5773509 -0.5773509 0.577349 -0.5773509 -0.5773509 0.5773491 0 0 1 0.5773509 0.5773509 0.577349 0 0 1 0.5773509 -0.5773509 0.5773491 0.5773509 0.5773509 0.5773491 -0.7084792 -0.7057316 0 -0.7055755 0.7085097 -0.01331883 -0.9236286 0.3832889 0 -0.1165555 0.2822631 -0.9522302 0.7055748 -0.7085102 -0.01332551 -0.2842833 -0.1176805 -0.9514906 -0.3832824 -0.9236106 0.006178081 0.7084788 0.7057322 0 0.9236277 -0.3832907 0 0.1165559 -0.2822635 -0.95223 0.2842836 0.1176813 -0.9514904 0.3832832 0.9236102 0.006174325 -1 0 0 0 0 1 0 0 1 -1 0 0 0.3979721 -0.5683189 0.7201609 0.4067873 -0.5933629 0.6945823 -1 0 0 0.3972562 -0.5669483 0.721635 0.6079316 -0.7939894 0 0.4338987 -0.8981513 -0.07110756 0.4725826 -0.8811547 -0.01523864 1 0 0 0.3580424 -0.5993794 0.715926 0.3635492 -0.616088 0.6987615 0.3577991 -0.5988517 0.7164889 1 0 0 0 0 1 1 0 0 1 0 0 1 0 0 -4.20739e-7 0 1 -6.62272e-7 -1.83668e-7 1 -4.28543e-6 7.17257e-6 1 -0.4802427 0.4878455 0.7289538 1 0 0 -0.5042223 0.5246753 0.6859123 -0.4785261 0.4857429 0.7314825 1 0 0 0.3431335 -0.4804415 -0.8071154 0.3461204 -0.485638 -0.8027181 0 0 -1 0 0 -1 0.3753844 -0.5533522 -0.7435642 -0.3552636 0.6528909 -0.6689703 -0.3559906 0.6547117 -0.6668009 -0.3680712 0.7028366 -0.6087234 0.1505414 -0.7066949 0.6913172 0 0 1 0.0970866 -0.6934856 0.7138991 0.1239464 -0.6590527 0.7418132 0.3313232 -0.9435173 0 0.2286093 -0.6510143 0.723822 1 0 0 0.2292505 -0.6588693 0.7164743 1 0 0 1 0 0 0.3076101 -0.6442867 0.7001933 0.307505 -0.6439891 0.7005132 0.3041513 -0.6298496 0.7146899 0 0 1 0 0 1 0 0 1 0 0 1 0 0 1 0.06239569 0.1959841 0.9786199 0 0 1 -0.002645194 0.3666706 0.930347 0 0 1 0.0262295 0.2567561 0.9661202 0 0 1 0 0 1 -0.03313344 0.3173341 0.9477347 0 0 1 0 0 1 -0.11415 0.3576264 0.926862 0 0 1 0 0 1 -1 0 0 -1 0 0 0 0 1 0 -1 0 0 0 1 -0.7071059 -0.7071077 0 -0.7071059 -0.7071077 0 0 -1 0 0 0.7071059 0.7071077 -0.5000003 0.4999983 0.7071079 -1.77461e-7 0.7071051 0.7071086 0 0.7071051 0.7071084 -0.5000003 0.4999983 0.7071079 0.5000003 0.4999983 0.7071079 0 0.7071051 0.7071084 0.5000003 0.4999983 0.7071079 0 0 1 0 0.7071051 0.7071084 -0.7069348 0 0.7072787 1.77461e-7 0.7071059 0.7071075 0.08844172 -0.7019038 0.7067596 -0.7066569 -1.69882e-4 0.7075563 -0.6497644 -0.5339255 0.5410451 0.08848059 -0.7017905 0.7068672 0.09195601 -0.6973637 0.7107939 0.002830624 0.902701 0.4302592 -1 0 0 -0.260088 0.7802608 -0.5688123 -0.3162291 0.9486829 2.37733e-5 -0.8890667 -0.296545 0.3487426 -0.966135 0.2285568 0.1197698 -0.7680549 0.640384 0 -1 0 0 0.2892869 0.8678579 0.4039006 0.3162286 0.948683 -2.37756e-5 0.6975665 0.6974777 0.1640911 0.6786382 0.6785517 0.2811012 0.5757791 -0.5758525 0.5804071 0.6034759 -0.7571874 0.249968 -0.7070617 0.7071518 0 -0.5757791 0.5758525 0.5804071 0.3360212 0.4785401 0.8112269 0.5796825 0.5780081 0.5743473 -0.97314 -0.2302139 0 -0.8944271 -0.4472139 0 -0.6975665 -0.6974777 0.1640911 -0.7666615 -0.6392222 0.06020957 -0.6786382 -0.6785517 0.2811012 -0.6034759 0.7571875 0.2499679 0 0 1 0 0 1 0 0 1 0 0 1 0.3162291 -0.9486829 2.37734e-5 0.2600881 -0.7802608 -0.5688123 -0.002830624 -0.902701 0.4302592 -0.3162286 -0.948683 -2.37756e-5 -0.2892869 -0.8678579 0.4039006 -1 0 0 0 0 1 -1 0 0 0 0 1 -0.5796825 -0.5780081 0.5743473 -0.3360212 -0.4785401 0.8112269 0.11415 -0.3576264 0.926862 0.03313344 -0.3173341 0.9477348 -0.0262295 -0.2567561 0.9661202 -0.06239569 -0.1959841 0.9786199 0.002645194 -0.3666706 0.930347 -0.1004866 -0.7034447 0.7036107 -0.1002453 -0.7025471 0.7045413 -0.1414138 -0.9899505 0 -0.1414138 -0.9899505 0 -0.1006624 -0.7034288 0.7036015 -0.1003538 -0.702515 0.7045579 0 0 1 0 0 1 -0.2647993 -0.6593949 0.703619 -0.2643522 -0.658582 0.7045479 0 0 1 0 0 1 -0.264697 -0.6594411 0.7036142 -0.2641812 -0.6586285 0.7045685 -0.3725073 -0.9280294 0 -0.3725073 -0.9280294 0 -0.4388905 -0.5588559 0.7036016 -0.8660256 0.4999997 0 -0.6174435 -0.7866153 0 -0.4381673 -0.5582197 0.7045567 0 0 1 0 0 1 -0.4387463 -0.5589573 0.703611 -0.4380863 -0.5582985 0.7045447 -0.6174435 -0.7866153 0 -0.7866153 -0.6174435 0 -0.5582239 -0.4381706 0.7045514 -0.7866153 -0.6174435 0 -0.5590205 -0.4386529 0.703619 -0.5589548 -0.4387443 0.7036141 -0.5581029 -0.4382991 0.7045673 0 0 1 0 0 1 -0.6530044 -0.2777706 0.704577 -0.4999997 0.8660256 0 -0.9202502 -0.3913304 0 -0.6533547 -0.2778349 0.7042269 0 0 1 0 0 1 -0.6530423 -0.277702 0.7045691 -0.6536774 -0.2778688 0.7039139 -0.9202502 -0.3913304 0 0 0 1 0 0 1 0 0 1 0 0 1 -0.3572434 0.3585199 0.8624619 0.3572434 -0.3585199 0.8624619 0.64805 -0.5365377 0.5405169 1 0 0 0.7071081 0.7071055 0 1 0 0 0.707108 0.7071055 -9.21961e-7 0.7071084 0.7071051 8.56107e-7 0.3741526 0.7107926 -0.5956374 0.7071115 0.7071021 8.57167e-7 0.4284248 0.8235632 -0.3717472 0.3741564 0.7108 -0.5956261 0.7071051 0.7071084 0 1 0 0 0.7071068 0 0.7071068 1 0 0 1 0 0 0.4280863 0.8228018 -0.3738173 0.3777242 0.7093069 -0.5951539 0.7071068 0 0.7071068 0.5000016 -0.4999992 0.7071061 0 0 -1 0.3553828 0.6580861 -0.6637965 -0.6830039 -0.3117164 -0.6605593 -0.802295 -0.3535985 -0.480927 -0.3096389 -0.7727157 -0.5541067 0.2919179 -0.7347601 -0.6123002 -0.2974063 -0.73346 -0.6112169 0.7043817 -0.3276897 -0.6296554 0.2980543 -0.7471429 -0.5940884 0.7319052 0.243119 -0.6365595 0.7354411 -0.3391215 -0.5866201 0.7891706 0.2677581 -0.5527343 -0.1020748 -0.7349665 0.6703768 -0.361554 -0.9323512 1.55279e-4 0.14915 -0.9888147 1.62725e-4 0.6235752 -0.7817633 1.63002e-4 0.9309136 -0.3652396 1.6278e-4 0.9888147 0.14915 1.62725e-4 0.7817633 0.6235752 1.63002e-4 0.4030921 0.9151595 2.69312e-5 0 0 1 0 0 1 0 0 1 0 0 1 0 0 1 0 0 1 0 0 1 0 0 1 0 0 1 0 0 1 0 0 1 0 0 1 0 0 1 0 0 1 0 0 1 0 0 1 0 0 1 0 0 1 0 0 1 0 0 1 0 0 1 0 0 1 0 0 1 0 0 1 0 0 1 0 0 1 0 0 1 0 0 1 0 0 1 0 0 1 0 0 1 -0.7071081 0.7071054 0 0 1 0 0 1 0 -0.7070231 -6.09119e-5 0.7071905 -0.64771 -0.5367342 0.5407294 -0.7071074 -0.7071062 1.23841e-6 -0.6478225 -0.5366032 0.5407245 -0.6478857 -0.536493 0.5407583 -0.707108 -0.7071056 -7.75348e-6 0.08933895 -0.6986202 0.7098932 -0.7071086 -0.707105 -1.85507e-6 -0.7071042 5.08883e-6 0.7071093 -0.7071064 0 0.7071072 -0.7071064 0 0.7071072 -1 0 0 -1 0 0 -1 0 0 0.07885223 -0.7029863 0.7068186 0.2291374 -0.6583343 0.7170022 1 0 0 0 0 1 0 0 1 0 0 1 0 0 1 1 0 0 1 0 0 0 0 1 -0.5000016 0.4999992 0.7071061 -0.5000012 0.4999994 0.7071064 -0.7071068 0 0.7071068 0 0 1 -0.5000016 -0.4999992 0.7071061 -0.7071068 0 0.7071068 -5.18504e-6 9.30861e-6 1 -0.7071064 0 0.7071073 0 0 1 -0.7071064 0 0.7071072 -0.5000012 -0.4999994 0.7071064 -3.15842e-4 9.22351e-4 0.9999995 -0.7063924 0.7078181 0.001847803 -0.7051835 0.7090145 -0.003836989 -0.7085544 0.7056458 -0.003843069 1.13346e-4 -3.81845e-4 1 -0.7780582 0.4379932 0.4503191 -0.1818501 0.6911557 0.6994528 -0.7823527 0.4414205 0.4393998 -0.7801617 0.4391795 0.4454985 1 0 0 -0.7071102 0.7071034 0 -0.7071062 0.7071074 5.33867e-7 -0.7071081 0.7071055 0 -0.08344751 0.7637882 -0.64005 -0.08349508 0.7637958 -0.6400348 -0.1820703 0.7748879 -0.6053091 -0.09020864 0.7643498 -0.6384604 -0.1808739 0.7254628 -0.6640695 -0.1808498 0.753427 -0.6321716 0 0 -1 -1 0 0 0 0 -1 -1 0 0 -1 0 0 0 0 -1 0.1758154 -0.5941149 -0.7849308 -0.7071053 -0.7071083 0 0.167961 -0.578612 -0.798121 -0.7071081 -0.7071055 2.60591e-7 -0.7071107 -0.7071029 7.84593e-7 0.1863661 -0.6171997 -0.7644162 0.08201777 -0.6349263 -0.7682068 -1 0 0 -1 0 0 -0.707108 -0.7071055 0 -0.2679214 0.9634408 2.52153e-5 1 0 0 1 0 0 0 0 1 0 0 1 0 0 1 0 0 1 0 0 1 0 0 1 0 0 1 -0.4244733 0.5841836 0.6917746 -0.4096512 0.5529496 0.7255568 -0.4248389 0.5847996 0.6910293 0.6347814 -0.1825137 0.7508271 0.9610641 -0.2763258 0 0.9610638 -0.2763268 -7.91724e-6 0.6365122 -0.1798895 0.7499947 0.692931 -0.1992436 0.6929275 0.6373705 -0.180157 0.7492011 0 1 0 0 0 1 0 0 1 0 0 1 -0.9178142 0.3970102 0 -0.9178142 0.3970102 0 0.9610638 0.2763268 0 0 -1 0 0 -1 0 0 -1 0 0 -1 0 0 -1 0 0 -1 0 0 -1 0 0.9610634 0.2763279 7.96587e-6 0 0 1 0 0 1 0 0 1 0.1363351 -0.9906628 0 0 0 1 -0.9178142 -0.3970102 0 -0.9178142 -0.3970102 0 0 0 1 0 0 1 0.6370255 0.1831263 0.7487746 0.693418 0.1959776 0.6933716 0.6361573 0.1829017 0.7495672 0 0 1 0 0 1 0.5738592 0.8189541 0 0.573859 0.8189542 2.73707e-7 0.3972648 0.5669401 0.7216368 0.3979835 0.5683169 0.7201563 0.4067864 0.593361 0.6945844 -0.5773509 -0.5773509 0.577349 -0.5773506 0.5773501 0.5773501 -0.5773509 0.5773509 0.5773491 0.5773509 -0.5773509 0.577349 -0.6060207 -0.2510236 -0.7548019 -0.2810867 -0.6785989 0.6785968 0.577351 0.5773506 0.5773492 0.6785994 -0.2810848 0.6785972 0.2510223 -0.6060194 -0.7548035 0.5773503 0.5773503 0.5773503 -0.9907544 0.1356674 0 -0.9907544 -0.1356674 0 -0.9907544 0.1356674 0 -0.9907544 -0.1356674 0 0 0 1 0.7071068 0.7071068 0 0.923862 -0.3826757 -0.006185233 0.9973152 -0.07322895 0 -0.7065599 0.7065599 -0.03932219 0.1079607 0.9941552 0 -0.2284098 0.9735154 0.009833633 0.5251604 0.8507356 -0.02134281 0.9322868 0.3343855 -0.1379402 0.7072609 0.7069514 -0.001315236 -0.9238787 -0.3826856 0 -0.9018417 0.4320667 0 -0.3826833 -0.9238733 -0.003391563 -0.7313069 -0.6810628 0.03665792 0.3826813 -0.9238714 0.004085004 0.6266961 -0.778436 0.03590941 0 0 1 0 0 1 0 0 1 0.8223871 0.5689283 0 0.5164552 0.8366335 0.1825339 0.9410836 0.3375407 0.02068525 0.9977683 -0.06677144 1.31769e-4 0.7071068 0.7071068 0 0.7071067 -0.7071067 -3.81116e-4 0.7084981 -0.7057127 0 -0.7071067 0.7071067 -3.80899e-4 0.7057046 0.7085061 3.84052e-4 -0.7071068 -0.7071068 0 -0.7084973 0.7057135 0 -0.7057039 -0.7085068 3.84276e-4 0 0 1 0 0 1 -0.7088115 0.2941454 0.6411433 -0.4320048 -0.286776 0.8550623 -0.4432881 -0.1835024 0.8773952 0.4432902 0.1835023 0.8773943 0.4320071 0.286774 0.8550617 0.7088124 -0.2941441 0.641143 0.2941008 0.708706 0.6412805 0.9294438 0.0892961 0.357995 0.7089622 0.2934804 0.6412815 -0.29286 0.709219 0.6412811 0.2940981 0.7087054 0.6412823 -0.292859 0.7092205 0.6412798 0.8702015 -0.3611177 0.3351767 0.923963 0.3824817 0 0.8698827 -0.3609853 0.3361452 0.7085195 -0.7056912 0 0.3606769 0.8691441 0.3383795 -0.3816709 0.9242976 -0.001232326 0.7056882 0.7085187 0.002291679 -0.8702015 0.3611177 0.3351767 -0.869883 0.3609855 0.3361443 -0.9294438 -0.0892961 0.357995 -0.7089648 -0.2934788 0.6412794 -0.9239644 -0.3824787 0 -0.7085195 0.7056912 0 0.2928599 -0.7092204 0.6412796 0.2928603 -0.7092197 0.6412802 -0.2941015 -0.7087061 0.6412799 -0.2941011 -0.708706 0.6412802 -0.3606798 -0.869143 0.3383792 0.3816727 -0.9242967 -0.001232326 -0.7056902 -0.7085168 0.002291679 -0.6773478 -0.6800609 0.280566 -0.5759728 0.5736736 0.5823693 -0.5542067 0.8000984 0.2295594 0.5759716 -0.5736724 0.5823718 -0.3258034 -0.524576 0.7865571 -0.5819367 -0.5794227 0.5706304 0.677346 0.6800629 0.2805653 0.5542054 -0.8000994 0.2295588 0.581938 0.5794239 0.570628 0.325801 0.5245763 0.7865579 0 0 1 0 0 1 0.3572067 -0.3587567 0.8623787 -0.357209 0.3587591 0.8623768 0 0 -1 0 0 -1 0 0 -1 0 0 -1 0 0 -1 0.11415 -0.3576264 0.926862 -0.002830624 -0.902701 0.4302592 -0.06239569 -0.1959842 0.9786199 0.002645194 -0.3666706 0.930347 -0.0262295 -0.2567561 0.9661203 0.03313338 -0.3173341 0.9477347 0.260088 -0.7802608 -0.5688123 0.3162291 -0.9486829 2.37734e-5 -1 0 0 -0.2892869 -0.8678579 0.4039006 -1 0 0 -1 0 0 -0.3162286 -0.948683 -2.37756e-5 -0.8944271 -0.4472139 0 -0.6975665 -0.6974777 0.1640911 -0.7666615 -0.6392222 0.06020957 0 0 1 -0.97314 -0.2302139 0 0 0 1 -0.7070617 0.7071518 0 0 0 1 0 0 1 0 0 1 -0.8890668 -0.296545 0.3487427 -0.9721422 0.1876719 0.1404232 -0.6786382 -0.6785517 0.2811012 -0.5757791 0.5758525 0.5804071 -0.6034759 0.7571874 0.249968 0.5757791 -0.5758525 0.5804071 -0.3360212 -0.4785401 0.8112269 -0.5796825 -0.5780081 0.5743473 0.894427 0.4472139 0 0.6975665 0.6974777 0.1640911 0.5685514 0.8137321 0.1207867 0.6786382 0.6785517 0.2811012 0.6034759 -0.7571875 0.2499679 0 0 1 0 0 1 0.8660255 0.4999997 -1.39044e-7 -0.26528 0.6591576 0.7036603 0.8660258 0.4999995 0 0.8660259 0.4999992 0 0.8660256 0.4999997 0 -0.3725073 0.9280294 0 -0.2659672 0.6626055 0.7001538 0.3727613 -0.9279273 0 0.2588189 -0.9659259 0 0.1319132 -0.9252525 -0.3556777 0 0 1 0 0 1 -0.2646982 0.659444 0.703611 -0.2644585 0.6585462 0.7045414 0 0 1 -0.3725073 0.9280294 0 -0.1414138 0.9899505 0 -0.1003552 0.7025247 0.704548 -0.1414138 0.9899505 0 -1 0 0 -1 0 0 -0.1003745 0.7034527 0.7036188 -0.100486 0.7034407 0.7036148 -1 0 0 -1 0 0 -0.102326 0.6977615 0.7089841 -0.1000258 0.7451329 0.6593723 -0.09971857 0.7533111 0.6500605 0 0 1 -0.6923207 0.7215802 0.003738164 -0.8410443 0.5403285 0.02626091 -0.6322444 0.7747691 0 -1 0 0 -1 0 0 -0.3162291 0.9486829 2.37733e-5 -0.2600881 0.7802608 -0.5688123 0.002830624 0.902701 0.4302592 0.3162286 0.948683 -2.37756e-5 0.2892869 0.8678579 0.4039006 1 0 0 0.01667988 0.7069206 0.7070962 1 0 0 1 0 0 1 0 0 0.5796825 0.5780081 0.5743473 0.3360212 0.4785401 0.8112269 -0.11415 0.3576264 0.926862 -0.03313344 0.3173341 0.9477348 0.0262295 0.2567561 0.9661202 0.06239569 0.1959841 0.9786199 -0.002645194 0.3666706 0.930347 0 0 1 -1 0 0 0 0 1 0 0 1 0 0 1 0 0 1 0 0 1 0 0 1 0 0 1 0 0 1 0 0 1 -0.02946585 -0.9995658 0 1 0 -1.70299e-7 1 0 0 1 3.17063e-6 -3.96549e-7 1 0 0 0 0 1 -1 0 0 -1 0 0 -1 0 0 0 0 1 0 0 1 0 0 1 -0.8660259 -0.4999992 0 -0.8660255 -0.5 3.38079e-7 -0.8660255 -0.4999997 1.39044e-7 -0.8660258 -0.4999994 0 -0.8660256 -0.4999996 0 0 0 1 0.7867845 -0.6172278 0 0 0 1 0 0 1 0.4999995 0.8660258 0 0 0 1 0.4999992 0.8660259 0 0.4999997 0.8660255 1.29112e-7 -0.4999992 -0.8660259 0 -0.5 -0.8660255 -3.38079e-7 -0.4999997 -0.8660255 -1.39044e-7 -0.4999994 -0.8660258 0 -0.4999996 -0.8660256 0 0 0 1 0 0 1 0 0 1 0 0 1 0 0 -1 0 0 -1 0 0 -1 0.04670625 0.9989087 0 0.04670655 0.9989086 0 0.03301131 0.7062065 0.7072359 0.03300422 0.706215 0.7072277 0.03254848 0.7064888 0.7069754 0.08716088 0.9961726 -0.006573379 0.03910976 0.9983105 0.04297268 0 0 -1 0 0 -1 0.1567295 0.98737 0.02315831 0 0 -1 0.1978353 0.9802301 0.003191232 0 0 -1 0.1635999 0.9864641 0.01111996 0 0 -1 0 0 -1 0 0 -1 0 0 -1 0 0 -1 0 0 -1 0 0 -1 0.03043442 0.9995368 0 0.0304346 0.9995368 0 -0.9999995 -6.66398e-4 -6.65163e-4 0.02104651 0.706657 0.7072432 0.02095949 0.7067081 0.7071948 0 0 1 -0.4387443 0.5589548 0.7036141 -0.4382991 0.5581029 0.7045673 0 0 1 -0.6174435 0.7866153 0 -0.6174435 0.7866153 0 -0.4386529 0.5590205 0.703619 -0.4381706 0.5582239 0.7045513 -0.5582986 0.4380864 0.7045446 -0.5589573 0.4387463 0.703611 0.4999997 0.8660256 0 -0.7866153 0.6174435 0 -0.7866153 0.6174435 0 -0.5582197 0.4381673 0.7045567 -0.5588559 0.4388905 0.7036016 0 0 1 0 0 1 0 0 1 0 0 1 -0.6547839 0.2741906 0.7043278 -0.6547231 0.2741485 0.7044006 -0.9223933 0.386252 0 -0.9223933 0.386252 0 -0.6548058 0.2741533 0.7043219 -0.6550747 0.2743124 0.7040098 -0.6993973 0.1314804 0.7025357 -0.6961254 0.1313219 0.7058074 -0.6993824 0.1314786 0.7025508 -0.9826674 0.1853772 0 -0.9826674 0.1853772 0 -0.6993025 0.1319233 0.702547 -0.6993218 0.1319249 0.7025274 -0.6955703 0.1320105 0.706226 0 0 1 0 0 1 0 0 1 0.3572434 -0.3585199 0.8624619 -0.3572434 0.3585199 0.8624619 0 0 -1 -0.06566476 -0.7353715 0.6744753 -0.155678 -0.8301027 0.5354381 0.3501601 0.9366898 -1.86104e-7 0 0 1 0.3501592 0.9366902 0 -0.03489947 0.9993908 0 0.9099394 0.4147413 0 0 0 1 0.9099395 0.414741 0 0.9993909 0.03489911 0 0.9993909 0.03489911 0 0 0 1 0 0 -1 0 0 -1 0 0 -1 -0.03489947 0.9993908 0 0 0 -1 -0.03489971 0.9993909 3.06165e-7 -0.03489941 0.9993908 -7.4078e-7 0.703343 -0.1060475 0.7028958 0.7033496 -0.1060488 0.7028891 -0.9997621 0.0218175 0 -0.9997621 0.02181035 6.59461e-6 0 0 -1 0 0 -1 -0.0349 0.9993909 7.54364e-7 -0.7052304 0.01500689 0.7088195 -0.707538 0.01544034 0.7065067 -0.7052573 0.0150097 0.7087925 -0.03489947 0.9993909 0 0 0 1 0 0 1 0.01388823 -0.0555281 -0.9983605 0.2903161 -0.00465238 -0.9569194 -0.9954214 0.09558337 0 -0.8829475 0.4694716 0 -0.8829475 0.4694718 -4.01661e-6 -0.8829479 0.4694712 5.30908e-6 -0.8829475 0.4694716 0 -0.9954186 0.095613 -6.07764e-6 0 0 -1 0 0 -1 0 0 -1 -0.7717929 -0.635874 0 0 0 -1 -0.7717731 -0.6358981 6.34464e-6 0 0 -1 -0.4694715 -0.8829476 0 0 0 -1 0 0 -1 -0.4694715 -0.8829476 0 -0.8829478 0.4694711 -1.71986e-6 -0.1396742 -0.7069188 0.6933664 -0.3087461 -0.9347106 -0.1760455 -0.139672 -0.7069134 0.6933723 0 0 1 -0.2026111 -0.4328843 -0.8783848 0 0 1 0.2953382 0.6406349 0.7087752 0.2966288 0.64253 0.7065172 0.2953211 0.6406047 0.7088096 0.4186642 0.9081411 0 0.4186578 0.9081441 6.52308e-6 0 0 -1 0 0 -1 -0.5 -0.8660254 0 -0.05501765 0.01577824 -0.9983607 -0.1491871 -0.2490949 -0.9569196 0.5 -0.8660254 0 0.5 -0.8660254 0 -1 0 0 -0.5 -0.8660254 0 -0.5 0.8660254 0 0.04110443 0.03983962 -0.9983603 -0.1411294 0.2537478 -0.9569193 -0.2735832 0.3919085 -0.8783848 -0.5423721 0.4744202 0.6933671 -0.5423742 0.4744229 0.6933636 -0.6502546 0.7331724 -0.199066 -1 0 0 0.5 0.8660254 0 -0.5 0.8660254 0 -0.2598099 0.6621531 0.7028884 -0.2598093 0.6621515 0.7028901 -0.8480483 -0.529919 -4.24265e-6 -0.8480482 -0.5299192 -4.3775e-7 0 0 1 0 0 1 0 0 1 0.8480482 0.5299193 -5.45062e-6 0 0 1 -0.4434953 -0.5560998 0.7028976 -0.4434993 -0.5561043 0.7028914 0.8829478 -0.4694713 1.91929e-6 0.8829477 -0.4694713 1.41427e-6 0 0 1 0 0 1 1 0 0 0.4761935 0.04097551 -0.8783853 0.6820411 0.2324972 0.6933722 0.6820477 0.2324981 0.6933655 0.9602225 0.1966791 -0.1982175 0.5 0.8660254 0 1 0 0 0 0 1 0.03489947 -0.9993908 1.22374e-7 0 0 1 -0.7047615 -0.064377 0.7065174 -0.7024753 -0.06454718 0.7087751 0.03489941 -0.9993908 -5.80663e-7 -0.7024416 -0.06454688 0.7088086 -0.9958047 -0.09150385 6.59774e-6 0.03489947 -0.9993908 -2.20484e-7 -0.9958054 -0.0914967 0 0.03489947 -0.9993908 0 0 0 -1 0 0 -1 0 0 -1 0 0 -1 0.03489947 -0.9993909 0 0 0 -1 -0.706676 -0.02467745 -0.7071069 0 0 -1 0 0 -1 0 0 -1 0.03489947 -0.9993908 0 0 0 -1 0 0 -1 -0.7066761 -0.02467715 -0.7071067 0.03489947 -0.9993909 0 0 0 -1 -0.03489947 0.9993909 0 0 0 -1 -0.8530252 -0.5218697 0 -0.03489947 0.9993909 0 -0.5563417 -0.8309536 -3.33164e-7 0 0 -1 -0.8530265 -0.5218676 -1.47529e-5 0 0 -1 -0.2243101 -0.719852 0.6568851 -0.8907239 -0.4400048 -0.1140473 -0.7207833 -0.6931605 0 -0.4313064 -0.9022055 0 -0.9229564 0.1124122 0.3681237 -0.796965 -0.3281398 -0.5071204 0 0 -1 -0.7006877 0.5905053 0.4004251 -0.6959576 0.2889595 -0.6573778 0 0 -1 -0.2135461 0.7142699 -0.6664958 0 0 -1 0.2864508 0.958095 0 0 0 -1 -0.3823555 0.9240152 0 0 0 -1 0.6998102 0.589744 0.4030727 0.3173379 0.7628569 -0.5633348 0 0 -1 0.9239289 0.1125137 0.3656449 0 0 -1 0.6981314 0.2874463 -0.6557341 0 0 -1 0.7337043 -0.3624464 -0.5747265 0 0 -1 0 0 -1 0.200235 -0.979748 0 0.6882311 -0.7254917 0 0.9127562 -0.3789736 -0.1524968 0.7082544 -0.7059237 0.00689435 0.2847213 -0.9586103 -3.01414e-6 0.2002319 -0.9797486 -3.006e-6 0.848048 0.5299194 0 0.2847244 -0.9586095 0 0 0 -1 0.3747096 -0.5996605 -0.7071068 0.3747093 -0.5996609 -0.7071065 0.8480482 0.5299192 -7.51652e-7 0 0 -1 -0.8480481 -0.5299193 -1.82835e-7 0 0 -1 0 0 -1 0 0 -1 0.4731892 -0.8809608 0 0 0 -1 0 0 -1 -0.848048 -0.5299194 0 0 0 -1 0.5843695 -0.8114877 -1.55716e-5 0 0 -1 0.4731795 -0.8809661 -1.55913e-5 0 0 -1 0.8480482 0.5299191 0 0 0 -1 0.5843785 -0.8114812 0 0 0 -1 0.3747094 -0.5996606 -0.7071068 0 0 -1 0 0 -1 0 0 -1 0.3747094 -0.5996606 -0.7071068 0.8480482 0.5299192 0 0 0 -1 -0.8480482 -0.5299192 0 0 0 -1 0 0 -1 0.878465 -0.4778067 0 0 0 -1 0 0 -1 -0.8480482 -0.5299193 0 0.9969861 0.07758116 4.60213e-6 0.8784638 -0.4778088 -1.50667e-5 0.7546692 -0.5343192 0.380759 0.9888677 -0.1487973 0 0.9969861 0.07758039 0 0.7134598 -0.2962262 -0.6350001 0.2622187 -0.795949 -0.5456249 -0.3823555 -0.9240152 0 0.3823554 -0.9240154 0 -0.923438 -0.3834085 0.01612758 -0.3840282 -0.9231754 -0.01641744 0 0 -1 -0.9246433 0.3807097 0.00974673 0 0 -1 0 0 -1 0 0 -1 -0.9246433 -0.3807097 -0.00974673 0 0 -1 -0.3840282 0.9231754 0.01641619 0 0 -1 0 0 -1 -0.923438 0.3834085 -0.01612782 0 0 -1 0.05641472 0.9984074 0 -0.3823556 0.9240152 0 0 0 -1 0.1667239 0.9753474 -0.1445704 0.748369 0.6632826 0 0.2841792 0.9587712 0 0.4142427 0.9095252 -0.03415787 0.4758545 0.8771947 -0.06396955 0.3118042 0.7495545 -0.5839061 0.68782 0.7258813 -3.04255e-6 0.7483712 0.6632802 -3.03798e-6 -0.8829476 0.4694714 0 0.6878176 0.7258836 0 0.3319664 0.6243384 -0.7071067 0.3319664 0.6243384 -0.7071068 -0.8829477 0.4694713 1.67034e-7 0 0 -1 0.8829475 -0.4694717 1.82835e-7 0 0 -1 0 0 -1 0 0 -1 0 0 -1 0 0 -1 0.5263398 0.8502743 0 0.8829475 -0.4694718 0 0.410584 0.9118227 -1.53067e-5 0 0 -1 0.5263492 0.8502686 -1.53364e-5 -0.8829476 0.4694715 0 0.4105741 0.9118273 0 0 0 -1 0.3319664 0.6243382 -0.7071069 0.3319668 0.6243382 -0.7071067 -0.8829476 0.4694715 0 0 0 -1 0.8829476 -0.4694715 0 0 0 -1 0.1955715 0.9806895 0 0.8829476 -0.4694715 0 0 0 -1 0.06558084 0.9978472 -1.53588e-5 0.1955822 0.9806873 -1.53557e-5 0 0 -1 -0.220479 0.9753918 0 0 0 -1 0.06556987 0.997848 0 0 0 -1 -0.6185218 0.7857676 -6.69947e-5 0 0 -1 0 0 -1 0 0 -1 -0.2204651 0.9753949 -6.70085e-5 -0.07268267 0.4251992 -0.9021767 -0.4839928 0.8750719 0 -0.618533 0.7857588 0 -0.01839721 0.3255875 -0.9453329 0.3823556 0.9240152 0 -0.3823555 0.9240153 0 0.923438 0.3834085 0.01612806 0.3840282 0.9231754 -0.01641643 0.9246433 -0.3807097 0.00974673 0.9246433 0.3807097 -0.00974673 0.3840282 -0.9231754 0.01641726 0.923438 -0.3834085 -0.01612758 0 0 -1 -0.3128901 -0.9497894 0 0 0 -1 0.3823555 -0.9240152 0 0 0 -1 -0.7527765 -0.5329899 0.3863282 0 0 -1 -0.3370714 -0.8102948 -0.4793801 0 0 -1 -0.948604 0.3164657 0 -0.9722844 -0.2338013 0 -0.9947388 -0.09668236 -0.03387087 -0.9885257 -0.1506936 -0.01040649 -0.7143335 -0.2941174 -0.6349982 -0.9725418 0.2327285 -2.94892e-6 -0.948603 0.3164687 -2.94204e-6 0.03489947 -0.9993909 0 -0.9725425 0.2327255 0 -0.7066761 -0.02467709 -0.7071067 -0.7066758 -0.02467781 -0.707107 0.03489953 -0.9993909 0 -0.03489947 0.9993908 0 -0.999529 0.03068643 0 -0.03489947 0.9993909 0 -0.9949537 -0.100335 -1.52356e-5 -0.9995287 0.03069728 -1.52329e-5 -0.9949526 -0.1003459 0 0.5005071 0.8657325 0 -0.5002396 0.8658859 0.001386284 -0.5 0.8660255 0 0 0 -1 0.9999957 -3.08401e-4 -0.002917885 0.4999978 0.8660216 0.002930998 0.5002396 -0.8658859 0.001386284 0 0 -1 0 0 -1 0 0 -1 0 0 -1 0 0 -1 0.9999991 0 -0.001376569 -0.5005071 -0.8657325 0 0.5 -0.8660255 0 -0.9999957 3.08401e-4 -0.002917885 -0.4999978 -0.8660216 0.002930998 -0.9999991 0 -0.001376569 0.725368 -0.6883613 0 0.8829475 -0.4694717 0 0.8829475 -0.4694717 0 0.8829519 -0.4694637 1.33811e-5 0.2672485 -0.9636277 0 0.725368 -0.6883613 0 -0.1219402 -0.9925374 0 0.2672485 -0.9636277 0 -0.3583028 -0.9336054 0 -0.1219402 -0.9925374 0 -0.3583028 -0.9336054 0 0.5187691 0.8549144 6.53956e-6 0.5187752 0.8549108 0 -0.986329 -0.1647874 0 -0.8480481 -0.5299193 0 -0.8480481 -0.5299192 0 -0.8480499 -0.5299164 -5.13747e-6 -0.8142514 0.5805124 -6.06575e-6 -0.9863241 -0.1648173 6.17222e-6 -0.5299193 0.8480481 0 -0.8142687 0.5804882 0 -0.1651925 0.9862613 0 -0.5299193 0.8480481 0 0.5805835 0.8142008 0 -0.1651925 0.9862613 0 0.8480482 0.5299192 0 0.5805835 0.8142008 0 0.577141 -0.8166445 0 0.8480482 0.5299192 0 0.4809929 -0.8767244 6.73314e-6 0.5771469 -0.8166404 6.71381e-6 0.4809865 -0.876728 0 0.9365805 -0.3504525 0 0.414905 -0.9098647 -6.21739e-6 0.9365909 -0.3504248 5.99982e-6 0.4149327 -0.9098521 0 0 0 -1 0 0 -1 0 0 -1 -0.1501586 -0.03632903 0.9879942 -0.4169365 -0.02379536 0.9086241 -0.3217269 -0.1968272 -0.9261484 -0.1794905 -0.0344966 0.9831547 -0.2671527 -0.02694362 0.9632775 -0.5490999 0.01686382 0.8355866 0 0 -1 0 0 -1 -0.883015 0.1065283 0.4570954 0 0 -1 -0.9844069 0.1665151 0.05670905 -0.8778112 0.2100566 -0.4304923 -0.697785 0.2327919 -0.6774247 -0.7286772 0.234107 -0.643602 0 0 -1 0 0 -1 0 0 -1 -0.3578191 0.9230376 -0.1413052 -0.5277143 0.6307971 -0.5688697 -0.407152 0.5172291 -0.7527957 -0.4346453 0.8966931 -0.08381515 -0.5562981 0.6608326 -0.5038182 -0.6868312 0.7241129 0.06263655 0 0 -1 0 0 -1 0 0 -1 -0.9722062 0.2331547 0.02130359 0 0 -1 -0.9186356 0.3814145 -0.1031091 0 0 -1 0 0 -1 0 0 -1 0 0 -1 0 0 -1 0 0 -1 0 0 -1 0 0 -1 0 0 -1 0 0 -1 0 0 -1 0 0 -1 0 0 -1 0 0 -1 0 0 -1 0.3829494 0.9237693 0 -0.3829494 0.9237691 7.38531e-4 -0.3826947 0.9238749 0 0.9239806 0.3824389 5.23184e-4 0.3826794 0.9238809 7.83141e-4 0.9238747 0.3826949 -2.18656e-4 0.9239808 -0.382439 -1.75968e-4 0.9238873 -0.3826645 4.77832e-4 0.3829494 -0.9237691 7.38606e-4 -0.3829493 -0.9237694 0 0.3826947 -0.9238749 0 -0.9239808 -0.3824383 5.23986e-4 -0.3826795 -0.9238809 7.82429e-4 -0.9238746 -0.3826952 -2.20417e-4 -0.9239808 0.3824386 -1.75256e-4 -0.9238874 0.3826642 4.78713e-4 0.1898133 0.9517607 0.2410865 0 0 -1 0 0 -1 0.2607103 0.8858602 -0.3837732 0.03143644 0.4784026 0.8775777 -0.1578221 0.6982461 -0.6982439 0.1656782 0.6973356 -0.6973334 -0.1804668 0.7595807 -0.6248751 0 0 -1 0.2699791 0.7787349 -0.5662891 0.2843016 0.6313938 -0.721467 0.2891548 0.4671029 0.8355863 0 0 -1 0 0 -1 0.5337688 0.7114536 0.4570828 0.5033226 0.5979024 -0.6238423 0 0 -1 0.636408 0.7692643 0.05672258 0.6208197 0.6551778 -0.4304938 0.5505037 0.4879105 -0.6774137 0.5672341 0.5143321 -0.6432014 0.9764487 -0.2125893 -0.03679281 0.955011 -0.05727374 -0.2909875 0.2436916 0.0189628 0.9696674 0.9939587 -0.1095552 -0.006619095 0.9919459 -0.05682408 -0.1132013 0.9722207 0.233166 0.02050864 0 0 -1 0 0 -1 0 0 -1 0.686834 0.7241254 0.06246149 0 0 -1 0.9198548 0.3787381 -0.1021007 0 0 -1 0 0 -1 0 0 -1 0 0 -1 0 0 -1 0 0 -1 0 0 -1 0 0 -1 0 0 -1 0 0 -1 0 0 -1 0 0 -1 0.3313207 -0.1802099 -0.9261485 0 0 -1 0 0 -1 0.1065407 -0.1118758 0.9879944 0.2290759 -0.3491803 0.9086238 0 0 -1 0.1196203 -0.1381953 0.9831547 0.1569101 -0.2178889 0.9632775 0.2599458 -0.4839673 0.835586 0 0 -1 0 0 -1 0.3492522 -0.8179821 0.4570866 0 0 -1 0.3479985 -0.9357776 0.05672371 0.2569901 -0.8652338 -0.4304957 0.1472908 -0.7207044 -0.6774145 0.1618086 -0.7484067 -0.6431994 0 0 -1 0 0 -1 0 0 -1 0 0 -1 0 0 -1 0 0 -1 0 0 -1 0.3823556 -0.9240153 0 0 0 -1 0.1381154 -0.950973 -0.2767205 0.4176059 -0.9052652 -0.07810407 0.5877876 -0.808845 -0.01660048 0 0 -1 -0.1437278 -0.9896172 0 -0.4156464 -0.9010176 -0.1241192 -0.4973803 -0.8424924 -0.2069284 -0.3835555 -0.9220384 -0.05225187 0 0 -1 0 0 -1 0 0 -1 0 0 -1 0 0 -1 0 0 -1 0 0 -1 0.4999545 -0.8660517 0 0 0 -1 -0.5000786 -0.8659789 -0.001419842 0 0 -1 0 0 -1 -0.5 -0.8660253 0 0.9999995 -1.42719e-4 -9.04722e-4 0.4999998 -0.8660251 8.1683e-4 0 0 -1 0.5000786 0.8659789 -0.001419842 0 0 -1 0 0 -1 0.9999991 0 0.001314997 -0.4999545 0.8660517 0 0.5 0.8660253 0 -0.9999995 1.42719e-4 -9.04722e-4 -0.4999998 0.8660251 8.1683e-4 -0.9999991 0 0.001314997 -0.5451328 -0.83056 -0.114019 -0.5270538 -0.7983235 -0.2913658 -0.1054235 -0.2205245 0.9696674 0.4706354 0.8151646 0.3376522 -0.4706355 -0.8151646 0.3376522 -0.6897388 -0.7240529 0.002771735 0 0 -1 0 0 -1 0 0 -1 0 0 -1 0 0 -1 0.3829494 0.9237694 0 -0.3829492 0.9237691 7.38606e-4 -0.3826946 0.9238749 0 0.9239808 0.3824385 5.2354e-4 0.3826791 0.923881 7.83586e-4 0.9238747 0.382695 -2.19392e-4 0.923981 -0.3824386 -1.76057e-4 0.9238874 -0.3826642 4.78272e-4 0.3829492 -0.9237691 7.38606e-4 -0.3829494 -0.9237694 0 0.3826946 -0.9238749 0 -0.9239808 -0.3824385 5.2354e-4 -0.3826794 -0.9238809 7.82696e-4 -0.9238746 -0.382695 -2.19757e-4 -0.923981 0.3824386 -1.76057e-4 -0.9238874 0.3826642 4.78272e-4 0.7071067 -0.7071069 0 0 0 1 0.7071067 -0.7071069 0 -0.7071067 -0.7071069 0 0 0 1 0 0 1 0.7071068 0.7071067 0 0 0 1 0.7071068 0.7071067 0 0 0 1 -0.7071068 0.7071067 0 -0.7071068 0.7071067 0 0 0 1 0 0 1 -0.7071067 -0.7071069 0 0 0 1 0 0 -1 0 0 -1 0 0 -1 0 0 -1 0 0 -1 0.3829493 0.9237694 0 -0.3829494 0.9237691 7.38166e-4 -0.3826949 0.9238748 0 0.9239808 0.3824383 5.23986e-4 0.3826795 0.9238809 7.82429e-4 0.9238746 0.3826952 -2.20417e-4 0.923981 -0.3824384 -1.75968e-4 0.9238874 -0.3826642 4.78713e-4 0.3829492 -0.9237691 7.38606e-4 -0.3829494 -0.9237693 0 0.3826946 -0.9238749 0 -0.9239806 -0.3824389 5.23184e-4 -0.3826794 -0.9238809 7.83141e-4 -0.9238747 -0.3826949 -2.18656e-4 -0.9239808 0.382439 -1.76146e-4 -0.9238873 0.3826645 4.77832e-4 0.3793324 -0.657023 0.6514813 -0.3779644 -0.6546537 0.6546537 0.3784607 -0.6545103 0.6545103 0.3779644 0.6546537 0.6546537 -0.3793324 0.657023 0.6514813 -0.3784607 0.6545103 0.6545103 0.755427 0 0.655233 0.3782844 0.655023 0.6540991 0.7533048 4.0763e-4 0.6576715 -0.755427 0 0.655233 -0.3782844 -0.655023 0.6540991 -0.7533048 -4.0763e-4 0.6576715 0 0 1 0.8829416 -0.4694828 -1.85231e-5 0.3656107 0.6032435 0.7088202 0.3671407 0.6050261 0.7065063 0.3656309 0.6032714 0.708786 0.8480481 0.5299192 1.60664e-6 0.8480483 0.529919 -2.16555e-6 0.4071357 -0.5760853 0.708778 0.4081338 -0.5781551 0.7065151 0.4071213 -0.5760607 0.7088062 0.3396317 -0.618279 0.7087886 -0.8480454 -0.5299237 7.7676e-6 0.3396201 -0.6182531 0.7088169 0.3403985 -0.6204683 0.706504 -0.357403 -0.8628576 -0.3574072 0.5675143 -0.7606889 -0.3150875 0.2809851 -0.6783349 -0.6789029 -0.678747 -0.2811561 -0.6784201 -0.2810545 -0.6786789 -0.6785302 -0.3529183 -0.3580586 -0.864432 -0.6778352 -0.2814636 -0.6792036 -0.678511 0.2810322 -0.6787074 -0.6784651 0.2809395 -0.6787917 -0.2809855 0.6783352 -0.6789024 -0.5675141 0.7606889 -0.3150876 0.3574031 0.8628575 -0.3574072 0 0 -1 0.1567375 -0.3779528 -0.9124609 0 0 -1 0 0 -1 0 0 -1 0 0 -1 0 0 -1 0 0 -1 0 0 -1 -0.1567374 0.3779528 -0.9124609 0 0 -1 0 0 -1 0.3529185 0.3580586 -0.864432 0 0 -1 0.2810546 0.6786789 -0.6785303 0 0 -1 0 0 -1 0.678465 -0.2809396 -0.6787917 0 0 -1 0.6785108 -0.2810318 -0.6787078 0 0 -1 0.6778351 0.2814639 -0.6792038 0 0 -1 0.6787469 0.2811564 -0.6784201 0 0 -1 0 0 -1 -1 0 0 0 -1 0 0 -1 0 0 -1 0 -1 0 0 -1 0 0 0 -1 0 0 0 -1 0 1 0 -1 0 0 -1 0 0 0 1 0 0 1 0 -1 0 0 1 0 0 0 1 0 0 1 0 1 0 0 1 0 0 0 1 0 0 0 -1 0 -1 0 1 0 0 1 0 0 0 -1 0 1 0 0 0 0 -1 0 0 -1 0 0 -1 0 0 -1 0 0 -1 0 0 -1 0 0 -1 0 0 -1 0 0 -1 0 0 -1 -0.357403 -0.8628576 -0.3574072 0.567514 -0.760689 -0.3150876 0.2809853 -0.6783353 -0.6789025 -0.6787467 -0.2811561 -0.6784203 -0.2810546 -0.6786789 -0.6785302 -0.3529184 -0.3580586 -0.8644319 -0.6778354 -0.2814635 -0.6792036 -0.6785109 0.2810319 -0.6787077 -0.6784651 0.2809395 -0.6787917 -0.2809853 0.6783353 -0.6789025 -0.5675145 0.760689 -0.3150866 0.3574029 0.862858 -0.3574062 0 0 -1 0.1567373 -0.3779528 -0.9124609 0 0 -1 0 0 -1 0 0 -1 0 0 -1 0 0 -1 0 0 -1 0 0 -1 -0.1567372 0.3779525 -0.9124612 0 0 -1 0 0 -1 0.3529184 0.3580582 -0.8644322 0 0 -1 0.2810544 0.6786786 -0.6785306 0 0 -1 0 0 -1 0.6784651 -0.2809395 -0.6787917 0 0 -1 0.6785109 -0.2810319 -0.6787077 0 0 -1 0.6778352 0.2814635 -0.6792038 0 0 -1 0.6787468 0.2811561 -0.6784203 0 0 -1 0 0 -1 -1 0 0 0 -1 0 0 -1 0 0 -1 0 -1 0 0 -1 0 0 0 -1 0 0 0 -1 0 1 0 -1 0 0 -1 0 0 0 1 0 0 1 0 -1 0 0 1 0 0 0 1 0 0 1 0 1 0 0 1 0 0 0 1 0 0 0 -1 0 -1 0 1 0 0 1 0 0 0 -1 0 1 0 0 -0.3573076 0.3574206 0.8628916 0.5783627 0.5777814 0.575904 0.2136421 0.3738474 0.9025493 -0.5783627 -0.5777814 0.575904 -0.623591 0.7222445 0.2991609 -0.5771 0.5771135 0.5778371 0.3573076 -0.3574206 0.8628916 -0.213642 -0.3738473 0.9025493 0.623591 -0.7222445 0.2991608 0.5771 -0.5771135 0.5778371 -0.6786072 -0.6785917 0.2810793 0.7070985 -0.707115 0 -0.7071149 -0.7070987 -3.28804e-5 -0.7069454 -0.7072681 0 0.6786072 0.6785917 0.2810793 0.7071149 0.7070987 -3.28804e-5 0.7072693 -0.7069442 3.31568e-5 -0.7070985 0.707115 0 0.7069454 0.7072681 0 -0.7072693 0.7069442 3.31568e-5 0 0 1 0 0 1 0 0 -1 0 0 -1 0 0 -1 0 0 -1 0 0 -1 0 0 -1 0 0 -1 0 0 -1 0 0 -1 0 0 -1 -0.3574031 -0.8628575 -0.3574072 0.5675143 -0.7606889 -0.3150875 0.2809853 -0.678335 -0.6789028 -0.6787469 -0.2811564 -0.6784201 -0.2810546 -0.6786789 -0.6785303 -0.3529185 -0.3580586 -0.864432 -0.6778351 -0.2814639 -0.6792038 -0.6785109 0.2810319 -0.6787077 -0.6784651 0.2809395 -0.6787917 -0.2809854 0.6783351 -0.6789026 -0.5675141 0.7606889 -0.3150876 0.3574029 0.8628576 -0.3574072 0 0 -1 0.1567375 -0.3779528 -0.9124609 0 0 -1 0 0 -1 0 0 -1 0 0 -1 0 0 -1 0 0 -1 0 0 -1 -0.1567374 0.3779528 -0.9124609 0 0 -1 0 0 -1 0.3529183 0.3580586 -0.864432 0 0 -1 0.2810545 0.6786789 -0.6785302 0 0 -1 0 0 -1 0.678465 -0.2809396 -0.6787917 0 0 -1 0.6785109 -0.2810321 -0.6787075 0 0 -1 0.6778352 0.2814636 -0.6792036 0 0 -1 0.678747 0.2811561 -0.6784201 0 0 -1 0 0 -1 -1 0 0 0 -1 0 0 -1 0 0 -1 0 -1 0 0 -1 0 0 0 -1 0 0 0 -1 0 1 0 -1 0 0 -1 0 0 0 1 0 0 1 0 -1 0 0 1 0 0 0 1 0 0 1 0 1 0 0 1 0 0 0 1 0 0 0 -1 0 -1 0 1 0 0 1 0 0 0 -1 0 1 0 0 0 0 -1 0 0 -1 0 0 -1 0 0 -1 0 0 -1 0 0 -1 0 0 -1 0 0 -1 0 0 -1 0 0 -1 0 0 1 -0.5325847 -0.8463767 0 0 0 1 0 -1 0 0 0 1 -0.9935674 0.1132364 0.001183211 -0.5349652 -0.8448734 -0.00107485 0 0 1 -0.6223123 0.7827692 0 0 0 1 -0.9931651 0.1167171 0 0 0 1 -0.2221037 0.975023 5.51729e-5 -0.6223556 0.7827346 5.51368e-5 0 0 1 0.4994127 0.8663641 0 -0.2220497 0.9750353 0 0 0 1 0.9999971 0.001859366 0.001524388 0 0 1 0 0 1 0.4999995 0.8660244 -0.001518428 0 0 1 0.5010214 -0.8654308 0.002650082 0 0 1 0 0 1 0 0 1 0.9999965 0 -0.002636611 -0.2221037 -0.975023 0 0.5000001 -0.8660255 0 0 0 1 -0.6223123 -0.7827692 5.51685e-5 -0.2220497 -0.9750353 5.51808e-5 0 0 1 -0.9935681 -0.1132364 0 0 0 1 -0.6223556 -0.7827346 0 0 0 1 -0.5325837 0.8463752 0.001939713 0 0 1 -0.9941963 -0.107566 -0.00184077 0 1 0 0 1 0 -0.527704 0.8494284 0 0.6407431 0.7677553 0 0.2297393 0.9731671 -0.01286739 0.2545286 0.9670439 0.006429493 0.6472451 0.7622503 -0.006939888 -0.3822237 0.9240698 0 0.02553933 0.9996737 -5.14025e-4 0.008513092 0.9999638 0 -0.9231429 0.384339 -0.009526789 -0.3787422 0.9254882 -0.005095005 -0.9189053 0.3944456 0.005054116 -0.9251192 -0.3794174 -0.01403576 -0.9317736 -0.3629175 0.009437263 -0.3845516 -0.922835 -0.022264 -0.4100002 -0.9119791 0.01392078 0.2297584 -0.9732477 0 -0.02553933 -0.9996737 -5.14025e-4 -0.008513092 -0.9999638 0 0.6407431 -0.7677553 -4.59921e-6 0.2297528 -0.973249 -4.5992e-6 0 -1 0 0.6407474 -0.7677517 0 -0.265917 0.1574243 0.9510551 0 -1 0 -0.2708869 0.1490959 0.9509946 -0.2521452 0.177259 0.9513159 -0.2602304 0.1669923 0.9509962 -0.2496111 0.1819143 0.9511054 -0.2012379 0.246297 0.9480723 -0.1959206 0.2464087 0.9491565 0 -1 0 0.8731456 -0.3677554 -0.3199573 0 -1 0 0.5119099 -0.6133769 -0.6014294 0 -1 0 0.4986251 -0.4384032 -0.7477805 0 -1 0 0 -1 0 0.2809299 -0.1293558 -0.9509709 0.2242216 -0.197141 -0.9543899 0.2704042 -0.1487366 -0.9511882 0.2486484 -0.1754896 -0.9525636 0.211856 -0.2042196 -0.9557256 0.2829799 -0.125851 -0.9508333 -0.3755238 -0.9268128 0 0.281224 -0.1285821 -0.9509888 -0.3769096 -0.926248 -0.001929283 -0.2803495 0.1299204 0.9510651 -0.2812988 0.1284448 0.9509852 -0.271314 0.1485066 0.9509651 0.020662 0.8087632 -0.5877714 0.2144398 0.8147327 -0.5387264 0.2490075 0.780752 -0.5730807 0.006887316 0.8089977 -0.5877715 0.02066349 0.8087631 -0.5877715 -0.3143002 0.7680189 -0.5579985 0.00688672 0.8089978 -0.5877715 -0.7048856 0.3025764 -0.641548 -0.4497969 0.7893847 -0.4177973 -0.7147793 -0.2784002 -0.641548 -0.9278861 0.01580142 -0.3725289 -0.3863545 -0.859383 -0.3349494 -0.020662 -0.8087632 -0.5877714 -0.4434161 -0.7200291 -0.5337979 -0.006887316 -0.8089977 -0.5877715 -0.02066349 -0.8087631 -0.5877715 0.1875924 -0.7946544 -0.5773504 -0.00688672 -0.8089978 -0.5877715 0.2336102 -0.8027443 -0.54866 0.5172969 0.6092123 -0.6010527 0.877164 0.3521653 -0.3264399 0 1 0 0 1 0 0.4970507 0.4295712 -0.7539291 0.2383351 0.2059788 -0.9490885 0 1 0 0.2809036 0.1300626 -0.9508821 0 1 0 0.2814655 0.1283551 -0.950948 0.09166115 0.2873995 -0.9534148 0.2319396 0.1583081 -0.9597617 0.2309466 0.1762717 -0.9568657 0.2214276 0.2037666 -0.9536504 0.1827492 0.2623365 -0.9475137 0.007892668 0.3089172 -0.9510562 0.06987178 0.3064976 -0.9493035 0.002630472 0.309011 -0.9510549 0.007411181 0.308939 -0.9510529 -0.1734121 0.3043349 -0.9366474 0.002471268 0.3090158 -0.9510537 -0.223895 0.003812789 -0.9746057 -0.08266901 0.2565478 -0.9629897 -0.3530617 0.1289476 -0.9266715 -0.136448 -0.2215673 -0.9655516 -0.3599917 -0.1314786 -0.9236446 -0.007892668 -0.3089172 -0.9510562 -0.1391062 -0.2423257 -0.9601706 -0.09618127 -0.3051091 -0.9474479 -0.002630472 -0.309011 -0.9510549 -0.007411181 -0.308939 -0.9510529 0.08956688 -0.3077747 -0.9472342 -0.002471268 -0.3090158 -0.9510537 0.05992776 -0.2954003 -0.9534922 0.1811339 -0.2645017 -0.9472219 0 1 0 -0.9803398 -0.1973165 0 -1 0 0 -1 0 0 -1 0 0 -0.8270292 -0.562159 -2.23541e-4 -0.9802569 -0.1977281 2.22727e-4 -0.8257643 -0.5640144 0.001016914 0.2830396 0.1241902 -0.9510338 0 1 0 -0.376056 0.926597 0 -0.8258715 0.563858 -7.25274e-4 -0.3778715 0.925857 0.001376807 -0.9802725 0.1976508 1.19356e-4 -0.8266788 0.5626741 -1.19373e-4 -1 0 0 -0.9802182 0.1979196 0 -1 0 0 -1 0 0 -1 0 0 0.1150912 0.1652134 -0.9795196 -1 0 0 0.03246927 0.1424288 -0.9892724 0.09429734 0.1450936 -0.9849142 0.05025368 0.05605167 -0.9971624 0.003751814 0.1563972 -0.9876871 0.03367418 0.1553757 -0.9872814 0.001258432 0.157361 -0.9875403 -0.07142585 0.2470967 -0.9663548 -0.04350537 0.1505063 -0.9876513 -0.05301761 0.1973301 -0.9789025 -0.2665236 0.2369017 -0.9342605 -0.1266353 0.1125608 -0.9855422 -0.2477462 0.2308533 -0.940919 0 1 0 -0.2089122 0.1754626 -0.9620648 0 1 0 0 1 0 0 0 -1 0 0 -1 0 0 -1 0 -1 0 0 -1 0 -0.258541 -0.2261322 -0.9391596 0 -1 0 0 -1 0 0 -1 0 0 -1 0 0 -1 0 0 -1 0 -0.1148905 -0.1004887 -0.9882824 0 1 0 -0.1411523 -0.1197435 -0.9827195 -0.05226224 -0.1657879 -0.9847756 -0.003751814 -0.1563972 -0.9876871 -0.04965335 -0.1547726 -0.9867016 -0.001258432 -0.157361 -0.9875403 0.02739268 -0.1350262 -0.9904633 0.03016179 -0.1805883 -0.9830963 0.1131653 -0.1652502 -0.9797377 0.0490933 -0.05605489 -0.99722 0.09957695 -0.1587274 -0.9822882 -1 0 0 -1 0 0 -1 0 0 -1 0 0 -1 0 0 0 0 -1 -0.9238806 -0.3826808 0 0 0 -1 -0.9238738 -0.3826972 1.35908e-5 0 0 1 0 0 1 0 0 1 0 0 -1 0 0 -1 0 0 -1 0 0 -1 0 0 -1 0 0 -1 0.86867 0.4953913 0 0.9026929 0.2421268 0.3556966 0.7164798 0.3925013 -0.5767144 0.996499 0.0836035 -3.25179e-4 0 0 -1 0.6516267 0.3716204 -0.6612721 0.6517423 0.3716802 -0.6611247 0 0 -1 0.170657 0.1346772 -0.9760832 0 0 -1 0.3826807 0.9238807 0 0 0 -1 0 0 -1 0 1 0 0 1 0 0 0 -1 0.923874 0.3826968 1.32971e-5 0 0 -1 0.3826972 0.9238738 -1.37061e-5 0 0 -1 1 0 0 0.9238806 0.3826808 0 0 0 -1 0.9238806 -0.3826808 0 0 0 -1 1 0 0 0 0 -1 0.3826972 -0.9238738 1.37125e-5 0.923874 -0.3826968 -1.32908e-5 0 0 -1 0 -1 0 0.3826807 -0.9238807 0 -0.3826808 -0.9238806 0 0 -1 0 -0.3826972 -0.9238738 -1.3585e-5 -0.01694792 0.193424 -0.9809688 0.2269111 0.6200141 0.7510618 -0.1668817 0.08999246 -0.9818614 -0.6331433 0.6331428 -0.4452638 -0.1403643 0.5238468 -0.8401681 -0.6604493 -0.3572303 -0.6604493 -0.6947466 0.1861565 -0.6947466 0 0 -1 -0.04151868 -0.4879585 -0.8718788 -0.6285558 -0.6285553 -0.4580785 -0.1104448 -0.02959352 -0.9934415 0 0 -1 0.1719251 -0.1353259 -0.9757707 0 0 -1 0 0 -1 -0.03481674 -0.129938 -0.9909107 0.2274701 -0.6215415 0.7496289 0 1 0 0.6516267 -0.3716204 -0.6612721 0 1 0 -0.07118284 0.06237137 -0.9955113 0 1 0 0 0 -1 0 0 -1 0 0 -1 0 0 -1 -1 0 0 -1 0 0 -0.9238806 0.3826808 0 -1 0 0 -0.3826972 0.9238738 1.35908e-5 -0.9238738 0.3826972 -1.35908e-5 -0.3826808 0.9238806 0 0 0 1 0 0 1 0 0 1 0 0 1 0 0 1 0 0 1 0 0 1 0 0 1 0 0 1 0 0 1 0 0 1 0 0 1 0.5000683 0.865986 0 0 0 1 -0.1312931 0.4886679 -0.8625346 0 0 1 0 0 1 0 0 1 0 0 1 -0.5000683 0.865986 0 0.9999966 3.91203e-4 0.002577722 0.1312931 0.4886678 0.8625345 0.7079163 0.7062951 -0.001333236 0.7079163 -0.7062951 0.001333236 0.9999966 -3.91203e-4 -0.002577722 0 0 1 0.1312931 -0.4886679 -0.8625346 0 0 1 0 0 1 -0.5000683 -0.865986 0 0 0 1 0.5000683 -0.865986 0 0 0 1 -0.9999966 -3.91203e-4 0.002577722 0 0 1 -0.1312931 -0.4886678 0.8625345 -0.7079163 -0.7062951 -0.001333236 -0.7079163 0.7062951 0.001333236 -0.9999966 3.91203e-4 -0.002577722 0 0 1 0 0 1 -0.2012379 -0.246297 0.9480723 -0.2483564 -0.1819748 0.9514222 -0.2530953 -0.1771456 0.9510848 -0.07184594 -0.309032 0.948334 -0.1959205 -0.2464087 0.9491565 0.1756185 -0.3042145 0.9362755 -0.07020038 -0.3082548 0.9487102 0.3512926 -1.37573e-4 0.9362657 0.1756168 -0.3041772 0.9362878 0.1758527 0.3043515 0.9361869 0.3510264 0 0.9363656 -0.07165783 0.3082227 0.9486116 0.1756377 0.3042134 0.9362722 -0.07052147 0.3096647 0.9482271 0.8660259 -0.4999992 0 -0.4655837 -0.8850039 0 0 0 1 -0.5336446 -0.8457089 0 -0.4655837 -0.8850039 0 -0.8660264 0.4999982 0 -0.5336446 -0.8457089 0 0 0 1 -0.8660255 -0.4999999 0 -0.5336446 0.8457089 0 -0.4655837 0.8850039 0 -0.5336446 0.8457089 0 0.8660264 0.4999982 0 -0.4655837 0.8850039 0 0 0 1 0 1 0 0 0 1 0 0 1 0.9992277 0.03929531 0 0.9992277 -0.03929531 0 0.9992277 0.03929531 0 0 -1 0 0.9992277 -0.03929531 0 0.4999997 -0.8660256 0 0.994902 -0.1008463 0 0 0 -1 0.9948939 -0.1009258 -2.59908e-4 0 0 -1 0 0 -1 0.5000008 -0.8660249 0 0 0 1 0.4999995 -0.8660257 -1.28267e-6 0.9999591 0.009049654 0 0.9999591 0.009049654 0 0 0 1 0.5000001 -0.8660254 0 0 0 -1 0.5000008 -0.8660249 4.55936e-6 0.4999999 -0.8660255 0 0 0 -1 0 0 -1 -0.3859772 -0.9225083 0 0 0 -1 0 0 -1 -0.3859772 -0.9225083 0 0 0 -1 0 0 1 0 0 1 -0.4100425 -0.9120664 0 -0.4101152 -0.9120337 -2.59407e-4 0 0 -1 0 0 -1 0 0 -1 0 0 -1 0.4999997 0.8660256 0 -0.4101152 0.9120337 0 0 0 -1 -0.4100424 0.9120664 -2.59432e-4 0 0 -1 0 0 -1 0.5000008 0.8660249 0 0 0 1 0.4999995 0.8660257 1.28267e-6 0 0 1 0 0 1 -0.3859772 0.9225083 0 -0.3859772 0.9225083 0 0.5000001 0.8660254 0 0 0 -1 0.5000008 0.8660249 -4.55936e-6 0.4999999 0.8660255 0 0.9999591 -0.009049654 0 0 0 -1 0.9999591 -0.009049654 0 0 0 -1 0 0 -1 0 0 -1 0 0 -1 0 0 -1 0 0 1 0 0 1 0.994894 0.1009258 0 0.9949019 0.1008463 -2.59923e-4 0 0 -1 0 0 -1 -1 0 0 -0.6117119 -0.7910805 0 0 0 -1 -0.5822387 -0.8075166 0.09441941 0 0 -1 0 0 -1 -1 0 0 0 0 1 -1 0 0 0 0 1 -0.4921419 -0.8705151 0 -0.4921419 -0.8705151 0 -1 0 0 0 0 -1 -1 0 0 -1 0 0 0 0 -1 0 0 -1 0 0 -1 0 0 -1 -0.4921419 0.8705151 0 0 0 -1 -0.4921419 0.8705151 0 0 0 -1 0 0 -1 0 0 -1 0 0 1 0 0 1 -0.5848515 0.8111404 0 -0.608107 0.7864185 0.1084056 0 0 -1 0 0 -1 -0.1928042 -0.9812372 0 -0.8629341 -0.5053164 0 0 0 1 -0.2322748 -0.04572761 -0.9715747 0 0 1 0 0 1 -0.1928042 -0.9812372 0 0 0 -1 0 0 -1 0 0 -1 -0.7666735 -0.5122407 0.3870676 0 0 -1 -0.2461328 -0.05443477 -0.9677063 0 0 1 0 0 1 0 1 0 0 0 1 0 1 0 0 0 -1 0 0 -1 0 0 -1 0 0 -1 -0.2594145 -0.9657661 0 0 0 -1 0.01670551 -0.2285509 0.9733886 0.006355941 -0.2612646 0.9652463 -0.3154001 -0.8721109 -0.3740929 0 0 -1 0 0 -1 0 0 -1 0 0 -1 -0.8137846 -0.5811666 0 -0.7160562 -0.6688715 0.1996859 0 0 -1 0 0 -1 0 0 -1 0 0 -1 0 0 -1 0 0 -1 0 0 -1 0 0 -1 0 0 -1 0 0 -1 0 0 -1 0 0 -1 0 0 -1 0 0 -1 0 0 -1 -0.3093715 -0.9433882 -0.1196165 0 0 -1 0 0 -1 0 0 -1 0.1255125 -0.9527187 0.2767195 0.3172731 -0.7661538 0.5588795 0 0 -1 0.5 -0.8660254 0 0 0 -1 0.07581847 -0.9971216 0 -0.4301531 -0.9027559 0 0 0 -1 0 0 -1 0.4999997 -0.8660256 -9.49889e-7 0.5000005 -0.8660251 0 -0.4301531 -0.9027559 0 0 0 -1 0.9461786 0.3236452 0 0 0 -1 0 0 -1 0 0 -1 0.9080522 -0.4188569 0 0 0 -1 0 0 -1 0.9461786 0.3236452 0 0 0 -1 0.8598792 0.3967162 -0.321285 0 0 -1 0 0 -1 0.1035749 -0.1185742 -0.9875285 0.9175399 -0.3976435 -4.92369e-4 0.1118323 -0.1221691 -0.9861888 0.9175398 0.3976434 6.26352e-4 0 0 -1 0.9461786 -0.3236452 0 0 0 -1 0 0 -1 0 0 -1 0.6751795 0.7375866 -0.009940505 0.6578661 0.753135 0 0 0 -1 0.9461786 -0.3236452 0 -0.4301531 0.9027559 0 0 0 -1 0.5 0.8660254 0 0 0 -1 -0.4301531 0.9027559 0 0 0 -1 0.3826031 0.9239129 0 0 0 -1 0.5000005 0.8660251 -1.29906e-6 0.4999997 0.8660256 0 0.1287908 0.9776034 0.1664469 -0.3093625 0.9433922 -0.1196077 0.07373833 0.9697643 0.232637 0 0 -1 -0.782979 0.5591774 0.2725153 0 0 -1 0.07289892 0.9973393 0 0 0 -1 0 0 -1 -0.730774 0.6826195 0 0.02429759 0.998766 0.04331529 0 0 -1 -0.3154001 0.8721109 -0.3740929 0 0 -1 0 0 -1 -0.2277172 0.8477615 0.4790045 0 0 -1 -0.832801 0.487671 -0.2619532 0 0 -1 0 0 -1 -0.7666735 0.5122407 0.3870676 0 0 -1 -0.1928042 0.9812372 0 0 0 -1 -0.9763579 0.2159315 -0.00994271 -0.9811671 0.193161 0 0 0 -1 -0.1928042 0.9812372 0 -0.2588667 -0.9659131 0 0 0 -1 0.2182431 -0.8124632 -0.5406232 0 0 -1 0 0 -1 0.343684 -0.9390854 0 -0.7070698 -0.7071438 -2.90312e-4 -0.258819 -0.9659258 2.70574e-4 0 0 -1 -0.9658584 -0.2590696 7.04515e-4 0 0 -1 -0.707107 -0.7071064 -5.79197e-4 -0.9660134 0.2584908 7.30793e-4 0 0 -1 0 0 -1 -0.9659257 -0.2588186 -7.18761e-4 -0.7077108 0.7065011 0.00128293 -0.9659253 0.2588185 -0.001127898 -0.2594211 0.9657583 0.003425002 -0.707103 0.7071024 -0.003392755 0 0 -1 0.2588667 0.9659131 0 0 0 -1 0 0 -1 0 0 -1 -0.258819 0.9659259 0 0.6727811 0.6728515 0.3076307 0.308968 0.844227 -0.4379724 0.9660134 -0.2584908 8.40013e-4 0.6736729 -0.6725213 0.3063985 0.7300702 -0.4163495 -0.5418955 0.9409658 -0.3385017 0 0.6453163 -0.05414026 0.7619947 0 0 -1 0.7057325 0.7084785 0 0 0 -1 -0.7085705 0.7056348 0.002690732 0 0 -1 0 0 -1 -0.707107 0.7071067 0 0.7085705 -0.7056348 0.002690732 0.7071048 0.7071044 -0.002512216 0 0 -1 -0.7057325 -0.7084785 0 0.707107 -0.7071067 0 -0.7071048 -0.7071044 -0.002512216 0.5201808 -0.8540562 0 1 0 0 1 0 0 1 0 0 0.1816111 -0.9831508 0.02078413 0.4386219 -0.897695 -0.04188662 0 0 -1 -0.1813222 -0.9815872 -0.06007415 0 0 -1 0 0 -1 -0.5201802 -0.8540552 0.001457452 -0.0956881 -0.9954095 -0.001934409 0 0 -1 -1 0 0 0 0 -1 -0.4438981 -0.8951814 0.04005652 -0.5969815 -0.802255 0 -0.5201808 0.8540562 0 -1 0 0 -1 0 0 -1 0 0 -0.179323 0.9707641 -0.1595631 0.1816504 0.9833632 -2.09444e-4 -0.3566134 0.934252 -1.98984e-4 0.5135014 0.8430896 -0.1597381 0.3566134 0.934252 0 0.3829501 0.9237691 0 -0.38295 0.9237688 7.38605e-4 -0.3826953 0.9238746 0 0.9239805 0.3824391 5.22472e-4 0.3826802 0.9238805 7.82251e-4 0.9238747 0.382695 -2.1902e-4 0.9239808 -0.3824387 -1.75968e-4 0.9238873 -0.3826645 4.78561e-4 0.3829487 -0.9237693 7.38607e-4 -0.3829488 -0.9237695 0 0.3826941 -0.9238752 0 -0.9239807 -0.3824387 5.23896e-4 -0.3826791 -0.923881 7.82251e-4 -0.9238747 -0.382695 -2.1902e-4 -0.9239807 0.3824392 -1.75968e-4 -0.9238873 0.3826645 4.77102e-4 0.3829494 0.9237693 0 -0.3829494 0.9237691 7.38386e-4 -0.3826948 0.9238748 0 0.9239806 0.3824389 5.23006e-4 0.3826794 0.9238809 7.83141e-4 0.9238747 0.3826949 -2.18656e-4 0.9239808 -0.382439 -1.76146e-4 0.9238872 -0.3826645 4.7794e-4 0.3829494 -0.9237691 7.38166e-4 -0.3829494 -0.9237693 0 0.3826949 -0.9238748 0 -0.9239806 -0.3824389 5.23006e-4 -0.3826794 -0.9238809 7.83141e-4 -0.9238747 -0.3826949 -2.18656e-4 -0.9239808 0.382439 -1.76057e-4 -0.9238873 0.3826645 4.77951e-4 0.3829488 0.9237695 0 -0.3829487 0.9237693 7.38607e-4 -0.3826941 0.9238752 0 0.9239807 0.3824387 5.23896e-4 0.3826791 0.923881 7.82251e-4 0.9238747 0.382695 -2.1902e-4 0.9239807 -0.3824392 -1.75968e-4 0.9238873 -0.3826645 4.77102e-4 0.38295 -0.9237688 7.38605e-4 -0.3829501 -0.9237691 0 0.3826953 -0.9238746 0 -0.9239805 -0.3824391 5.22472e-4 -0.3826802 -0.9238805 7.82251e-4 -0.9238747 -0.382695 -2.1902e-4 -0.9239808 0.3824387 -1.75968e-4 -0.9238873 0.3826645 4.78561e-4 0 0 -1 0 0 -1 0 0 1 0 0 1 0.6488389 0.7583326 0.06276881 0 0 1 0.497915 0.8579582 -0.1264446 0.5037531 0.851368 -0.1463057 0 0 -1 0 0 1 0 0 1 0 0 1 0 0 1 0 0 -1 0 0 1 0 0 1 -0.8660255 -0.4999997 0 0 0 1 -0.866027 -0.4999972 -1.25957e-5 0 0 -1 0 0 -1 0 0 -1 0 0 -1 0 0 -1 0 0 -1 0 0 -1 0 0 -1 0 0 -1 0 0 -1 0 0 1 0 0 1 -0.8660255 0.4999997 -4.48619e-7 -0.866027 0.4999972 0 0 0 -1 0 0 -1 0 0 -1 0 0 1 0 0 1 0 0 1 0 0 1 0 0 1 0 0 -1 0 0 -1 0 0 1 0.6488389 -0.7583326 0.06276881 0 0 1 0.5056844 -0.854632 -0.1178444 0 0 -1 0 0 -1 0 0 -1 0 0 -1 0 0 -1 0 0 -1 0 0 -1 0 0 -1 0 0 1 0 0 1 0 0 1 0 0 1 0 -1 0 0 -1 0 0 0 -1 0 0 -1 0 0 -1 0 0 -1 0 0 1 0 0 1 0 0 1 0.6517423 -0.3716802 -0.6611247 0 1 0 -0.2602096 -0.1669932 0.9510017 -0.2713552 -0.1484431 0.9509631 -0.2709108 -0.1490558 0.9509941 -0.2664758 -0.1564902 0.9510529 -0.2812244 -0.1285861 0.9509882 -0.2803654 -0.1299217 0.9510602 0 0 -1 0 0 -1 0 0 -1 0 0 -1 0 0 1 0.8660257 0.4999995 -3.919e-7 0 0 -1 0.866025 0.5000008 4.82706e-6 0 0 -1 0 0 1 0 0 1 0 0 1 0 0 1 0 0 1 0 0 -1 0.8660256 0.4999997 0 0 0 -1 0.875488 0.3603799 -0.3219429 0.9243254 -0.3816053 0 0.7071068 0.7071068 0 0 0 -1 -0.2812839 -0.6785549 -0.6785592 0.281083 -0.6785965 -0.6786009 0 0 1 0.2813919 -0.6788153 -0.6782539 0 0 1 0 0 1 -0.2812204 -0.678928 -0.6782124 -0.3826825 -0.92388 0 0.3540078 -0.854653 -0.3797985 0.7071062 -0.7071074 0 -0.6785983 -0.281085 -0.6785983 -0.8546523 -0.354009 -0.3797987 -0.6788159 -0.2813921 -0.6782532 -0.6789284 0.281221 -0.6782118 -0.9238797 0.382683 0 -0.678557 0.2812843 -0.678557 -0.7071062 -0.7071074 0 -0.2810831 0.6785965 -0.6786009 -0.3540076 0.8546525 -0.3797995 -0.2813919 0.6788153 -0.6782539 0.2812851 0.6785547 -0.678559 0.2812212 0.6789299 -0.67821 0.3826825 0.92388 0 -0.7071068 0.7071068 0 0 0 1 0 0 1 0 0 1 0 0 1 0 0 1 0 0 1 0.6785984 0.2810843 -0.6785984 0.8546525 0.3540082 -0.379799 0.6788167 0.2813925 -0.6782522 0.678928 -0.2812215 -0.6782119 0.9238793 -0.3826838 0 0.6785569 -0.2812848 -0.6785569 0.7071068 0.7071068 0 0 0 1 0 0 1 0 0 1 0.5773503 0.5773503 -0.5773503 -0.5773503 0.5773503 -0.5773503 -0.5773503 0.5773503 -0.5773503 0.5773499 -0.5773509 -0.5773499 0.5773503 0.5773503 -0.5773503 -0.5773496 -0.5773506 -0.5773506 0.5773494 -0.5773507 -0.5773507 -0.5773499 -0.5773512 -0.5773499 -0.2812839 -0.6785549 -0.6785592 0.281083 -0.6785965 -0.6786009 0 0 1 0.2813937 -0.6788166 -0.6782519 0 0 1 0 0 1 -0.2812204 -0.678928 -0.6782124 -0.3826825 -0.92388 0 0.3826825 -0.92388 0 0.3826825 -0.92388 0 -0.6785984 -0.2810843 -0.6785984 -0.9238797 -0.382683 0 -0.6788162 -0.2813917 -0.6782531 -0.3826825 -0.92388 0 -0.678928 0.2812215 -0.6782119 -0.9238793 0.3826838 0 -0.6785569 0.2812848 -0.6785569 -0.9238797 -0.382683 0 -0.2810831 0.6785965 -0.6786009 -0.3826825 0.92388 0 -0.2813919 0.6788153 -0.6782539 -0.9238793 0.3826838 0 0.2812839 0.6785549 -0.6785592 0.2812204 0.678928 -0.6782124 0.3826825 0.92388 0 -0.3826825 0.92388 0 0 0 1 0 0 1 0 0 1 0 0 1 0 0 1 0 0 1 0.6785983 0.281085 -0.6785983 0.9238793 0.3826838 0 0.6788159 0.2813921 -0.6782532 0.3826825 0.92388 0 0.6789292 -0.2812213 -0.6782108 0.9238797 -0.382683 0 0.6785569 -0.2812848 -0.6785569 0.9238793 0.3826838 0 0.9238797 -0.382683 0 0 0 1 0 0 1 0 0 1 0.2810838 -0.6785984 -0.6785986 -0.2810839 -0.6785985 -0.6785985 0.2810839 -0.6785985 -0.6785985 0.2810839 0.6785985 -0.6785985 -0.2810838 0.6785984 -0.6785986 -0.2810839 0.6785985 -0.6785985 0.6785978 0.2810848 -0.6785988 0.2810839 0.6785984 -0.6785986 0.6785984 -0.2810843 -0.6785984 0.6785982 0.2810853 -0.6785982 0.6785981 -0.2810844 -0.6785988 -0.6785982 0.2810849 -0.6785982 -0.6785982 -0.2810842 -0.6785987 -0.6785984 -0.2810845 -0.6785984 -0.6785976 0.2810851 -0.6785989 -0.2810839 -0.6785984 -0.6785986 -0.2812845 -0.6785561 -0.6785578 0.2810846 -0.6785976 -0.6785992 0 0 1 0.281392 -0.6788153 -0.6782538 0 0 1 0 0 1 -0.2812212 -0.6789274 -0.6782125 -0.3826837 -0.9238795 0 0.3826838 -0.9238795 0 0.3826837 -0.9238795 0 -0.6785982 -0.2810855 -0.6785982 -0.9238792 -0.3826845 0 -0.6788152 -0.2813917 -0.6782541 -0.3826837 -0.9238795 0 -0.6789268 0.2812216 -0.6782129 -0.923879 0.3826845 0 -0.6785569 0.2812847 -0.6785568 -0.9238792 -0.3826845 0 -0.2810846 0.6785976 -0.6785992 -0.3826838 0.9238795 0 -0.281392 0.6788153 -0.6782538 -0.923879 0.3826845 0 0.2812845 0.6785561 -0.6785578 0.2812212 0.6789274 -0.6782125 0.3826837 0.9238795 0 -0.3826838 0.9238795 0 0 0 1 0 0 1 0 0 1 0 0 1 0 0 1 0 0 1 0.6785982 0.2810855 -0.6785982 0.9238792 0.3826845 0 0.6788152 0.2813917 -0.6782541 0.3826837 0.9238795 0 0.6789268 -0.2812216 -0.6782129 0.923879 -0.3826845 0 0.6785569 -0.2812847 -0.6785568 0.9238792 0.3826845 0 0.9238792 -0.3826845 0 0 0 1 0 0 1 0 0 1 0.2810848 -0.6785981 -0.6785985 -0.2810848 -0.6785983 -0.6785983 0.281085 -0.6785983 -0.6785983 0.2810848 0.6785983 -0.6785983 -0.2810848 0.6785982 -0.6785985 -0.281085 0.6785983 -0.6785983 0.6785976 0.2810853 -0.6785988 0.2810849 0.6785981 -0.6785986 0.6785982 -0.2810855 -0.6785982 0.6785981 0.2810859 -0.6785981 0.6785974 -0.2810857 -0.6785989 -0.6785982 0.2810855 -0.6785982 -0.6785976 -0.2810853 -0.6785988 -0.6785981 -0.2810859 -0.6785981 -0.6785975 0.2810857 -0.6785989 -0.2810849 -0.6785981 -0.6785986 -0.3574029 -0.8628581 -0.3574062 0.567514 -0.7606894 -0.3150867 0.2809849 -0.6783355 -0.6789023 -0.6787471 -0.2811563 -0.67842 -0.2810544 -0.6786786 -0.6785306 -0.3529183 -0.3580582 -0.8644322 -0.6778349 -0.2814639 -0.6792039 -0.678511 0.2810322 -0.6787074 -0.678465 0.2809392 -0.6787918 -0.2809858 0.678335 -0.6789026 -0.5675128 0.7606887 -0.3150905 0.3574033 0.8628562 -0.3574101 0 0 -1 0.1567367 -0.3779525 -0.9124612 0 0 -1 0 0 -1 0 0 -1 0 0 -1 0 0 -1 0 0 -1 0 0 -1 -0.1567382 0.3779541 -0.9124603 0 0 -1 0 0 -1 0.3529185 0.3580598 -0.8644314 0 0 -1 0.2810549 0.6786799 -0.6785292 0 0 -1 0 0 -1 0.678465 -0.2809392 -0.6787919 0 0 -1 0.678511 -0.2810322 -0.6787074 0 0 -1 0.6778357 0.2814636 -0.6792032 0 0 -1 0.6787471 0.2811563 -0.67842 0 0 -1 0 0 -1 -1 0 0 0 -1 0 0 -1 0 0 -1 0 -1 0 0 -1 0 0 0 -1 0 0 0 -1 0 1 0 -1 0 0 -1 0 0 0 1 0 0 1 0 -1 0 0 1 0 0 0 1 0 0 1 0 1 0 0 1 0 0 0 1 0 0 0 -1 0 -1 0 1 0 0 1 0 0 0 -1 0 1 0 0 -0.357309 0.3574224 0.8628902 0.5783605 0.5777798 0.5759076 0.213647 0.373849 0.9025474 -0.5783609 -0.5777789 0.5759081 -0.6235905 0.7222436 0.2991642 -0.577098 0.5771113 0.5778412 0.3573097 -0.3574223 0.86289 -0.2136479 -0.373849 0.9025472 0.62359 -0.7222404 0.2991728 0.577098 -0.5771113 0.5778412 -0.6786048 -0.6785891 0.2810912 0.7070986 -0.7071149 0 -0.7071149 -0.7070986 -3.30229e-5 -0.7069448 -0.7072687 0 0.6786066 0.6785908 0.2810828 0.7071149 0.7070986 -3.28246e-5 0.7072687 -0.7069448 3.3016e-5 -0.7070986 0.7071149 0 0.7069458 0.7072677 0 -0.7072697 0.7069438 3.32131e-5 0 0 1 0 0 1 0 0 -1 0 0 -1 0 0 -1 0 0 -1 0 0 -1 0 0 -1 0 0 -1 0 0 -1 0 0 -1 0 0 -1 -0.357403 -0.8628577 -0.3574069 0.5675138 -0.7606893 -0.3150874 0.2809856 -0.6783354 -0.6789021 -0.6787469 -0.2811561 -0.6784201 -0.2810546 -0.6786786 -0.6785305 -0.3529183 -0.3580585 -0.864432 -0.6778343 -0.2814638 -0.6792045 -0.6785115 0.2810325 -0.6787067 -0.6784653 0.2809389 -0.6787918 -0.2809855 0.6783354 -0.6789022 -0.5675138 0.7606893 -0.3150873 0.357403 0.8628577 -0.3574069 0 0 -1 0.1567372 -0.3779528 -0.9124611 0 0 -1 0 0 -1 0 0 -1 0 0 -1 0 0 -1 0 0 -1 0 0 -1 -0.1567372 0.3779528 -0.9124611 0 0 -1 0 0 -1 0.3529183 0.3580585 -0.864432 0 0 -1 0.2810546 0.6786786 -0.6785305 0 0 -1 0 0 -1 0.6784653 -0.2809389 -0.6787918 0 0 -1 0.6785116 -0.2810325 -0.6787067 0 0 -1 0.6778343 0.2814638 -0.6792045 0 0 -1 0.6787469 0.2811561 -0.6784201 0 0 -1 0 0 -1 -1 0 0 0 -1 0 0 -1 0 0 -1 0 -1 0 0 -1 0 0 0 -1 0 0 0 -1 0 1 0 -1 0 0 -1 0 0 0 1 0 0 1 0 -1 0 0 1 0 0 0 1 0 0 1 0 1 0 0 1 0 0 0 1 0 0 0 -1 0 -1 0 1 0 0 1 0 0 0 -1 0 1 0 0 -0.3573075 0.3574205 0.8628917 0.5783611 0.5777794 0.5759074 0.2136445 0.373847 0.9025488 -0.5783611 -0.5777794 0.5759074 -0.6235904 0.7222433 0.2991649 -0.5770978 0.577111 0.5778417 0.3573075 -0.3574205 0.8628917 -0.2136445 -0.373847 0.9025489 0.6235904 -0.7222433 0.2991649 0.5770978 -0.577111 0.5778417 -0.6786065 -0.6785907 0.2810833 0.7070987 -0.7071148 0 -0.707115 -0.7070986 -3.28301e-5 -0.7069458 -0.7072677 0 0.6786065 0.6785907 0.2810833 0.707115 0.7070986 -3.28301e-5 0.7072698 -0.7069437 3.32131e-5 -0.7070987 0.7071148 0 0.7069458 0.7072677 0 -0.7072698 0.7069437 3.32131e-5 0 0 1 0 0 1 0 0 -1 0 0 -1 0 0 -1 0 0 -1 0 0 -1 0 0 -1 0 0 -1 0 0 -1 0 0 -1 0 0 -1 -0.3574034 -0.8628562 -0.3574101 0.5675128 -0.7606887 -0.3150905 0.2809858 -0.678335 -0.6789025 -0.6787471 -0.2811563 -0.67842 -0.2810549 -0.6786798 -0.6785292 -0.3529186 -0.3580598 -0.8644315 -0.6778357 -0.2814636 -0.6792032 -0.678511 0.2810322 -0.6787074 -0.678465 0.2809392 -0.6787918 -0.2809849 0.6783355 -0.6789023 -0.567514 0.7606894 -0.3150867 0.3574029 0.8628581 -0.3574062 0 0 -1 0.1567382 -0.3779541 -0.9124603 0 0 -1 0 0 -1 0 0 -1 0 0 -1 0 0 -1 0 0 -1 0 0 -1 -0.1567367 0.3779525 -0.9124612 0 0 -1 0 0 -1 0.3529183 0.3580582 -0.8644322 0 0 -1 0.2810544 0.6786786 -0.6785306 0 0 -1 0 0 -1 0.678465 -0.2809392 -0.6787919 0 0 -1 0.678511 -0.2810322 -0.6787074 0 0 -1 0.6778349 0.2814639 -0.6792039 0 0 -1 0.6787471 0.2811563 -0.67842 0 0 -1 0 0 -1 -1 0 0 0 -1 0 0 -1 0 0 -1 0 -1 0 0 -1 0 0 0 -1 0 0 0 -1 0 1 0 -1 0 0 -1 0 0 0 1 0 0 1 0 -1 0 0 1 0 0 0 1 0 0 1 0 1 0 0 1 0 0 0 1 0 0 0 -1 0 -1 0 1 0 0 1 0 0 0 -1 0 1 0 0 -0.3573097 0.3574223 0.86289 0.5783609 0.5777789 0.5759081 0.213648 0.373849 0.9025472 -0.5783605 -0.5777798 0.5759076 -0.6235901 0.7222405 0.2991725 -0.577098 0.5771113 0.5778412 0.357309 -0.3574224 0.8628902 -0.2136469 -0.373849 0.9025474 0.6235905 -0.7222435 0.2991644 0.577098 -0.5771113 0.5778412 -0.6786066 -0.6785908 0.2810828 0.7070986 -0.7071149 0 -0.7071149 -0.7070986 -3.28246e-5 -0.7069458 -0.7072677 0 0.6786048 0.6785891 0.2810912 0.7071149 0.7070986 -3.30229e-5 0.7072697 -0.7069438 3.32131e-5 -0.7070986 0.7071149 0 0.7069448 0.7072687 0 -0.7072687 0.7069448 3.3016e-5 0 0 1 0 0 1 0 0 -1 0 0 -1 0 0 -1 0 0 -1 0 0 -1 0 0 -1 0 0 -1 0 0 -1 0 0 -1 0 0 -1 0.5006152 -0.8656699 0 -0.5006152 -0.8656699 0 0 0 1 0 0 1 -0.499689 -0.8662046 6.69238e-4 0 0 1 0.499689 -0.8662046 -6.69238e-4 0 0 1 0.9655507 -0.2602147 3.40794e-4 0 0 1 0 0 1 0.9663723 0.2571468 -3.44885e-4 0 0 1 0.9965204 0.001060068 -0.08334332 0 0 1 0 0 1 0 0 1 0 0 1 0 0 1 0 0 1 0.5006152 0.8656699 0 0 0 1 0.499689 0.8662046 6.69254e-4 0 0 1 0 0 1 0 0 1 -0.5006152 0.8656699 0 -0.499689 0.8662046 -6.69254e-4 0 0 1 0 0 1 0 0 1 0 0 1 0 0 1 0 0 1 0 0 1 0 0 1 0 0 1 0 0 1 0 0 1 0 0 1 0 0 1 0 0 1 -0.9965204 -0.001060068 -0.08334332 0 0 1 0 0 1 -0.9655507 0.2602147 3.40793e-4 0 0 1 0 0 1 0 0 1 0 0 1 0 0 1 -0.9663723 -0.2571468 -3.44886e-4 0 0 1 -0.3829493 0.9237693 0 0 0 1 0.3829493 0.9237691 -7.38605e-4 0 0 1 0.3826947 0.9238749 0 0 0 1 -0.9239809 0.3824383 -5.23985e-4 -0.3826795 0.9238809 -7.82428e-4 -0.9238746 0.3826952 2.20417e-4 0 0 1 -0.923981 -0.3824383 1.76146e-4 -0.9238874 -0.3826642 -4.78712e-4 0 0 1 -0.3829492 -0.9237691 -7.38165e-4 0 0 1 0.3829494 -0.9237693 0 -0.3826948 -0.9238749 0 0 0 1 0.9239807 -0.3824389 -5.23184e-4 0 0 1 0.3826794 -0.9238809 -7.8314e-4 0.9238747 -0.3826949 2.18655e-4 0 0 1 0.9239808 0.382439 1.75968e-4 0 0 1 0.9238873 0.3826645 -4.77831e-4 0 0 1 -0.3829494 0.9237693 0 0 0 1 0.3829493 0.9237691 -7.38971e-4 0.3826946 0.9238749 0 0 0 1 -0.9239807 0.3824389 -5.23184e-4 0 0 1 -0.3826794 0.9238809 -7.8314e-4 -0.9238747 0.3826949 2.18655e-4 0 0 1 -0.9239808 -0.382439 1.76146e-4 0 0 1 -0.9238873 -0.3826645 -4.77831e-4 0 0 1 -0.3829493 -0.9237691 -7.38165e-4 0.3829493 -0.9237693 0 -0.3826949 -0.9238748 0 0.9239809 -0.3824383 -5.23985e-4 0.3826795 -0.9238809 -7.82428e-4 0.9238746 -0.3826952 2.20417e-4 0.9239809 0.3824387 1.75077e-4 0.9238874 0.3826641 -4.78712e-4 0 0 1 0 0 1 -0.9594584 0.2818503 0 -0.8695242 -0.4463824 -0.211354 -0.8382398 -0.5453019 0 -0.7706518 -0.2972415 0.5636873 -0.7719821 0.2963863 0.5623155 -0.5949516 -0.00129652 -0.8037605 0 0 1 -0.2733632 0.5366752 -0.7982808 1 0 0 -0.5596783 0.8287099 0 0.9237787 0.3829267 0 1 0 0 0.3828065 0.9235696 -0.02187353 0.9862562 0.1563016 -0.05355894 0 1 0 0.2347668 0.9720517 0 -0.3829279 0.9237782 0 0 1 0 -0.2346075 0.9714363 -0.03564798 -1 0 0 -0.9876738 0.1565263 0 0.453879 0.8910633 0 -1 0 0 0.7719882 0.2963863 0.5623072 0.3936925 0.5829364 -0.7107682 0.771728 -0.2972401 0.5622137 0.5949516 -0.00129652 -0.8037605 0 0 1 0.8896211 -0.4566994 0 0.9044067 0.3239791 -0.2776437 0.8061604 -0.5244379 -0.2739897 0.9889695 0.03643393 0.1435678 0.3886381 0.8968779 -0.2111173 0.7876488 0.5992731 0.1431123 -0.3975996 0.9175589 -5.19797e-4 0.3020123 0.9533038 -5.40028e-4 -0.9044067 0.3239791 -0.2776437 -0.2904971 0.9169901 -0.2733877 -0.7876366 0.5992868 0.1431216 -0.9889692 0.03644543 0.1435678 0 0 1 0.9040111 -0.3744536 -0.2062727 0.9238796 -0.3826835 0 0.9225773 -9.81417e-4 0.385811 0.965977 0.2586266 -7.62027e-4 0.9658251 0.2591947 0 0.3826835 -0.9238796 0 0.3826835 -0.9238796 0 0.4771009 -0.8270484 0.2972638 0.9238796 -0.3826835 0 -0.5006152 -0.8656699 0 0.3826835 -0.9238796 0 -0.5006152 -0.8656699 0 0.5006152 0.8656699 0 0.5006152 0.8656699 0 0.5006152 0.86567 0 0.4996886 0.8662039 0.001487195 -0.3826835 0.9238796 0 -0.4771009 0.8270484 0.2972638 -0.3826835 0.9238796 0 -0.3826835 0.9238796 0 -0.9238796 0.3826835 0 -0.9040111 0.3744536 -0.2062727 -0.9238796 0.3826835 0 -0.9658251 -0.2591947 0 -0.965977 -0.2586266 -7.62035e-4 -0.9225773 9.81417e-4 0.385811 -0.8891487 0.3682974 0.2716093 -0.8734036 -9.29107e-4 -0.4869961 -0.3356739 0.8103885 -0.4802016 -0.5006152 0.86567 0 0 0 -1 0.8734036 9.29107e-4 -0.4869961 0 0 -1 0 0 -1 0 0 -1 0.5006152 -0.86567 0 0 0 -1 0.3356739 -0.8103885 -0.4802016 0.8891487 -0.3682974 0.2716093 0 0 -1 0 0 -1 0 0 -1 0 0 -1 -0.5006152 -0.86567 0 -0.4996886 -0.8662039 0.001487135 0 0 -1 0 0 -1 0 0 -1 0 0 -1 0 0 -1 0.9239912 -0.3824136 0 0.9234021 0.3838322 0.001174688 0.9239912 0.3824136 0 0.3831791 -0.9236733 0.001171052 0.9234021 -0.3838322 -0.001174688 -0.3813084 -0.9244478 3.73002e-4 0.3813084 -0.9244478 -3.72991e-4 -0.9234021 -0.3838322 0.001174688 -0.3831791 -0.9236733 -0.001171052 -0.9239912 0.3824136 0 -0.9239912 -0.3824136 0 -0.3831791 0.9236733 0.001171052 -0.9234021 0.3838322 -0.001174688 0.3813084 0.9244478 3.73002e-4 -0.3813084 0.9244478 -3.72991e-4 0.3831791 0.9236733 -0.001171052 0 0 -1 0 0 -1 0 0 -1 0 0 -1 0 0 -1 0 0 -1 0 0 1 0 0 1 0 0 1 0 0 1 0 0 1 0 0 1 0 0 1 0 0 1 0 0 1 0.7057992 -0.708412 0 -0.7086793 -0.7055306 -5.74863e-4 0 0 1 -0.7057992 -0.708412 0 0 0 1 0.7086793 0.7055306 -5.74863e-4 0 0 1 0.7086793 -0.7055306 5.74864e-4 -0.7057992 0.708412 0 0.7057992 0.708412 0 -0.7086793 0.7055306 5.74864e-4 0.7057992 -0.708412 0 0 0 1 -0.7086793 -0.7055306 -5.74863e-4 -0.7057992 -0.708412 0 0.7086793 0.7055306 -5.74863e-4 0.7086793 -0.7055306 5.74864e-4 0 0 1 -0.7057992 0.708412 0 0 0 1 0.7057992 0.708412 0 0 0 1 -0.7086793 0.7055306 5.74864e-4 0.7057992 -0.708412 0 -0.7086793 -0.7055306 -5.74863e-4 -0.7057992 -0.708412 0 0.7086793 0.7055306 -5.74863e-4 0.7086793 -0.7055306 5.74864e-4 -0.7057992 0.708412 0 0.7057992 0.708412 0 -0.7086793 0.7055306 5.74864e-4 0.7057992 -0.708412 0 -0.7086793 -0.7055306 -5.74863e-4 -0.7057992 -0.708412 0 0.7086793 0.7055306 -5.74863e-4 0.7086793 -0.7055306 5.74864e-4 -0.7057992 0.708412 0 0.7057992 0.708412 0 -0.7086793 0.7055306 5.74864e-4 0 0 1 0 0 1 0 0 1 0 0 1 0 0 1 0 0 1 0 0 1 0 0 1 0.3574029 -0.8628574 0.3574076 -0.5675138 -0.7606889 0.3150879 -0.2809854 -0.6783351 0.6789025 0.678747 -0.2811561 0.6784201 0.2810545 -0.6786789 0.6785302 0.3529182 -0.3580597 0.8644316 0.6778352 -0.2814636 0.6792036 0.6785109 0.2810321 0.6787075 0.678465 0.2809396 0.6787917 0.2809852 0.678335 0.6789028 0.567514 0.7606889 0.3150879 -0.357403 0.8628574 0.3574076 0 0 1 -0.1567379 -0.3779538 0.9124605 0 0 1 0 0 1 0 0 1 0 0 1 0 0 1 0 0 1 0 0 1 0.1567379 0.3779538 0.9124605 0 0 1 0 0 1 -0.3529183 0.3580596 0.8644316 0 0 1 -0.2810546 0.6786789 0.6785303 0 0 1 0 0 1 -0.6784651 -0.2809395 0.6787917 0 0 1 -0.6785109 -0.2810319 0.6787077 0 0 1 -0.6778351 0.2814639 0.6792038 0 0 1 -0.6787469 0.2811564 0.6784201 0 0 1 0 0 1 1 0 0 0 -1 0 0 -1 0 0 -1 0 1 0 0 1 0 0 0 -1 0 0 0 1 0 1 0 1 0 0 1 0 0 0 1 0 0 1 0 1 0 0 -1 0 0 0 1 0 0 1 0 -1 0 0 -1 0 0 0 1 0 0 0 1 0 -1 0 -1 0 0 -1 0 0 0 -1 0 -1 0 0 0 0 1 0 0 1 0 0 1 0 0 1 0 0 1 0 0 1 0 0 1 0 0 1 0 0 1 0 0 1 0.357403 -0.8628574 0.3574076 -0.5675138 -0.7606889 0.3150879 -0.2809855 -0.6783352 0.6789024 0.6787469 -0.2811564 0.6784201 0.2810546 -0.6786789 0.6785303 0.3529183 -0.3580597 0.8644316 0.6778351 -0.2814639 0.6792038 0.6785107 0.2810318 0.6787078 0.678465 0.2809396 0.6787917 0.2809851 0.6783349 0.6789029 0.567514 0.7606889 0.3150879 -0.3574029 0.8628574 0.3574076 0 0 1 -0.1567379 -0.3779538 0.9124605 0 0 1 0 0 1 0 0 1 0 0 1 0 0 1 0 0 1 0 0 1 0.1567379 0.3779538 0.9124605 0 0 1 0 0 1 -0.3529182 0.3580597 0.8644316 0 0 1 -0.2810545 0.6786789 0.6785302 0 0 1 0 0 1 -0.6784651 -0.2809395 0.6787917 0 0 1 -0.678511 -0.2810322 0.6787074 0 0 1 -0.6778352 0.2814636 0.6792036 0 0 1 -0.678747 0.2811561 0.6784201 0 0 1 0 0 1 1 0 0 0 -1 0 0 -1 0 0 -1 0 1 0 0 1 0 0 0 -1 0 0 0 1 0 1 0 1 0 0 1 0 0 0 1 0 0 1 0 1 0 0 -1 0 0 0 1 0 0 1 0 -1 0 0 -1 0 0 0 1 0 0 0 1 0 -1 0 -1 0 0 -1 0 0 0 -1 0 -1 0 0 0 0 1 0 0 1 0 0 1 0 0 1 0 0 1 0 0 1 0 0 1 0 0 1 0 0 1 0 0 1 0.8299476 -0.5399124 0.1402913 0.7658193 0.02821296 0.6424367 0.6018373 -0.2499061 0.7585109 0.6034576 0.4591334 0.6519474 0.5954357 0.2465586 0.764634 0.2013161 0.6354558 0.7454313 -0.2808958 0.8866825 0.3672762 0.5675137 0.7606891 0.315088 -0.6033507 0.4590696 0.6520913 -0.3631631 0.3565562 0.8608021 -0.2567153 0.6199055 0.7414947 -0.765854 0.02822315 0.6423948 -0.595238 0.2471659 0.7645919 -0.6257887 -0.4070956 0.6653282 -0.6019619 -0.249261 0.7586243 -0.09484899 -0.2287166 0.9688614 0 0 1 0 0 1 0 0 1 0 0 1 0 0 1 0 0 1 0 0 1 0 0 1 0.1567378 0.3779538 0.9124605 0 0 1 0 0 1 0 0 1 0 0 1 0 0 1 0 0 1 0 0 1 0 0 1 0 0 1 0 0 1 1 0 0 0 -1 0 0 -1 0 0 -1 0 1 0 0 1 0 0 0 -1 0 0 0 1 0 1 0 1 0 0 1 0 0 0 1 0 0 1 0 0 1 0 1 0 0 -1 0 0 0 1 0 -1 0 0 -1 0 0 0 1 0 0 0 1 0 -1 0 -1 0 0 -1 0 0 0 -1 0 -1 0 0 0 0 1 0 0 1 0 0 1 0 0 1 0 0 1 0 0 1 0 0 1 0 0 1 0 0 1 0 0 1 0 0 1 0.16361 -0.9865251 0 0 0 1 1 0 0 0 0 1 1 0 0 0 0 1 0.20994 -0.9731613 0.09424501 0 0 1 -0.19516 -0.9807714 0 0 0 1 0 0 1 0 0 1 0.01305818 -0.9999148 0 0 0 1 -0.5555985 -0.8314468 0.002562761 0 0 1 0 0 1 0 0 1 0 0 1 0 0 1 -0.1955189 -0.9806966 -0.00257039 0 0 1 -0.8314505 -0.5555951 0.002033233 0 0 1 0 0 1 0 0 1 0 0 1 0 0 1 0 0 1 0 0 1 0 0 1 0 0 1 0 0 1 0 0 1 0 0 1 0 0 1 0 0 1 0 0 1 0 0 1 0 0 1 0 0 1 0 0 1 -0.5561452 -0.8310827 -0.002031326 0 0 1 -0.9808487 -0.1946901 0.005612969 0 0 1 0 0 1 0 0 1 0 0 1 0 0 1 0 0 1 0 0 1 0 0 1 0 0 1 0 0 1 0 0 1 0 0 1 0 0 1 0 0 1 0 0 1 0 0 1 0 0 1 0 0 1 0 0 1 -0.8314525 -0.5555924 0.002009451 -0.9806497 -0.1957609 -0.002007067 0 0 1 -0.9806497 0.1957609 0.002007067 0 0 1 -0.9808487 0.1946901 -0.005612909 0 0 1 -0.8314525 0.5555924 -0.002009451 0 0 1 0 0 1 0 0 1 0 0 1 0 0 1 -0.5561452 0.8310827 0.002031385 0 0 1 0 0 1 0 0 1 0 0 1 0 0 1 0 0 1 -0.8314505 0.5555951 -0.002033114 0 0 1 -0.1955189 0.9806966 0.00257039 0 0 1 0 0 1 0 0 1 0 0 1 -0.5555985 0.8314468 -0.00256282 0.05476444 0.9984993 0 -0.19516 0.9807714 0 0 0 1 0.01301437 0.9965617 0.08182615 0 0 1 1 0 0 0 0 1 0 0 1 0 0 1 0.2108786 0.9775123 0 0.9238556 0.3827413 0 0 0 1 1 0 0 0.3827413 0.9238556 0 0.9238556 0.3827413 0 1 0 0 0.3827413 0.9238556 0 0.7071068 -0.7071068 0 0.7071068 -0.7071068 0 1 0 0 0 0 1 1 0 0 0 0 1 0.7071068 0.7071068 0 0 0 1 0.7071068 0.7071068 0 1 0 0 0 0 1 1 0 0 0 0 1 0 0 1 0.3827413 -0.9238556 0 0 0 1 0 0 1 1 0 0 0 0 1 0.9238556 -0.3827413 0 0 0 1 0.3827413 -0.9238556 0 0 0 1 0 0 1 0 0 1 0 0 1 0.9238556 -0.3827413 0 -1 0 0 0 0 1 0 1 0 0 0 1 0 0 1 0 0 1 0 1 0 0 -1 0 -1 0 0 0 0 1 1 0 0 0 -1 0 1 0 0 -1 0 0 0 0 1 0 1 0 0 0 1 0 0 1 0 0 1 0 1 0 0 -1 0 -1 0 0 0 0 1 1 0 0 0 0 1 0 -1 0 1 0 0 -1 0 0 0 0 1 0 1 0 0 0 1 0 0 1 0 0 1 0 0 1 0 1 0 0 -1 0 -1 0 0 0 0 1 1 0 0 0 0 1 0 -1 0 1 0 0 -1 0 0 0 0 1 0 1 0 0 0 1 0 0 1 0 0 1 0 0 1 0 1 0 0 -1 0 -1 0 0 0 0 1 1 0 0 0 0 1 0 -1 0 1 0 0 -1 0 0 0 0 1 0 1 0 0 0 1 0 0 1 0 0 1 0 0 1 0 1 0 0 -1 0 -1 0 0 0 0 1 1 0 0 0 0 1 0 -1 0 1 0 0 -1 0 0 0 0 1 0 1 0 0 0 1 0 0 1 0 0 1 0 0 1 0 1 0 0 -1 0 -1 0 0 0 0 1 1 0 0 0 0 1 0 -1 0 1 0 0 -1 0 0 0 0 1 0 1 0 0 0 1 0 0 1 0 0 1 0 0 1 0 1 0 0 -1 0 -1 0 0 0 0 1 1 0 0 0 0 1 0 -1 0 1 0 0 -1 0 0 0 0 1 0 1 0 0 1 0 0 -1 0 -1 0 0 0 0 1 1 0 0 0 0 1 0 -1 0 1 0 0 -1 0 0 0 0 1 0 1 0 0 0 1 0 0 1 0 1 0 0 -1 0 -1 0 0 0 0 1 1 0 0 0 0 1 0 -1 0 1 0 0 -1 0 0 0 0 1 0 1 0 0 0 1 0 0 1 0 1 0 0 -1 0 -1 0 0 0 0 1 1 0 0 0 0 1 0 -1 0 1 0 0 -1 0 0 0 0 1 0 1 0 0 0 1 0 0 1 0 1 0 0 -1 0 -1 0 0 0 0 1 1 0 0 0 0 1 0 -1 0 1 0 0 -1 0 0 0 0 1 0 1 0 0 1 0 0 -1 0 -1 0 0 0 0 1 1 0 0 0 -1 0 0 0 1 1 0 0 -1 0 0 0 0 1 0 1 0 0 1 0 0 -1 0 -1 0 0 0 0 1 1 0 0 0 -1 0 0 0 1 1 0 0 -1 0 0 0 0 1 0 1 0 0 1 0 0 -1 0 -1 0 0 0 0 1 1 0 0 0 -1 0 0 0 1 1 0 0 -1 0 0 0 0 1 0 1 0 0 1 0 0 -1 0 -1 0 0 0 0 1 1 0 0 0 -1 0 0 0 1 1 0 0 -1 0 0 0 0 1 0 1 0 0 1 0 0 -1 0 -1 0 0 0 0 1 1 0 0 0 -1 0 0 0 1 1 0 0 -1 0 0 0 0 1 0 1 0 0 1 0 0 -1 0 -1 0 0 0 0 1 1 0 0 0 -1 0 0 0 1 1 0 0 -1 0 0 0 0 1 0 1 0 0 1 0 0 -1 0 -1 0 0 0 0 1 1 0 0 0 -1 0 0 0 1 1 0 0 -1 0 0 0 0 1 0 1 0 0 1 0 0 -1 0 -1 0 0 0 0 1 1 0 0 0 -1 0 0 0 1 0 0 1 1 0 0 -1 0 0 0 0 1 0 1 0 0 1 0 0 -1 0 -1 0 0 0 0 1 1 0 0 0 -1 0 0 0 1 1 0 0 -1 0 0 0 0 1 0 1 0 0 0 1 0 1 0 0 -1 0 -1 0 0 0 0 1 1 0 0 0 -1 0 1 0 0 -1 0 0 0 0 1 0 1 0 0 0 1 0 1 0 0 -1 0 -1 0 0 0 0 1 1 0 0 0 -1 0 1 0 0 -0.5000431 0.8660005 0 0.5002718 0.8658677 -0.001115798 0.5000431 0.8660005 0 -0.9999993 2.73968e-4 -0.001154601 -0.5002719 0.8658677 0.001115798 -0.5002718 -0.8658677 -0.001115798 -0.9999993 -2.73968e-4 0.001154601 0 0 1 0.5000431 -0.8660005 0 -0.5000431 -0.8660005 0 0 0 1 0.9999993 -2.73968e-4 -0.001154601 0 0 1 0 0 1 0 0 1 0 0 1 0.5002718 -0.8658677 0.001115739 0.9999993 2.73968e-4 0.001154601 0 0 1 -0.7057319 0.7084791 0 0.708568 0.7056327 -0.003721356 0 0 1 0.7057319 0.7084791 0 0 0 1 -0.708568 -0.7056327 -0.003721356 0 0 1 -0.708568 0.7056327 0.003721356 0.7057319 -0.7084791 0 0 0 1 -0.7057319 -0.7084791 0 0.708568 -0.7056327 0.003721356 0 0 1 -0.9238806 -0.382681 0 0 0 1 -1 0 0 0 0 1 -0.3826975 -0.9238737 -8.32969e-6 -0.9238738 -0.3826974 8.52439e-6 0.3826814 -0.9238803 0 -0.3826814 -0.9238803 0 0.9238738 -0.3826974 -8.52439e-6 0.3826975 -0.9238737 8.32969e-6 1 0 0 0.9238806 -0.382681 0 1 0 0 0.9238806 0.382681 0 0.3826975 0.9238737 -8.32969e-6 0.9238738 0.3826974 8.52439e-6 0 0 1 -0.3826814 0.9238803 0 0 0 1 0.3826814 0.9238803 0 0 0 1 -0.9238738 0.3826974 -8.52439e-6 -0.3826975 0.9238737 8.32969e-6 0 0 1 -1 0 0 -0.9238806 0.382681 0 -0.38295 0.9237691 0 0.3829486 0.9237694 -7.35083e-4 0.3826952 0.9238747 0 -0.9239807 0.3824388 -5.22828e-4 -0.3826791 0.923881 -7.85366e-4 -0.9238748 0.3826947 2.18442e-4 -0.9239808 -0.3824389 1.75523e-4 -0.9238872 -0.3826646 -4.79002e-4 -0.3829499 -0.9237688 -7.38788e-4 0.3829499 -0.9237691 0 -0.3826952 -0.9238747 0 0.9239807 -0.3824388 -5.22383e-4 0.3826792 -0.923881 -7.8501e-4 0.9238748 -0.3826949 2.19323e-4 0.923981 0.3824384 1.77393e-4 0.9238872 0.3826646 -4.78561e-4 -0.38295 0.9237691 0 0.3829486 0.9237694 -7.35083e-4 0.3826952 0.9238747 0 -0.9239807 0.3824388 -5.22828e-4 -0.3826791 0.923881 -7.85366e-4 -0.9238748 0.3826947 2.18442e-4 -0.9239808 -0.3824389 1.75523e-4 -0.9238872 -0.3826646 -4.79002e-4 -0.3829499 -0.9237688 -7.38788e-4 0.3829499 -0.9237691 0 -0.3826952 -0.9238747 0 0.9239807 -0.3824388 -5.22383e-4 0.3826792 -0.923881 -7.8501e-4 0.9238748 -0.3826949 2.19323e-4 0.923981 0.3824384 1.77393e-4 0.9238872 0.3826646 -4.78561e-4 -0.9238796 -0.3826833 0 -0.9159676 0.379406 0.1305923 -0.8655338 0.5008506 0 -0.3818163 -0.9217864 -0.06727731 -0.8619981 -0.4971389 0.09905701 0.3818067 -0.9217633 -0.06764751 -0.001430273 -0.9911743 0.1325567 0.9159676 -0.379406 0.1305924 0.9238796 0.3826833 0 0.8655338 -0.5008506 0 0.3818164 0.9217864 -0.06727731 0.861998 0.4971389 0.09905701 -0.3818068 0.9217632 -0.06764751 0.001430392 0.9911743 0.1325568 0 0 -1 0 0 -1 0 0 -1 0 0 -1 0 0 -1 0 0 -1 0 0 -1 0 0 -1 0 0 -1 0 0 -1 0 0 -1 0 0 -1 0 0 -1 0 0 -1 0 0 -1 0 0 -1 0 0 -1 0 0 -1 0 0 -1 0 0 -1 0 0 -1 0 0 -1 0 0 -1 0 0 -1 0 0 -1 0 0 -1 0 0 -1 0 0 -1 0 0 -1 0 0 -1 0 0 1 0 0 1 0 0 1 0 0 1 0 0 1 0 0 1 0 0 1 0 0 1 0 0 1 0 0 1 0 0 1 0 0 1 0 0 1 0 0 1 0 0 1 0 0 1 0 0 1 0 0 1 0 0 1 0 0 1 0 0 1 0 0 1 0 0 1 0 0 1 0 0 1 0 0 1 0 0 1 0 0 1 0 0 1 0 0 1 0 0 1 0 0 1 0 0 1 0 0 1 0 0 1 0 0 1 0 0 1 0 0 1 0 0 1 0 0 1 0 0 1 0 0 1 0 0 1 0 0 1 0.3574029 -0.8628579 0.3574065 -0.5675148 -0.7606887 0.3150867 -0.2809857 -0.678335 0.6789027 0.6787471 -0.2811561 0.67842 0.2810544 -0.6786788 0.6785305 0.3529183 -0.3580589 0.8644318 0.6778355 -0.2814635 0.6792035 0.6785106 0.2810322 0.6787078 0.6784649 0.2809398 0.6787918 0.2809857 0.678335 0.6789027 0.5675148 0.7606887 0.3150867 -0.3574029 0.8628579 0.3574065 0 0 1 -0.1567379 -0.3779532 0.9124608 0 0 1 0 0 1 0 0 1 0 0 1 0 0 1 0 0 1 0 0 1 0.1567379 0.3779532 0.9124608 0 0 1 0 0 1 -0.3529182 0.358059 0.8644319 0 0 1 -0.2810544 0.6786786 0.6785306 0 0 1 0 0 1 -0.6784647 -0.2809396 0.6787919 0 0 1 -0.6785106 -0.2810322 0.6787078 0 0 1 -0.6778352 0.2814634 0.6792038 0 0 1 -0.678747 0.2811559 0.6784202 0 0 1 0 0 1 1 0 0 0 -1 0 0 -1 0 0 -1 0 1 0 0 1 0 0 0 -1 0 0 0 1 0 1 0 1 0 0 1 0 0 0 1 0 0 1 0 1 0 0 -1 0 0 0 1 0 0 1 0 -1 0 0 -1 0 0 0 1 0 0 0 1 0 -1 0 -1 0 0 -1 0 0 0 -1 0 -1 0 0 0 0 1 0 0 1 0 0 1 0 0 1 0 0 1 0 0 1 0 0 1 0 0 1 0 0 1 0 0 1 0.3574029 -0.8628579 0.3574065 -0.5675148 -0.7606887 0.3150867 -0.2809857 -0.678335 0.6789027 0.6787471 -0.2811561 0.67842 0.2810544 -0.6786788 0.6785305 0.3529183 -0.3580589 0.8644318 0.6778355 -0.2814635 0.6792035 0.6785106 0.2810322 0.6787078 0.6784649 0.2809398 0.6787918 0.2809857 0.678335 0.6789027 0.5675148 0.7606887 0.3150867 -0.3574029 0.8628579 0.3574065 0 0 1 -0.1567379 -0.3779532 0.9124608 0 0 1 0 0 1 0 0 1 0 0 1 0 0 1 0 0 1 0 0 1 0.1567379 0.3779532 0.9124608 0 0 1 0 0 1 -0.3529182 0.358059 0.8644319 0 0 1 -0.2810544 0.6786786 0.6785306 0 0 1 0 0 1 -0.6784647 -0.2809396 0.6787919 0 0 1 -0.6785106 -0.2810322 0.6787078 0 0 1 -0.6778352 0.2814634 0.6792038 0 0 1 -0.678747 0.2811559 0.6784202 0 0 1 0 0 1 1 0 0 0 -1 0 0 -1 0 0 -1 0 1 0 0 1 0 0 0 -1 0 0 0 1 0 1 0 1 0 0 1 0 0 0 1 0 0 1 0 1 0 0 -1 0 0 0 1 0 0 1 0 -1 0 0 -1 0 0 0 1 0 0 0 1 0 -1 0 -1 0 0 -1 0 0 0 -1 0 -1 0 0 0 0 1 0 0 1 0 0 1 0 0 1 0 0 1 0 0 1 0 0 1 0 0 1 0 0 1 0 0 1 0 0 1 0.8660304 -0.4999914 0 0 0 1 0.8659037 0.5002105 4.74585e-4 0 0 1 0.8660304 0.4999914 0 0 0 1 2.52081e-4 -0.9999998 4.72259e-4 0 0 1 0.8659037 -0.5002104 -4.74523e-4 0 0 1 -0.8659037 -0.5002104 4.74535e-4 0 0 1 0 0 1 -2.52081e-4 -0.9999998 -4.72259e-4 0 0 1 -0.8660304 0.4999914 0 0 0 1 -0.8660304 -0.4999914 0 0 0 1 -2.52028e-4 0.9999998 4.7216e-4 0 0 1 -0.8659037 0.5002105 -4.74523e-4 0 0 1 0 0 1 2.52028e-4 0.9999998 -4.7216e-4 -0.9238394 -0.3827804 0 -0.9238075 0.3828574 -3.59114e-5 -0.9238394 0.3827804 0 -0.381777 -0.9242545 -3.58179e-5 -0.9238075 -0.3828574 3.59114e-5 0.3833802 -0.9235903 7.84255e-4 -0.3833802 -0.9235903 -7.84255e-4 0.9238075 -0.3828574 -3.59114e-5 0.381777 -0.9242545 3.58179e-5 0.9238394 0.3827804 0 0.9238394 -0.3827804 0 0.3817769 0.9242545 -3.58179e-5 0.9238075 0.3828574 3.59137e-5 -0.3833801 0.9235903 7.84254e-4 0.3833801 0.9235903 -7.84254e-4 -0.3817769 0.9242545 3.58179e-5 0 0 -1 0 0 -1 0 0 -1 0 0 -1 0 0 -1 0 0 -1 0 0 -1 0 0 -1 0 0 -1 0 0 -1 0 0 -1 0 0 -1 0.7071826 -0.7070309 0 0.7070294 0.7071843 6.2995e-5 0.9238791 0.3826845 0 0.3737077 0.9022094 0.2153155 -0.7070294 -0.7071842 6.2995e-5 0.9022246 -0.3737149 0.2152395 0.3826838 -0.9238793 -3.3052e-5 -0.7071826 0.707031 0 -0.3737077 -0.9022094 0.2153154 -0.9238791 -0.3826845 0 -0.9022246 0.3737149 0.2152395 -0.3826837 0.9238795 -3.3058e-5 0.678599 -0.2810858 0.6785973 0.6785577 0.2812851 0.678556 0.6789277 0.281222 0.6782119 0.2812215 -0.6789283 0.6782115 0.678816 -0.2813921 0.6782532 -0.2810848 -0.6785983 0.6785983 0.2812849 -0.6785569 0.6785568 -0.6789277 -0.281222 0.6782119 -0.2813923 -0.6788161 0.6782529 -0.6785577 -0.2812851 0.678556 -0.6785989 0.2810859 0.6785972 0 0 -1 -0.678816 0.2813921 0.6782532 0 0 -1 0 0 -1 0 0 -1 0 0 -1 0 0 -1 0 0 -1 0 0 -1 0.2810848 0.6785982 0.6785984 0.2813924 0.6788161 0.6782529 -0.2812216 0.6789283 0.6782115 -0.2812849 0.6785569 0.6785569 0 0 -1 0 0 -1 0 0 -1 0 0 -1 0 0 1 0 0 1 0 0 1 0 0 1 0 0 1 0 0 1 0 0 1 0 0 1 0 0 1 0 0 1 0 0 1 0 0 1 0 0 1 0 0 1 0 0 1 0 0 1 -0.3829495 0.9237693 0 0.3829494 0.9237691 -7.38276e-4 0.3826949 0.9238748 0 -0.9239806 0.3824389 -5.23006e-4 -0.3826794 0.9238809 -7.83141e-4 -0.9238747 0.3826949 2.18656e-4 -0.9239808 -0.382439 1.76146e-4 -0.9238872 -0.3826645 -4.77946e-4 -0.3829494 -0.9237691 -7.38386e-4 0.3829494 -0.9237693 0 -0.3826948 -0.9238748 0 0.9239806 -0.3824389 -5.23006e-4 0.3826794 -0.9238809 -7.83141e-4 0.9238747 -0.3826949 2.18656e-4 0.9239808 0.382439 1.76146e-4 0.9238872 0.3826645 -4.77946e-4 0.357403 -0.8628576 0.3574072 -0.5675137 -0.7606892 0.3150877 -0.2809855 -0.6783354 0.6789022 0.6787469 -0.2811561 0.6784201 0.2810546 -0.6786786 0.6785305 0.3529183 -0.3580593 0.8644318 0.6778343 -0.2814639 0.6792045 0.6785116 0.2810325 0.6787067 0.6784653 0.2809389 0.6787918 0.2809855 0.6783354 0.6789022 0.5675135 0.7606891 0.3150879 -0.3574029 0.8628574 0.3574075 0 0 1 -0.1567376 -0.3779536 0.9124607 0 0 1 0 0 1 0 0 1 0 0 1 0 0 1 0 0 1 0 0 1 0.1567376 0.3779536 0.9124606 0 0 1 0 0 1 -0.3529183 0.3580594 0.8644318 0 0 1 -0.2810546 0.6786786 0.6785305 0 0 1 0 0 1 -0.6784653 -0.2809389 0.6787918 0 0 1 -0.6785115 -0.2810325 0.6787067 0 0 1 -0.6778343 0.2814638 0.6792045 0 0 1 -0.6787469 0.2811561 0.6784201 0 0 1 0 0 1 1 0 0 0 -1 0 0 -1 0 0 -1 0 1 0 0 1 0 0 0 -1 0 0 0 1 0 1 0 1 0 0 1 0 0 0 1 0 0 1 0 1 0 0 -1 0 0 0 1 0 0 1 0 -1 0 0 -1 0 0 0 1 0 0 0 1 0 -1 0 -1 0 0 -1 0 0 0 -1 0 -1 0 0 0.357308 0.357421 -0.8628911 -0.5783622 0.5777805 -0.5759052 -0.213644 0.3738477 -0.9025487 0.5783622 -0.5777806 -0.5759053 0.6235907 0.7222438 -0.2991632 0.5770989 0.577112 -0.5778396 -0.3573081 -0.3574211 -0.8628911 0.213644 -0.3738477 -0.9025486 -0.6235907 -0.7222438 -0.2991632 -0.5770989 -0.5771121 -0.5778395 0.6786069 -0.6785911 -0.2810817 -0.7070987 -0.7071149 0 0.7071151 -0.7070986 3.28308e-5 0.7069458 -0.7072677 0 -0.6786069 0.6785911 -0.2810816 -0.7071151 0.7070986 3.28277e-5 -0.7072699 -0.7069437 -3.32178e-5 0.7070987 0.7071148 0 -0.7069459 0.7072677 0 0.7072699 0.7069437 -3.32131e-5 0 0 -1 0 0 -1 0 0 1 0 0 1 0 0 1 0 0 1 0 0 1 0 0 1 0 0 1 0 0 1 0 0 1 0 0 1 0.7084949 -0.705716 0 0.708495 0.7057159 0 0 0 -1 0 0 -1 0 0 -1 0 0 -1 0.7054918 0.7082775 0.02498799 0.7054917 -0.7082776 -0.02498799 0 0 -1 -0.7084949 -0.705716 0 0 0 -1 -0.7054917 -0.7082776 0.02498787 -0.708495 0.7057159 0 -0.7054918 0.7082775 -0.02498805 0 0 -1 0 0 -1 0 0 -1 0 0 -1 0 0 -1 0 0 -1 0.08851736 0.9956328 -0.02966552 0 0 -1 0 0 -1 -1 0 0 0 0 -1 0.1449753 0.9894353 0 0 0 -1 -0.08852499 0.9957181 -0.02662581 0 0 -1 0.02723115 0.9996292 0 -0.02723115 0.9996292 0 0.2687242 0.9423882 -0.1992284 0.05661058 0.998315 -0.01273757 0 0 -1 1 0 0 0 0 -1 -0.1449729 0.9894356 0 1 0 0 -0.1062414 0.9940643 -0.02342998 0.5961452 0.4945954 -0.6324447 -0.1320036 0.9912282 -0.006450355 0 0 -1 -0.4989998 0.8666022 0 0 0 -1 0 0 -1 0 0 -1 0 0 -1 -0.938972 0.3421682 0.03538984 -0.4898055 0.8713561 -0.0287941 -0.8660191 -0.5000109 0 0 0 -1 -0.9238795 0.3826836 0 0 0 -1 -2.62991e-4 -0.9898977 -0.1417837 0 0 -1 0 0 -1 -0.914994 -0.3790031 -0.138357 -0.3816871 -0.921474 0.07211506 0 0 -1 0.8609582 -0.4973958 -0.1065284 0 0 -1 0 0 -1 0 0 -1 0 0 -1 0.3816851 -0.9214692 0.07218778 0 0 -1 0.9395606 0.3423827 0 0.9238795 -0.3826836 0 0.4988057 0.8662651 -0.027884 0 0 -1 0 0 -1 0 0 -1 0.9234161 0.3824917 0.03166681 -1 0 0 0.4610654 0.8873662 0 0 1 0 -1 0 0 -1 0 0 1 0 0 0 1 0 0 -1 0 1 0 0 0 -1 0 0.8660777 -0.4999094 0 0.6909156 0.3997667 0.6023473 0.9238793 0.382684 0 7.49339e-4 -0.7063639 0.7078485 0.660535 -0.273603 0.6991673 0.3414325 -0.8242902 -0.4516299 -0.6909156 -0.3997667 0.6023473 -0.3411408 -0.8235861 -0.4531322 -0.8660777 0.4999094 0 -0.9238793 -0.382684 0 -7.49339e-4 0.7063639 0.7078485 -0.660535 0.273603 0.6991673 -0.3414325 0.8242902 -0.45163 0.3411408 0.8235861 -0.4531322 0 1 0 -1 0 0 -1 0 0 1 0 0 0 1 0 0 -1 0 1 0 0 0 -1 0 -0.08851736 0.9956328 0.02966451 0 0 -1 0 0 -1 0.08852493 0.995718 0.02662569 0 0 -1 0.1062424 0.9940642 0.02342897 -0.5961872 0.4945076 0.6324738 0.1319957 0.9912293 0.00645554 -0.2687147 0.9423926 0.19922 -0.05661052 0.9983151 0.01273751 0 0 -1 0.4278298 0 0.9038593 -0.7059883 0.001270174 0.7082224 -0.7071241 0 0.7070895 0.9605721 -0.02478516 0.2769242 0.7052628 0.1632522 0.6898935 0.6628895 0.05171132 -0.7469293 -0.7081795 0 -0.7060325 0.7071222 0 -0.7070914 -0.7071347 -0.001268088 -0.7070778 -0.4278084 0 -0.9038695 0.7059843 0.001272439 -0.7082263 0.7071222 0 -0.7070914 -0.9605713 -0.02479219 -0.2769262 -0.7052608 0.1632553 -0.6898949 -0.6628739 0.05173105 0.7469418 0.7081833 0 0.7060287 -0.7071241 0 0.7070895 0.7071367 -0.001270353 0.7070757 -0.08636331 0.9962636 -6.33407e-6 -0.3815934 0.9212477 0.07542729 0.0818879 0.9446361 0.3177373 0.3826835 0.9238796 -5.88487e-6 0.8147974 0.3375003 -0.4713798 0.8147974 -0.3375003 -0.4713798 0.3745103 0 0.9272227 0.1478073 0.3568383 0.9223988 -0.3738943 0.9026606 0.2130888 0.5030686 0.8411272 0.1985627 -0.8147974 0.3375003 -0.4713798 -0.323458 0.7264785 0.6063035 -0.2275205 0.3940247 0.8904937 -0.8147974 -0.3375003 -0.4713798 -0.3745103 0 0.9272227 -0.1478073 -0.3568383 0.9223988 0.3738943 -0.9026606 0.2130888 -0.5030686 -0.8411272 0.1985627 0.323458 -0.7264786 0.6063033 0.2275205 -0.3940247 0.8904937 0 0 1 0.8660447 0.4999667 0 0 0 1 0.8656142 -0.5007008 -0.003276169 0 0 1 0.8660255 -0.4999998 0 0 0 1 8.66071e-4 0.9999995 -3.93039e-4 0 0 1 0.8660255 0.4999998 1.54325e-4 0 0 1 -0.8656142 0.5007008 -0.003276169 0 0 1 0 0 1 0 0 1 0 0.9999952 0.003093421 0 0 1 -0.8660447 -0.4999667 0 0 0 1 -0.8660255 0.4999998 0 0 0 1 -8.66071e-4 -0.9999995 -3.93039e-4 0 0 1 -0.8660255 -0.4999998 1.54325e-4 0 0 1 0 0 1 0 0 1 0 -0.9999952 0.003093421 0 0 1 0.7071076 -0.707106 0 0 0 1 -0.706758 -0.7074533 0.001677215 0 0 1 -0.7077445 -0.7064684 0 0 0 1 0.707107 0.7071058 0.001084327 0 0 1 0.7064811 -0.707731 -0.001063704 0 0 1 -0.7074554 0.706758 0 0 0 1 0.7077444 0.7064687 0 0 0 1 -0.7064804 0.7077307 -0.001656293 0 0 1 0.7074554 -0.706758 0 0 0 1 -0.707107 -0.7071058 0.001084327 0 0 1 -0.7077444 -0.7064687 0 0 0 1 0.706758 0.7074533 0.001677215 0 0 1 0.7064804 -0.7077307 -0.001656293 0 0 1 -0.7071076 0.707106 0 0 0 1 0.7077445 0.7064684 0 0 0 1 -0.7064811 0.707731 -0.001063704 0 0 1 -0.2587575 -0.9659423 0 0.2587569 -0.9659399 -0.002241969 0.2610542 -0.9653242 0 -0.7070186 -0.7071946 6.99558e-4 -0.4854505 -0.8422343 -0.2344763 -0.9659113 -0.2588729 -4.9918e-4 -0.9659066 0.2588716 0.003177821 -0.972494 -0.003863632 -0.2328959 -0.707017 0.707193 0.002278804 -0.7110233 0.703162 -0.002985119 0 0 1 -0.2587569 0.9659399 -0.002241969 0.2587575 0.9659423 0 -0.2610542 0.9653242 0 0.7070186 0.7071946 6.99558e-4 0.4854505 0.8422343 -0.2344763 0.9659113 0.2588729 -4.9918e-4 0.9659066 -0.2588716 0.003177821 0.972494 0.003863632 -0.2328959 0.707017 -0.707193 0.002278804 0.7110233 -0.703162 -0.002985119 -0.7072286 -0.7069851 0 0.7072244 -0.7069808 -0.003457069 0.7086797 -0.7055303 0 -0.7072244 0.7069808 -0.003457069 -0.7057957 -0.7084074 0.003389894 0.7072286 0.7069851 0 -0.7086797 0.7055303 0 0.7057957 0.7084074 0.003389894 -0.7072286 -0.7069851 0 0.7072244 -0.7069808 -0.003457069 0.7086797 -0.7055303 0 -0.7072244 0.7069808 -0.003457069 -0.7057957 -0.7084074 0.003389894 0.7072286 0.7069851 0 -0.7086797 0.7055303 0 0.7057957 0.7084074 0.003389894 0.6546577 0.3779666 0.6546484 0.6551207 -0.3782339 0.6540305 0.6546781 -0.377896 0.6546688 0 0.7609022 0.6488667 0.6496246 0.3758648 0.6608431 -0.6551207 0.3782339 0.6540305 -7.83709e-4 0.7548323 0.6559174 -0.6546577 -0.3779666 0.6546484 -0.6546781 0.377896 0.6546688 0 -0.7609022 0.6488667 -0.6496246 -0.3758648 0.6608431 7.83708e-4 -0.7548324 0.6559173 0 0 1 0 0 1 0 0 1 0 0 1 0 0 1 0 0 1 0 0 1 0 0 1 0 0 1 0 0 1 0.7084939 0.7057169 0 0.7057123 -0.7084974 -0.001326203 0.9238799 -0.3826826 0 0.3705749 -0.8946478 -0.2495585 -0.7057123 0.7084974 -0.001326203 0.8950206 0.3707287 -0.2479889 0.382683 0.9238795 7.10749e-4 -0.7084939 -0.7057169 0 -0.3705749 0.8946478 -0.2495585 -0.9238799 0.3826826 0 -0.8950206 -0.3707287 -0.2479889 -0.382683 -0.9238795 7.10749e-4 -0.6773598 -0.2805709 -0.6800468 -0.3652613 0.1512957 0.9185281 -0.5795291 0.5785934 -0.5739127 -0.1517877 -0.3664483 0.9179739 0.2810848 -0.6785996 -0.6785972 -0.5767324 -0.57766 -0.5776579 0.3652613 -0.1512957 0.9185281 0.6773598 0.2805709 -0.6800468 0.5795291 -0.5785934 -0.5739126 0.9238799 0.3826826 0 0.9238799 -0.3826826 0 -0.3652597 -0.1512951 -0.9185287 0.9238799 -0.3826826 0 -0.6773583 0.2805703 0.6800485 -0.5795282 -0.5785925 0.5739144 0.9238799 0.3826826 0 0.6806185 0.2819207 0.6762242 0.2845754 -0.1178747 0.9513792 0.5750672 -0.5728049 0.5841169 0.3826831 0.9238797 0 0.1183784 0.285791 0.9509522 0.3826831 0.9238797 0 -0.3826831 0.9238797 0 -0.3574064 0.8628562 0.357407 -0.3826831 0.9238797 0 0.7259541 0.6353917 0.2631881 -0.9238799 0.3826826 0 -0.2845754 0.1178747 0.9513792 -0.9238799 0.3826826 0 -0.2974794 0.3653579 0.8820542 -0.9238799 -0.3826826 0 -0.9238799 -0.3826826 0 -0.6806185 -0.2819207 0.6762242 -0.5750672 0.5728049 0.5841169 0.6773583 -0.2805703 0.6800485 0.3652597 0.1512951 -0.9185287 0.5795282 0.5785925 0.5739144 0.1517871 -0.3664469 -0.9179746 -0.2810842 -0.6785981 0.6785988 0.5767315 -0.5776591 0.5776598 -0.2810848 0.6785996 -0.6785972 0.1517877 0.3664483 0.9179739 0.5767324 0.57766 -0.5776579 -0.3826831 -0.9238797 0 0.2810842 0.6785981 0.6785988 -0.3826831 -0.9238797 0 0.3826831 -0.9238797 0 -0.1517871 0.3664469 -0.9179746 -0.5767315 0.577659 0.5776597 -0.1183784 -0.285791 0.9509522 0.3826831 -0.9238797 0 0.3574064 -0.8628562 0.357407 -0.7259542 -0.6353918 0.2631879 0.2974794 -0.3653579 0.8820542 0.3561834 0.3575848 0.8632882 0 0 1 -0.3561835 -0.3575848 0.8632882 0 0 1 -0.05851578 -0.9982579 0.007559895 -0.4343544 -0.8272584 0.3563422 -0.4914494 -0.8506631 0.186681 -0.06375855 -0.9979627 -0.002297222 -0.02598685 -0.9996623 0 -0.09958285 -0.9950126 -0.005769908 -0.4993013 -0.8645454 -0.05709254 -0.5463178 -0.837578 1.21621e-4 0.06375867 -0.9979627 -0.002297222 0.3259344 -0.9145001 -0.2397004 0.499738 -0.8650103 -0.04493546 0.05851536 -0.9982579 0.007559716 0.02598685 -0.9996623 0 0.1304572 -0.9907616 0.03704631 0.4764083 -0.8752295 -0.08371537 0.08048689 -0.9966735 0.01279908 0 0 -1 0 0 -1 -0.6796545 -0.2815226 -0.6773586 -0.6786424 -0.2808716 -0.6786424 -0.6785983 0.2810851 -0.6785983 0.6785983 -0.2810851 -0.6785983 0.6786424 0.2808716 -0.6786424 0.6796545 0.2815226 -0.6773588 0.2829554 -0.6831142 -0.6732691 0.6735758 -0.2799907 -0.6840329 -0.281454 -0.6794896 -0.6775526 0.2796168 -0.6779217 -0.6798799 -0.280982 -0.6773176 -0.6799192 0 0 -1 -0.6735756 0.2799906 -0.684033 0 0 -1 0 0 -1 0 0 -1 0 0 -1 0 0 -1 0.2809819 0.6773175 -0.6799193 -0.2796168 0.6779217 -0.6798799 0.281454 0.6794897 -0.6775526 -0.2829554 0.6831142 -0.673269 0 0 -1 0 0 -1 0 -1 0 0.1720134 0.07125002 0.9825146 0.1522883 -0.05601036 0.9867477 0.7354182 0.3046191 0.6052828 0.5034159 -0.1851545 0.8439729 0.492841 0.2728154 0.8262442 0.1322461 0.06674164 0.9889674 0.4386591 0.005647182 0.8986358 -1 0 0 0.3214213 -0.005950629 0.9469176 -1 0 0 0.3886188 0.01740288 0.9212342 -1 -3.75403e-5 3.23088e-5 0.09770119 0.08655029 0.9914452 0 -1 0 -1 0 -1.10029e-5 0.07270663 0.09849464 0.992478 0 -1 0 0.07622539 0.09615963 0.992443 -0.3827 -0.9238727 0 0 -1 0 0.3684745 0.1860212 0.9108362 -0.923887 -0.3826656 -9.66099e-6 0.05043131 0.121752 0.9912785 -0.3826799 -0.923881 1.28585e-5 1 0 0 -1 0 0 0.1949363 -0.08587598 -0.9770492 -0.9238808 -0.3826805 0 -1 0 0 0.0124315 0.1525151 0.988223 -4.80295e-6 -1 -2.75074e-6 -1 0 0 -0.01146274 0.4116131 0.9112866 0 -1 0 -0.06305301 0.1522234 0.9863328 -0.08655142 0.0976994 0.9914453 1 1.75611e-5 1.10029e-5 0 -1 0 -0.09849518 0.07270604 0.992478 1 0 0 -0.09615981 0.07622534 0.9924429 0.923873 -0.3826993 0 1 0 0 -0.1860203 0.3684681 0.910839 0.382669 -0.9238855 -1.51201e-5 -0.1217522 0.05043125 0.9912785 0.9238786 -0.3826856 8.72372e-6 0 1 0 0 -1 0 0.08587539 0.1949406 -0.9770484 0.3826922 -0.9238759 0 0 -1 0 -0.1544038 0.01864504 0.9878319 1 0 0 0 -1 0 -0.1325391 0.006228625 0.9911582 1 0 0 -0.1708644 0.1353612 0.9759523 -0.1322326 -0.06825375 0.988866 -0.4904742 -0.005476295 0.8714385 1 0 0 -0.1719844 -0.07355785 0.9823495 -0.5011163 0.2075684 0.8401178 -0.7065598 -0.3021932 0.6398848 -0.492841 -0.2728154 0.8262442 -0.3046194 0.7354162 0.6052851 -0.8523035 0.4244541 0.3056427 -0.735417 0.3046212 0.6052832 0.3046193 0.7354158 0.6052857 -0.3046194 0.7354157 0.6052857 0.3046196 0.7354161 0.6052851 -0.09967666 -0.08654117 0.9912493 0 1 0 -0.4359262 -0.01698386 0.8998222 1 0 0 1 0 0 -0.07469338 -0.0966252 0.9925143 0 1 0 -0.0762735 -0.09564715 0.9924888 0.3887159 0.9213577 0 0 1 0 -0.09678834 -0.07621997 0.9923822 0.9263038 0.3767579 -0.003847658 0.3826769 0.9238739 0.003916025 -0.09788 -0.0746845 0.992392 1 0 0 0.9238808 0.3826805 0 -0.08578765 -0.09968364 0.9913141 1 0 0 -0.01242727 -0.1542829 0.9879486 0 1 0 -0.06590521 -0.1762535 0.9821361 1 0 0 0.01243263 -0.151536 0.9883736 0 1 0 0.09914433 -0.09955954 0.9900799 -1 0 0 0.2202941 -0.1885785 0.9570311 0 1 0 0.07483464 -0.0748344 0.994384 -1 0 0 0.07603108 -0.07554757 0.9942394 0.06235051 -0.06235033 0.9961048 -0.9238796 0.3826834 0 -1 0 0 -0.3826871 0.9238781 -4.52261e-6 -0.9238783 0.3826863 -1.87334e-6 0 1 0 -0.382694 0.9238751 0 0.1003404 -0.1329736 0.9860273 0 1 0 0.2854558 -0.01808619 0.9582212 -1 0 0 0.05034267 -0.10254 0.9934541 0 1 0 0.3105861 -0.6326043 0.7094703 0.8640274 -0.3968019 0.3098468 0.8120391 -0.3363593 0.4769225 -0.2593536 -0.6936088 0.6720436 0.3240958 -0.7824358 0.5317482 -0.3144504 -0.7591498 0.5699233 0 0 1 0 0 1 0 0 1 0 0 1 0 0 1 0 0 1 0 0 1 0 0 1 0 0 1 0 0 1 0 0 1 0 0 1 0 0 1 0 0 1 0 0 1 0 0 1 0 0 1 0 0 1 0.8769993 0.3632668 0.3144987 0.9238789 -0.3826851 2.58213e-5 0.923876 0.3826839 0.002481818 0.9240666 0.3822315 -2.57798e-5 0.3826836 -0.9238793 -4.45907e-4 0.9239 -0.3826339 3.08869e-4 -0.3826837 -0.9238795 0 0.3827642 -0.9238461 0 -0.8769993 -0.3632668 0.3144987 -0.923876 -0.3826839 0.002481102 -0.3831512 -0.923682 -0.002595722 -0.9238789 0.3826851 2.58213e-5 -0.9240666 -0.3822316 -2.57798e-5 -0.3826836 0.9238793 -4.44176e-4 -0.9239001 0.3826338 3.0959e-4 0.3826837 0.9238795 0 -0.3827639 0.9238462 0 0.3831509 0.9236821 -0.002593934 0 0 -1 0 0 -1 0 0 -1 0 0 -1 0 0 -1 0 0 -1 0 0 -1 0 0 -1 0 0 -1 0 0 -1 0 0 -1 0 0 -1 0 -1 0 0.1720134 0.07125002 0.9825146 0.1522883 -0.05601036 0.9867477 0.7354178 0.3046191 0.6052833 0.5034159 -0.1851545 0.8439729 0.492841 0.2728154 0.8262442 0.1322461 0.06674164 0.9889674 0.4386591 0.005647182 0.8986358 -1 0 0 0.3214213 -0.005950629 0.9469176 -1 0 0 0.3886188 0.01740288 0.9212342 -1 -3.75403e-5 3.23088e-5 0.09770119 0.08655035 0.9914452 0 -1 0 -1 0 -1.10029e-5 0.07270663 0.09849464 0.992478 0 -1 0 0.07622545 0.09615969 0.9924429 -0.3827 -0.9238727 0 0 -1 0 0.3684745 0.1860212 0.9108362 -0.923887 -0.3826656 -9.66099e-6 0.05043137 0.121752 0.9912785 -0.3826799 -0.923881 1.28585e-5 1 0 0 -1 0 0 0.1949358 -0.08587604 -0.9770493 -0.9238808 -0.3826805 0 -1 0 0 0.0124315 0.1525151 0.988223 -4.80295e-6 -1 -2.75074e-6 -1 0 0 -0.01146274 0.4116131 0.9112866 0 -1 0 -0.06305301 0.1522233 0.9863328 -0.08655142 0.0976994 0.9914453 1 1.75611e-5 1.10029e-5 0 -1 0 -0.09849506 0.07270622 0.992478 1 0 0 -0.09615975 0.07622545 0.9924429 0.9238727 -0.3827 0 1 0 0 -0.1860199 0.368465 0.9108404 0.3826708 -0.9238848 -1.51201e-5 -0.1217522 0.05043125 0.9912785 0.9238783 -0.3826863 8.7237e-6 0 1 0 0 -1 0 0.08587539 0.1949406 -0.9770484 0.382694 -0.9238751 0 0 -1 0 -0.1544038 0.01864504 0.9878319 1 0 0 0 -1 0 -0.1325391 0.006228625 0.9911582 1 0 0 -0.1708644 0.1353612 0.9759523 -0.1322326 -0.06825375 0.988866 -0.4904742 -0.005476295 0.8714385 1 0 0 -0.1719844 -0.07355785 0.9823495 -0.5011163 0.2075685 0.8401177 -0.7065598 -0.3021932 0.6398848 -0.492841 -0.2728154 0.8262442 -0.3046194 0.7354153 0.6052863 -0.8523035 0.4244543 0.3056425 -0.7354167 0.3046211 0.6052837 0.3046195 0.7354157 0.6052856 -0.3046194 0.7354157 0.6052857 0.3046193 0.7354153 0.6052862 -0.09967666 -0.08654117 0.9912493 0 1 0 -0.4359262 -0.01698386 0.8998222 1 0 0 1 0 0 -0.07469338 -0.0966252 0.9925143 0 1 0 -0.07627332 -0.09564727 0.9924888 0.3887141 0.9213584 0 0 1 0 -0.09678846 -0.07621979 0.9923822 0.9263041 0.3767572 -0.003848135 0.3826769 0.9238739 0.003914892 -0.09787988 -0.07468467 0.992392 1 0 0 0.9238808 0.3826805 0 -0.08578783 -0.09968316 0.9913141 1 0 0 -0.01242727 -0.154283 0.9879485 0 1 0 -0.06590527 -0.1762536 0.9821361 1 0 0 0.01243263 -0.1515361 0.9883736 0 1 0 0.0991438 -0.09955906 0.9900801 -1 0 0 0.2202946 -0.1885787 0.957031 0 1 0 0.07483482 -0.07483458 0.994384 -1 0 0 0.07603108 -0.07554763 0.9942393 0.06235051 -0.06235033 0.9961048 -0.9238796 0.3826834 0 -1 0 0 -0.3826871 0.9238781 -3.39195e-6 -0.9238786 0.3826856 -1.405e-6 0 1 0 -0.3826922 0.9238759 0 0.1003404 -0.1329736 0.9860273 0 1 0 0.2854558 -0.01808619 0.9582212 -1 0 0 0.05034267 -0.10254 0.9934541 0 1 0 0.3105861 -0.6326043 0.7094703 0.8640274 -0.3968019 0.3098468 0.8120391 -0.3363593 0.4769225 -0.2593536 -0.6936088 0.6720436 0.3240958 -0.7824358 0.5317482 -0.3144504 -0.7591498 0.5699233 0 0 1 0 0 1 0 0 1 0 0 1 0 0 1 0 0 1 0 0 1 0 0 1 0 0 1 0 0 1 0 0 1 0 0 1 0 0 1 0 0 1 0 0 1 0 0 1 0 0 1 0 0 1 0.8769993 0.3632668 0.3144987 0.9238789 -0.3826851 2.58213e-5 0.923876 0.3826839 0.002481102 0.9240666 0.3822316 -2.57798e-5 0.3826836 -0.9238793 -4.44176e-4 0.9239001 -0.3826338 3.0959e-4 -0.3826837 -0.9238795 0 0.3827639 -0.9238462 0 -0.8769993 -0.3632668 0.3144987 -0.923876 -0.3826839 0.002481818 -0.3831509 -0.9236821 -0.002593934 -0.9238789 0.3826851 2.58213e-5 -0.9240666 -0.3822315 -2.57798e-5 -0.3826836 0.9238793 -4.45907e-4 -0.9239 0.3826339 3.08869e-4 0.3826837 0.9238795 0 -0.3827642 0.9238461 0 0.3831512 0.923682 -0.002595722 0 0 -1 0 0 -1 0 0 -1 0 0 -1 0 0 -1 0 0 -1 0 0 -1 0 0 -1 0 0 -1 0 0 -1 0 0 -1 0 0 -1 0.3751823 0.6497086 0.6611482 -0.3750892 0.649735 0.6611751 0 0 1 -0.3748052 0.6484856 0.6625614 0 0 1 0 0 1 0 0 1 0.3754787 0.6499829 0.6607102 0 0 1 0 0 1 0 0 1 0.7513524 -2.12045e-4 0.6599012 0 0 1 0.7497484 2.85324e-4 0.661723 0 0 1 0 0 1 0.3750892 -0.649735 0.6611751 0 0 1 0.3748052 -0.6484856 0.6625614 -0.3751823 -0.6497086 0.6611482 -0.3754788 -0.6499831 0.6607102 0 0 1 0 0 1 0 0 1 0 0 1 0 0 1 0 0 1 0 0 1 0 0 1 0 0 1 -0.7497484 -2.85324e-4 0.661723 0 0 1 -0.7513523 2.12045e-4 0.6599012 0 0 1 0 0 1 0 0 1 0 0 1 0 0 1 -0.4999403 -0.8660598 0 0.5000724 -0.8659799 0.002562642 0.4999403 -0.8660598 0 -0.9999967 -1.5351e-4 0.002547502 -0.5000724 -0.8659799 -0.002562344 -0.5000724 0.8659799 0.002562642 -0.9999967 1.5351e-4 -0.002547502 0.4999403 0.8660598 0 -0.4999403 0.8660598 0 0.9999967 1.5351e-4 0.002547502 0.5000724 0.8659799 -0.002562344 0.9999967 -1.5351e-4 -0.002547502 0 0 -1 0 0 -1 0 0 -1 0 0 -1 0 0 -1 0 0 -1 0 0 -1 0 0 -1 0 0 -1 0 0 -1 0 0 -1 0 0 -1 0.1889808 0.3274129 0.92579 -0.375406 0.650087 -0.6606491 0.166083 0.6911746 -0.703345 -0.3750864 0.6497355 -0.6611763 0.3733503 7.68761e-5 0.9276904 0.5332134 0.5764794 -0.6191567 0.6304625 0.1777407 -0.755596 0.436305 -0.7555451 -0.4886611 0.629639 -0.1775085 -0.7563369 -0.3750324 -0.6497508 -0.6611918 0.3132052 -0.8479784 -0.4275923 0.1660831 -0.6911749 -0.7033447 0.08280289 -0.698502 -0.7108015 0.1334356 -0.1442629 0.9805015 -0.7513972 -1.54719e-4 -0.6598501 -0.3746482 -0.6485486 -0.6625884 -0.7497111 2.12414e-4 -0.6617653 0 0 -1 -0.3184567 0.6243873 0.7132502 0 0 -1 -0.4851637 0.5244258 0.6997098 0 0 -1 0 0 -1 0 0 -1 0.1157313 0.9761801 -0.1835174 0 0 -1 0 0 -1 0 0 -1 0.2437146 0.6598139 -0.7108085 0 0 -1 0 0 -1 0 0 -1 -0.4866923 -0.5260781 0.697404 -0.4851046 -0.524467 0.6997199 0.006156146 0.006655693 0.9999589 0.003964722 0.007773458 0.9999619 0.001249909 3.52389e-4 -0.9999992 0.008726179 -0.002460062 0.9999589 0.008726119 0.005344927 0.9999477 8.81831e-4 -9.53384e-4 -0.9999992 0.008726 -0.005344867 0.9999477 0 0 -1 -0.4999003 -0.866083 0 0.5001746 -0.865908 0.005362927 0.4999003 -0.866083 0 0 0 -1 -0.9999858 -3.22559e-4 0.005318403 -0.5001746 -0.865908 -0.005362451 -0.5001746 0.865908 0.005362927 0 0 -1 -0.9999858 3.22559e-4 -0.005318403 0.4999003 0.866083 0 -0.4999003 0.866083 0 0 0 -1 0.9999858 3.22559e-4 0.005318403 0.5001746 0.865908 -0.005362451 0 0 -1 0.9999858 -3.22559e-4 -0.005318403 0 0 -1 -0.6870949 0.1936388 0.700289 -0.4866466 0.5261341 0.6973937 -0.6890608 -0.1941928 0.6982009 -0.6890518 0.1942578 0.6981917 -0.6870692 -0.1936988 0.7002976 0 0 1 0 0 1 0 0 1 0 0 1 0 0 1 0 0 1 0 0 1 0 0 1 0 0 1 0 0 1 0 0 1 0 0 1 0 0 1 0 0 1 0 0 1 0 0 1 0.2437146 -0.6598139 0.7108085 -0.02082318 0.02250885 -0.9995297 -0.6440626 0.3945045 -0.6554003 0.1157313 -0.9761801 0.1835174 -0.3750866 -0.6497358 0.6611758 0.166083 -0.691175 0.7033447 -0.7497115 -2.12414e-4 0.6617648 -0.3754062 -0.6500873 0.6606488 -0.3746484 0.6485489 0.662588 -0.7513976 1.54719e-4 0.6598497 0.08280295 0.6985024 0.7108011 -0.3750327 0.6497511 0.6611914 0.3132053 0.8479785 0.4275919 -0.485157 -0.5244312 -0.6997104 0.166083 0.6911749 0.7033447 0 0 1 -0.02950042 -0.008314251 -0.9995302 -0.6890046 0.1941859 -0.6982583 -0.6451969 -0.3951992 -0.6538645 0 0 1 0.1889813 -0.3274137 -0.9257895 0 0 1 0 0 1 0 0 1 0 0 1 0 0 1 0 0 1 0.1334376 0.1442685 -0.9805004 0.4363582 0.7556373 0.4884707 0 0 1 0 0 1 0.5332516 -0.5765344 0.6190726 0.006156086 -0.006655752 -0.9999589 0.003964722 -0.007773458 -0.9999619 0.6304106 -0.1777344 0.7556407 0.008724451 -0.002459704 -0.9999589 0.006157219 -0.006656825 -0.9999588 0.6295872 0.1775023 0.7563815 0.008726179 0.002460181 -0.9999589 0.3733513 -7.68763e-5 -0.92769 0.008726179 -0.002460062 -0.9999588 0.006157159 0.006656944 -0.9999588 0.00872451 0.002459585 -0.9999589 0.006156146 0.006655693 -0.9999588 0 0 1 0 0 1 0 0 1 -0.4999403 -0.8660598 0 0.5000724 -0.8659799 0.002562642 0.4999403 -0.8660598 0 -0.9999967 -1.5351e-4 0.002547502 -0.5000724 -0.8659799 -0.002562344 -0.5000724 0.8659799 0.002562642 -0.9999967 1.5351e-4 -0.002547502 0.4999403 0.8660598 0 -0.4999403 0.8660598 0 0.9999967 1.5351e-4 0.002547502 0.5000724 0.8659799 -0.002562344 0.9999967 -1.5351e-4 -0.002547502 0 0 -1 0 0 -1 0 0 -1 0 0 -1 0 0 -1 0 0 -1 0 0 -1 0 0 -1 0 0 -1 0 0 -1 0 0 -1 0 0 -1 -0.3750892 -0.649735 -0.6611751 0.3754787 -0.6499829 -0.6607102 0.3751823 -0.6497086 -0.6611482 -0.7513524 -2.12045e-4 -0.6599012 -0.3748052 -0.6484856 -0.6625614 -0.3754787 0.6499829 -0.6607102 -0.7497484 2.85324e-4 -0.661723 0.3750892 0.649735 -0.6611751 -0.3751823 0.6497086 -0.6611482 0.7513524 2.12045e-4 -0.6599012 0.3748052 0.6484856 -0.6625614 0.7497484 -2.85324e-4 -0.661723 0 0 -1 0 0 -1 0 0 -1 0 0 -1 0 0 -1 0 0 -1 0 0 -1 0 0 -1 0 0 -1 0 0 -1 0 0 -1 0 0 -1 0 0 -1 0 0 -1 -0.382347 -0.9240188 0 0.3834487 -0.9235615 0.001216113 0.382347 -0.9240188 0 -0.9237589 -0.3829726 0.001212954 -0.3834487 -0.9235615 -0.001216113 -0.9241772 0.381964 -1.00865e-4 -0.9241772 -0.381964 1.00831e-4 -0.3834487 0.9235615 0.001216113 -0.9237589 0.3829726 -0.001212954 0.382347 0.9240188 0 -0.382347 0.9240188 0 0.9237589 0.3829726 0.001212954 0.3834487 0.9235615 -0.001216113 0.9241772 -0.381964 -1.00865e-4 0.9241772 0.381964 1.00831e-4 0.9237589 -0.3829726 -0.001212954 0 0 -1 0 0 -1 0 0 -1 0 0 -1 0 0 -1 0 0 -1 0 0 -1 0 0 -1 0 0 -1 0 0 -1 0 0 -1 0 0 -1 0 0 1 0 0 1 0 0 1 0 0 1 0 0 1 0 0 1 0 0 1 0 0 1 0 0 1 0 0 1 0 0 1 -0.382347 -0.9240188 0 0.3834487 -0.9235615 0.001216113 0.382347 -0.9240188 0 -0.9237589 -0.3829726 0.001212954 -0.3834487 -0.9235615 -0.001216113 -0.9241772 0.381964 -1.00865e-4 -0.9241772 -0.381964 1.00831e-4 0 0 1 -0.3834487 0.9235615 0.001216113 -0.9237589 0.3829726 -0.001212954 0.382347 0.9240188 0 -0.382347 0.9240188 0 0.9237589 0.3829726 0.001212954 0.3834487 0.9235615 -0.001216113 0.9241772 -0.381964 -1.00865e-4 0.9241772 0.381964 1.00831e-4 0.9237589 -0.3829726 -0.001212954 0.264207 0.9644302 -0.008312761 0.1871604 0.6831887 0.70585 0.2642117 0.9644268 -0.008545637 0.4543305 0.8907904 -0.008726835 0.3184566 0.6243871 0.7132505 0.3184559 0.6243858 0.7132519 -0.1406349 0.9900286 -0.008072793 -0.09962338 0.7013195 0.7058514 -0.1406177 0.9900251 -0.008779048 0.1871608 0.6831896 0.705849 -0.5223353 0.8527044 -0.007821679 -0.3700129 0.6040405 0.705851 -0.5223062 0.8527104 -0.009014844 -0.0996235 0.7013221 0.7058486 -0.8180798 0.575055 -0.007570207 -0.5795122 0.407358 0.7058506 -0.8180454 0.5750791 -0.009262144 -0.3700142 0.604043 0.7058481 -0.9791991 0.2027702 -0.007297873 -0.6936435 0.143638 0.7058519 -0.9791703 0.2028174 -0.00952214 -0.5795128 0.4073585 0.7058498 -0.9791774 -0.2028846 -0.007032513 -0.6936283 -0.1437191 0.7058503 -0.9791678 -0.2028169 -0.009781599 -0.693647 0.1436391 0.7058482 -0.8180172 -0.5751541 -0.006750047 -0.579464 -0.4074256 0.7058511 -0.8180391 -0.5750747 -0.01006186 -0.6936289 -0.1437191 0.7058497 -0.5222391 -0.8527746 -0.006462454 -0.3699414 -0.6040847 0.7058505 -0.5222995 -0.8526995 -0.0103392 -0.5794654 -0.4074264 0.7058497 -0.1405212 -0.9900573 -0.006357431 -0.09954172 -0.7013322 0.7058503 -0.1406151 -0.9900072 -0.01063042 -0.3699421 -0.6040858 0.7058493 0.2642611 -0.9644133 -0.008545398 0.1871979 -0.6831733 0.705855 0.2642061 -0.9644065 -0.01073324 -0.09954154 -0.7013314 0.705851 0.4543305 -0.8907904 -0.008726835 0.187198 -0.6831741 0.7058541 0.3184566 -0.6243871 0.7132505 0.4543305 -0.8907905 -0.008722722 0.3184559 -0.6243858 0.7132519 0.187164 -0.6831871 -0.7058505 0.3184565 -0.624387 -0.7132505 0.3184564 -0.6243867 -0.7132508 -0.0996626 -0.7016791 -0.7054885 0.1872997 -0.6835454 -0.7054675 -0.0994873 -0.7009494 -0.7062381 -0.3701581 -0.6043154 -0.7055394 -0.3697502 -0.6037723 -0.706218 -0.5797098 -0.4075312 -0.7055884 -0.5792062 -0.4072442 -0.7061673 -0.6938462 -0.1437177 -0.7056363 -0.6933675 -0.143665 -0.7061175 -0.6938009 0.1437083 -0.7056828 -0.6934313 0.1435944 -0.7060693 -0.5795968 0.4074518 -0.7057269 -0.579372 0.4072595 -0.7060225 -0.3700382 0.6041197 -0.70577 -0.3699474 0.603934 -0.7059764 -0.09961736 0.7013605 -0.7058115 -0.09961175 0.7012395 -0.7059324 0.1871536 0.6831492 -0.7058899 0.1871605 0.6831886 -0.7058501 0.3184565 0.624387 -0.7132505 0.3184562 0.6243865 -0.7132511 0.4543305 0.8907905 -0.008726835 -0.06310868 0.9979745 0.008008539 -0.4543306 0.8907904 0.008726835 -0.4543305 0.8907904 0.008726835 0.6843966 0.7290428 0.009900271 -0.06308579 0.9979894 0.006118237 0.999938 0 0.01113545 0.684468 0.7290266 0.004876077 0.6843804 -0.7290256 0.01206135 0.9999922 -9.02793e-5 0.003953278 -0.06310534 -0.9979219 0.01302564 0.6843439 -0.7291532 0.002990186 -0.06317162 -0.9979705 0.008008778 -0.4543305 -0.8907904 0.008726835 -0.4543305 -0.8907904 0.008726835 -0.6789974 0.7340927 0.008399665 -0.1345058 0.03791993 0.990187 -0.8527213 0.5223131 0.00744313 0.4851036 -0.5244659 -0.6997215 -0.9624487 -0.271334 0.008400022 -0.09489244 -0.1025922 0.9901869 -0.8527213 -0.5223132 0.007442295 0.687615 -0.1938527 -0.699719 0.4851051 -0.5244669 -0.6997196 0.6876119 0.1938518 -0.6997223 0.6876118 -0.1938526 -0.6997222 0.4851047 0.5244672 -0.6997196 0.6876147 0.1938534 -0.6997191 0.485104 0.5244656 -0.6997213 0.6789979 -0.7340922 -0.008399665 0.1120905 -0.03160071 0.9931954 0.9624483 0.271335 -0.008400022 0.8527212 -0.5223131 -0.007442295 0.07907867 0.08549517 0.9931954 0.8527213 0.5223131 -0.007442295 0.6440607 -0.3945033 0.6554029 0.6440602 -0.3945029 0.6554035 0.6440607 0.3945033 0.6554028 0.6440603 0.3945031 0.6554034 0 0 1 -0.2748285 0.9561476 0.1012467 0 0 1 -0.4082249 0 0.9128813 0 0 1 -0.5443847 0.8381531 0.03383046 -0.4338887 0.9009652 -0.001457333 0 0 1 0.2806761 0.9564275 0.08041971 0 0 1 -0.04873263 0.9987462 0.01145082 0 0 1 0.751424 0.6591103 -0.03058671 0 0 1 0 0 1 0.2855681 0.9553015 0.07648396 0 0 1 0.9993909 0 0.03489941 0 0 1 0 0 1 0 0 1 0 0 1 0 0 1 0 0 1 0 0 1 0 0 1 0.7163916 0.6970357 0.03040122 0.9993909 0 0.03489959 0 0 1 0.7513813 -0.6591243 0.03132539 0 0 1 0 0 1 0 0 1 0 0 1 0 0 1 0.7513828 -0.6591224 0.03133028 0.9993909 0 0.03489959 0 0 1 0.2806797 -0.9566914 0.07720369 0 0 1 0.7167475 -0.697037 -0.02030801 0 0 1 -0.2748739 -0.9561749 0.1008659 0 0 1 0.122508 -0.9909802 -0.05431568 -0.3829276 0 0.9237784 0 0 1 0 0 1 0 0 1 -0.4087431 -9.37005e-4 0.912649 -0.5446113 -0.8379752 0.03458583 -0.374642 -0.9264255 0.03713756 0 -1 0 -0.3161185 -0.9486564 0.01095956 -5.65246e-5 -1 -8.26049e-5 0 -1 0 0 -1 0 -0.3161313 -0.9486533 0.01085948 -0.3162275 -0.9486212 0.01086282 -0.5803992 -0.8140845 0.02008086 -0.3162276 -0.9486222 0.01077407 -0.936757 -0.3484467 0.03273034 -0.5806697 -0.8138939 0.01999324 0 0 1 -0.9367033 0.3484408 0.03429341 -0.9367651 -0.3484255 0.03272396 0 0 1 -0.5803875 0.8140928 0.02008038 -0.5807926 0.8138071 0.01994925 -0.9349224 0.3533411 0.03271085 0 0 1 -0.3161303 0.9486536 0.0108596 -0.3162268 0.9486225 0.01077401 0 0 1 -0.316118 0.9486577 0.01085913 0 1 0 0 1 0 0 1 0 -0.3163223 0.9485874 0.01105582 0 0 1 0 0 1 0 0 1 -0.3828989 0.001001 0.9237897 0.37732 -0.6548395 0.6548395 -0.1679222 -0.6220234 0.7647804 -0.2810847 -0.6785984 0.6785984 0.8701233 -0.002751231 0.4928265 0.3418499 -0.8252984 0.4494677 0.6085327 -0.2520626 0.752431 0.5306829 0.5263494 0.6643282 0.6077141 0.2517235 0.7532058 0.1679222 0.6220234 0.7647804 -0.37732 0.6548395 0.6548395 0.2810847 0.6785984 0.6785984 -0.8701233 0.002751231 0.4928265 -0.3418499 0.8252984 0.4494677 -0.6085327 0.2520626 0.752431 -0.5306829 -0.5263494 0.6643282 -0.6077141 -0.2517235 0.7532057 0.37732 -0.6548395 0.6548395 -0.1679222 -0.6220234 0.7647804 -0.2810847 -0.6785984 0.6785984 0.8701233 -0.002751231 0.4928265 0.3418499 -0.8252984 0.4494677 0.6085327 -0.2520626 0.752431 0.5306829 0.5263494 0.6643282 0.6077141 0.2517235 0.7532058 0.1679222 0.6220234 0.7647804 -0.37732 0.6548395 0.6548395 0.2810847 0.6785984 0.6785984 -0.8701233 0.002751231 0.4928265 -0.3418499 0.8252984 0.4494677 -0.6085327 0.2520626 0.752431 -0.5306829 -0.5263494 0.6643282 -0.6077141 -0.2517235 0.7532057 -0.9237786 0 0.3829271 -1 0 0 0 1 0 -0.9340945 -9.54867e-4 0.3570247 -0.560193 0.827623 0.03498613 -1 0 0 -0.5600838 0.8276975 0.03497058 -1 0 0 0 0 1 0 0 1 -0.741403 0.663787 0.09853059 -0.525492 0.8455877 -0.09401953 1.26684e-7 0 1 0 0 1 -6.00699e-7 1.43158e-7 1 0 0 1 0 0 1 -0.9699379 0.2410047 0.03372198 -0.9644341 -0.2393484 -0.1121572 -0.9426833 -0.3320391 0.03313946 -6.00883e-7 -1.43191e-7 1 0 0 1 1.24262e-6 -1.40069e-7 1 -6.37312e-7 5.97661e-7 1 -0.9237895 8.90732e-4 0.3829 -1 0 0 -0.9341734 0 0.3568195 -1 0 0 0 0 1 -0.5601927 -0.8276231 0.03498613 -1 0 0 -0.5600836 -0.8276977 0.03497058 -0.5494565 -0.8348222 0.03419876 -0.7413986 -0.6637831 0.09859019 -0.6618981 -0.7493352 0.01969414 -0.9791188 0.1677324 0.1148573 -0.873712 0.4864376 0.002434134 0.9993909 0 0.03489941 0 0 -1 0 0 -1 0 0 -1 0 0 -1 0 0 -1 0 0 -1 0 0 -1 0 0 -1 0 0 -1 0 0 -1 0 0 -1 0 0 -1 0 0 -1 0 0 -1 0 0 -1 0 0 -1 0 0 -1 0 0 -1 0 0 -1 0 0 -1 0.7163932 0.6970344 0.03039616 0 0 -1 0 0 -1 -0.7099855 0.7035617 -0.03035825 -0.9993908 0 -0.03489959 -0.9993909 0 -0.03489935 -0.9993908 0 -0.03489959 -0.9993909 0 -0.03489935 -0.114258 0.9917885 0.05745136 -0.7099839 0.703563 -0.0303632 -0.7444306 0.666971 0.03119063 -0.2706044 0.9595073 -0.0782237 0.5282669 0.8427339 0.1036036 0.3005202 0.9474464 -0.1096947 0.9412669 0.3298974 0.07200253 0.7275202 0.678271 -0.1032605 0.9932594 -0.1106008 -0.03468537 0.9683269 0.2473856 -0.03381472 0.9341934 -0.3227853 -0.1519614 0.6826733 -0.7305763 0.01468139 0.9668564 -0.2470099 -0.06461405 1.63263e-4 -0.9954193 0.09560608 0.7253187 -0.6762185 0.1290011 0.4509997 -0.8917561 -0.03701847 0.4509453 -0.8917825 -0.03704357 0.2849665 -0.9532264 -0.1007649 -0.681335 -0.7293788 0.0615555 -0.2700911 -0.9578264 -0.09807825 -0.7444142 -0.6669854 -0.03127121 -0.7444157 -0.6669836 -0.03127598 0 0 -1 0 0 -1 0 0 -1 0 0 -1 0 0 -1 0 0 -1 0 0 -1 0 0 -1 0 0 -1 0 0 -1 0.2861793 0.9573505 -0.03976714 0 0 -1 0.2861767 0.9573524 -0.03974151 0 0 -1 1 0 0 0 0 -1 1 0 0 0 0 -1 0 0 -1 1 0 0 0 0 -1 0 0 -1 0 0 -1 0 0 -1 0 0 -1 0 0 -1 0 0 -1 0 0 -1 0 0 -1 0 0 -1 0 0 -1 0 0 -1 0 0 -1 0 0 -1 0 0 -1 0 0 -1 0 0 -1 0 0 -1 1 0 0 1 0 0 1 0 0 0 0 -1 0 0 -1 0 0 -1 0 0 -1 0 0 -1 0 0 -1 0 0 -1 0 0 -1 0 0 -1 0 0 -1 0 0 -1 0 0 -1 0 0 -1 0.3161945 -0.9486302 -0.01103824 0 -1 0 0 -1 0 0 -1 0 0 -1 0 0 -1 0 0 0 -1 0.316207 -0.9486281 -0.01085638 0.3163993 -0.9485639 -0.01086312 0 0 -1 0.5443473 -0.8386517 -0.01869255 0.3164113 -0.948562 -0.01068168 0 0 -1 0.8823039 -0.4696758 -0.03072899 0.8811951 -0.471765 -0.03054207 0.5438436 -0.8389779 -0.01871246 0 0 -1 0.8822881 0.4697059 -0.03072518 0 0 -1 0.544381 0.8386289 -0.01873189 0.8812109 0.4717356 -0.03054356 0 0 -1 0.3162079 0.9486278 -0.01085644 0.3164122 0.9485617 -0.01068174 0.5438135 0.8389984 -0.0186696 0 0 -1 0.3161962 0.9486318 -0.01085603 0 1 0 0 1 0 0.3163995 0.9485617 -0.01104521 0 0 -1 0 0 -1 0 1 0 0 1 0 -0.4992538 -0.8664558 0 0.2564779 -0.9500545 -0.1778078 0.4992538 -0.8664558 0 -0.9999926 -0.003161847 0.002216696 -0.2564779 -0.9500545 0.1778078 -0.7099992 -0.7042016 -0.00112009 -0.7099992 0.7042016 0.00112009 -0.9999926 0.003161847 -0.002216696 -0.2564779 0.9500545 -0.1778078 0.4992538 0.8664558 0 -0.4992538 0.8664558 0 0.9999926 0.003161847 0.002216696 0.2564779 0.9500545 0.1778078 0.7099992 0.7042016 -0.00112009 0.7099992 -0.7042016 0.00112009 0.9999926 -0.003161847 -0.002216696 -0.4992538 -0.8664558 0 0.2564779 -0.9500545 -0.1778078 0.4992538 -0.8664558 0 -0.9999926 -0.003161847 0.002216696 -0.2564779 -0.9500545 0.1778078 -0.7099992 -0.7042016 -0.00112009 -0.7099992 0.7042016 0.00112009 -0.9999926 0.003161847 -0.002216696 -0.2564779 0.9500545 -0.1778078 0.4992538 0.8664558 0 -0.4992538 0.8664558 0 0.9999926 0.003161847 0.002216696 0.2564779 0.9500545 0.1778078 0.7099992 0.7042016 -0.00112009 0.7099992 -0.7042016 0.00112009 0.9999926 -0.003161847 -0.002216696 0 0 -1 0.7070445 0.7071692 0 0.7070445 0.7071692 0 0 -1 0 0 0 -1 -0.6343955 -0.7730087 0 -0.6343955 -0.7730087 0 0 0 -1 0 0 -1 0 0 -1 0 -3.79972e-7 -1 0.7677332 -0.6407696 0 0 1 0 0 1 0 0.287649 -0.9577358 1.20452e-5 0.7677286 -0.6407752 -1.16928e-5 -0.1154943 -0.9933081 0 0.2876419 -0.9577381 0 -0.3400945 -0.9403913 0 -0.1154943 -0.9933081 0 0 0 -1 -1 0 0 -0.3400945 -0.9403913 0 -1 0 0 0 0 -1 0.4176136 0.9086248 0 0 0 -1 0 2.03715e-7 -1 1.84245e-7 0 -1 0 0 -1 0 0 -1 0.1432634 0.9896847 0 0.4176136 0.9086248 0 -0.264917 0.9642713 0 0.1432634 0.9896847 0 0 0 -1 -0.7201473 0.6938213 1.17566e-5 -0.2649077 0.9642737 -1.1743e-5 -0.7201406 0.6938282 0 2.89465e-7 -2.00544e-7 -1 0 0 -1 0 0 -1 -0.2271541 -0.9738588 0 0 0 -1 0.1432638 -0.9896845 0 -0.2271541 -0.9738588 0 0.4176133 -0.9086248 0 0.1432638 -0.9896845 0 -1 0 0 0.4176133 -0.9086248 0 -1 0 0 -0.3400945 0.9403913 0 -0.1154943 0.9933081 0 -0.3400945 0.9403913 0 0.258904 0.965903 0 -0.1154943 0.9933081 0 0.258904 0.965903 0 0 0 -1 0 0 -1 0 0 -1 0 0 -1 0 0 -1 0 0 -1 0 0 -1 0 0 -1 0 0 -1 0 0 -1 0 0 -1 0 0 -1 0 0 -1 0 0 -1 0 0 1 -0.3830007 -0.9237481 0 0 0 1 0.3858416 -0.9225636 0.001636505 0.3826836 -0.9238795 0 0 0 1 -0.9232565 -0.3841843 -1.59578e-4 0 0 1 -0.3826836 -0.9238795 1.64369e-4 0 0 1 -0.9259265 0.3777026 9.36579e-4 0 0 1 0 0 1 -0.923879 -0.3826834 -9.33142e-4 0 0 1 -0.3858416 0.9225636 0.001636505 0 0 1 -0.9238783 0.3826831 -0.001618146 0 0 1 0.3830007 0.9237481 0 -0.3826836 0.9238795 0 0 0 1 0.9232565 0.3841843 -1.59578e-4 0 0 1 0.3826836 0.9238795 1.64369e-4 0 0 1 0.9259265 -0.3777026 9.36579e-4 0 0 1 0 0 1 0.923879 0.3826834 -9.33145e-4 0 0 1 0.9238783 -0.382683 -0.001618146 -0.3829499 0.9237691 0 0.3829487 0.9237693 -7.35083e-4 0.3826953 0.9238746 0 -0.9239807 0.3824388 -5.22383e-4 -0.3826792 0.923881 -7.8501e-4 -0.9238748 0.3826949 2.19323e-4 -0.9239808 -0.3824389 1.75968e-4 -0.9238872 -0.3826646 -4.78561e-4 -0.3829498 -0.9237688 -7.38606e-4 0.3829501 -0.9237691 0 -0.3826952 -0.9238747 0 0.9239805 -0.3824391 -5.22472e-4 0.3826791 -0.923881 -7.85722e-4 0.9238749 -0.3826946 2.17561e-4 0.9239808 0.3824387 1.77393e-4 0.923887 0.3826649 -4.78561e-4 0 0 1 -0.3830007 -0.9237481 0 0 0 1 0.3858416 -0.9225636 0.001636505 0.3826836 -0.9238795 0 0 0 1 -0.9232565 -0.3841843 -1.59578e-4 0 0 1 -0.3826836 -0.9238795 1.64369e-4 0 0 1 -0.9259265 0.3777026 9.36579e-4 0 0 1 0 0 1 -0.923879 -0.3826834 -9.33142e-4 0 0 1 -0.3858416 0.9225636 0.001636505 0 0 1 -0.9238783 0.3826831 -0.001618146 0 0 1 0.3830007 0.9237481 0 -0.3826836 0.9238795 0 0 0 1 0.9232565 0.3841843 -1.59578e-4 0 0 1 0.3826836 0.9238795 1.64369e-4 0 0 1 0.9259265 -0.3777026 9.36579e-4 0 0 1 0 0 1 0.923879 0.3826834 -9.33145e-4 0 0 1 0.9238783 -0.382683 -0.001618146 -0.3829499 0.9237691 0 0.3829487 0.9237693 -7.35083e-4 0.3826953 0.9238746 0 -0.9239807 0.3824388 -5.22383e-4 -0.3826792 0.923881 -7.8501e-4 -0.9238748 0.3826949 2.19323e-4 -0.9239808 -0.3824389 1.75968e-4 -0.9238872 -0.3826646 -4.78561e-4 -0.3829498 -0.9237688 -7.38606e-4 0.3829501 -0.9237691 0 -0.3826952 -0.9238747 0 0.9239805 -0.3824391 -5.22472e-4 0.3826791 -0.923881 -7.85722e-4 0.9238749 -0.3826946 2.17561e-4 0.9239808 0.3824387 1.77393e-4 0.923887 0.3826649 -4.78561e-4 0.3574028 -0.8628579 0.3574066 -0.5675148 -0.7606887 0.3150869 -0.2809857 -0.678335 0.6789027 0.6787471 -0.2811558 0.67842 0.2810544 -0.6786786 0.6785306 0.3529181 -0.3580592 0.8644317 0.6778352 -0.2814634 0.6792038 0.6785107 0.2810325 0.6787075 0.6784649 0.2809398 0.6787918 0.2809858 0.678335 0.6789026 0.5675148 0.7606887 0.3150869 -0.3574029 0.8628579 0.3574066 0 0 1 -0.156738 -0.3779534 0.9124607 0 0 1 0 0 1 0 0 1 0 0 1 0 0 1 0 0 1 0 0 1 0.156738 0.3779534 0.9124607 0 0 1 0 0 1 -0.3529182 0.3580592 0.8644317 0 0 1 -0.2810544 0.6786788 0.6785305 0 0 1 0 0 1 -0.6784649 -0.2809398 0.6787918 0 0 1 -0.6785106 -0.2810322 0.6787078 0 0 1 -0.6778355 0.2814635 0.6792035 0 0 1 -0.6787471 0.2811561 0.67842 0 0 1 0 0 1 1 0 0 0 -1 0 0 -1 0 0 -1 0 1 0 0 1 0 0 0 -1 0 0 0 1 0 1 0 1 0 0 1 0 0 0 1 0 0 1 0 1 0 0 -1 0 0 0 1 0 0 1 0 -1 0 0 -1 0 0 0 1 0 0 0 1 0 -1 0 -1 0 0 -1 0 0 0 -1 0 -1 0 0 0 0 1 0 0 1 0 0 1 0 0 1 0 0 1 0 0 1 0 0 1 0 0 1 0 0 1 0 0 1 0.3574028 -0.8628579 0.3574066 -0.5675148 -0.7606887 0.3150869 -0.2809857 -0.678335 0.6789027 0.6787471 -0.2811558 0.67842 0.2810544 -0.6786786 0.6785306 0.3529181 -0.3580592 0.8644317 0.6778352 -0.2814634 0.6792038 0.6785107 0.2810325 0.6787075 0.6784649 0.2809398 0.6787918 0.2809858 0.678335 0.6789026 0.5675148 0.7606887 0.3150869 -0.3574029 0.8628579 0.3574066 0 0 1 -0.156738 -0.3779534 0.9124607 0 0 1 0 0 1 0 0 1 0 0 1 0 0 1 0 0 1 0 0 1 0.156738 0.3779534 0.9124607 0 0 1 0 0 1 -0.3529182 0.3580592 0.8644317 0 0 1 -0.2810544 0.6786788 0.6785305 0 0 1 0 0 1 -0.6784649 -0.2809398 0.6787918 0 0 1 -0.6785106 -0.2810322 0.6787078 0 0 1 -0.6778355 0.2814635 0.6792035 0 0 1 -0.6787471 0.2811561 0.67842 0 0 1 0 0 1 1 0 0 0 -1 0 0 -1 0 0 -1 0 1 0 0 1 0 0 0 -1 0 0 0 1 0 1 0 1 0 0 1 0 0 0 1 0 0 1 0 1 0 0 -1 0 0 0 1 0 0 1 0 -1 0 0 -1 0 0 0 1 0 0 0 1 0 -1 0 -1 0 0 -1 0 0 0 -1 0 -1 0 0 0 0 1 0 0 1 0 0 1 0 0 1 0 0 1 0 0 1 0 0 1 0 0 1 0 0 1 0 0 1 -0.4052801 -0.7018722 0.5857675 0 0 -1 0 0 -1 0 0 -1 0.4052801 0.7018722 0.5857675 0 0 -1 0 0 -1 0 0 -1 0 0 -1 0 0 -1 0 0 -1 0 0 -1 0 0 -1 0 0 -1 -0.706984 -0.7072295 0 -0.708494 0.7057169 0 0 0 -1 -0.7069811 0.7072266 -0.002849102 -0.7057104 -0.7084963 0.002398788 0 0 1 0.708494 -0.7057169 0 0 0 1 0.7069827 -0.7072252 -0.002846062 0.7069856 0.707228 0 0.7057104 0.7084963 0.002401769 0 0 -1 -0.706984 -0.7072295 0 -0.708494 0.7057169 0 0 0 -1 -0.7069811 0.7072266 -0.002849102 -0.7057104 -0.7084963 0.002398788 0 0 1 0.708494 -0.7057169 0 0 0 1 0.7069827 -0.7072252 -0.002846062 0.7069856 0.707228 0 0.7057104 0.7084963 0.002401769 0 0 -1 -0.7069856 -0.707228 0 -0.708494 0.7057169 0 0 0 -1 -0.7069827 0.7072252 -0.002846062 -0.7057104 -0.7084963 0.002401769 0 0 1 0.708494 -0.7057169 0 0 0 1 0.7069811 -0.7072266 -0.002849102 0.706984 0.7072295 0 0.7057104 0.7084963 0.002398788 0 0 -1 -0.706986 -0.7072275 0 -0.7084944 0.7057165 0 0 0 -1 -0.7069833 0.7072251 -0.002699971 -0.7057109 -0.7084963 0.002278625 0 0 1 0.7084944 -0.7057165 0 0 0 1 0.7069817 -0.7072266 -0.002702713 0.7069842 0.7072293 0 0.7057109 0.7084963 0.002275466 0 0 -1 0 0 1 -0.9221251 -0.3868919 0 0 0 1 0 0 1 -0.8660256 0.4999997 0 0 0 1 -0.9221251 0.3868919 -2.81417e-5 0 0 1 -0.9221255 -0.3868911 -2.81404e-5 0 0 1 -0.9221255 0.3868911 0 0.9192195 0.3937454 -2.58725e-4 0.9557626 0.2941392 0 0.9191882 0.3938185 0 0.9131819 -0.4075522 4.01767e-5 0.9557632 0.2941372 -7.46127e-6 0.9251132 -0.3796916 0 0.9131773 -0.4075627 0 0.9251119 0.3796945 -2.8915e-4 0.9251081 -0.3797038 -3.81767e-4 0.9131763 0.4075648 0 0.9251081 0.3797038 0 0.9557666 -0.2941264 3.96878e-5 0.9131773 0.4075627 -8.13956e-6 0.9192196 -0.3937454 0 0.9557632 -0.2941372 0 0.9191882 -0.3938185 -2.58699e-4 0 0 1 0.7867805 0.5818316 -0.20603 0 0 1 0.7663522 0.6424207 0 0 0 1 -0.07220631 0.9973897 0 0 0 1 0 0 1 0.8660255 0.4999998 0 0 0 1 0.1940769 0.5761618 -0.7939596 0 0 1 -0.05650585 0.8328585 0.5505941 -0.08810395 0.427649 0.899641 0 0 1 0.3946086 0.2999491 0.8685129 0.1879574 0.5495787 -0.8140242 0 0 1 0 0 1 0 0 1 0.8352505 0.5498695 0 -0.2169547 -0.9728738 -0.08029472 0.02970916 -0.8856567 0.4633892 0.08195585 -0.811997 0.5778789 -0.2231488 -0.9747844 0 -0.1185377 -0.9929496 0 0 0 1 -0.8095417 -0.5870624 3.90619e-5 -0.223151 -0.9747839 -7.86825e-6 -0.8287664 -0.5595948 0 -0.8095482 -0.5870534 0 -0.1993525 -0.5903646 -0.7821306 -0.4288904 -0.3313008 0.8404123 0.01001346 -0.156619 0.9876084 0.02049797 -0.1057246 0.9941841 -0.1036263 -0.9946163 0 -0.1337208 -0.9910191 0 -0.7326048 -0.6806543 3.9918e-5 -0.1036286 -0.9946161 -8.07174e-6 -0.8006029 -0.5991954 0 -0.7326125 -0.680646 0 -0.8006504 -0.5991318 -2.58553e-4 0 0 1 0.8660255 -0.4999998 0 0 0 1 0 0 1 -0.01168096 -0.1611909 -0.986854 0.1259424 -0.9920375 0 0 0 1 0.8040304 -0.5945881 0 0.8660255 -0.4999998 0 0 0 1 0.7592149 -0.6364377 -0.1361613 -0.8006028 0.5991954 -2.58568e-4 -0.732614 0.6806443 0 -0.8006504 0.5991318 0 -0.1036399 0.9946149 3.99949e-5 -0.7326125 0.680646 -8.0039e-6 0 0 1 0.1903368 0.9817189 0 -0.1036286 0.9946161 0 0 0 1 0.05429458 0.8492133 0.5252511 0 0 1 -0.1993567 0.5903838 -0.782115 0 0 1 -0.04958373 0.3674704 0.9287126 0 0 1 -0.395667 0.2671618 0.8786764 0 0 1 0 0 1 -0.8095498 0.5870513 0 -0.7913873 0.6113152 0 0 0 1 -0.2231621 0.9747813 4.00625e-5 -0.8095482 0.5870534 -9.3605e-6 0.100421 0.994945 0 -0.223151 0.9747839 0 0.03351163 0.9990119 0.02919071 -0.2169547 0.9728738 -0.08029472 -0.1170306 0.9803259 0.1589493 0.796083 -0.6051874 0 0 -1 0 0.3190944 -0.947723 -1.18078e-6 0.7960831 -0.6051873 3.76503e-6 0 0 -1 0 0 -1 0 0 -1 -0.9243254 0.3816053 0 -0.875488 -0.3603799 -0.3219429 -0.7071068 -0.7071068 0 0 0 -1 0 0 -1 0 0 -1 0 0 -1 0 0 -1 0 0 -1 0 0 -1 0 0 -1 0 0 -1 0 0 -1 0 0 -1 0 0 -1 0 0 -1 0 0 -1 0 0 -1 0 0 -1 0 0 -1 0 0 -1 0 0 -1 0 0 -1 0 0 -1 0 0 -1 0 0 -1 0 0 -1 0 0 -1 0 0 -1 0 0 -1 0 0 -1 0 0 -1 0 0 -1 0 0 -1 0 0 -1 0 0 -1 0 0 -1 0 0 -1 0 0 -1 0 0 -1 0 0 -1 0 0 -1 0 0 -1 0 0 -1 0 0 -1 0 0 -1 0 0 -1 0 0 -1 0 0 -1 0 0 -1 0 0 -1 0 0 -1 0 0 -1 0 0 -1 0 0 -1 0 0 -1 0 0 -1 0 0 -1 0.9238796 -0.3826832 -3.878e-4 0.9238791 0.3826843 2.4305e-4 0.3803749 -0.9183087 -0.1096543 -0.3826826 -0.9238799 0 0.7086789 -0.7055311 0 -0.9238796 -0.3826832 2.43224e-4 -0.7045731 -0.7071821 -0.05890905 -0.9238791 0.3826843 -3.87975e-4 0.3826826 0.9238799 0 0.7045731 0.7071821 -0.05890905 -0.7086789 0.7055311 0 -0.3803749 0.9183087 -0.1096543 0 0 1 0 0 1 0 0 1 0 0 1 0 0 1 0 0 1 0 0 1 0 0 1 0 0 1 -0.9395286 0.3424705 0 -0.9999975 0.002246141 0 -0.9395286 0.3424705 0 -0.5651915 -0.8249598 0 -0.9999975 0.002246141 0 0 0 -1 -0.4318403 -0.9019501 0 -0.5651915 -0.8249598 0 0.5019438 -0.8649002 0 -0.4318403 -0.9019501 0 0.373844 -0.8533843 -0.3632848 0.1731761 -0.9848908 0 0.4980536 -0.8671462 0 0.1731761 -0.9848908 0 0.9970319 -0.07699 0 0.4980536 -0.8671462 0 0.9970319 0.07699 0 0.9970319 -0.07699 0 0.4980536 0.8671462 0 0.9970319 0.07699 0 0 0 -1 0.1731761 0.9848908 0 0.4980536 0.8671462 0 0 1 0 0.1731761 0.9848908 0 0 0 -1 -0.4318403 0.9019501 0 0.4012587 0.9159647 0 -0.5651915 0.8249598 0 -0.4318403 0.9019501 0 -0.9999975 -0.002246141 0 -0.5651915 0.8249598 0 -0.9395286 -0.3424705 0 -0.9999975 -0.002246141 0 -0.8660256 -0.4999997 0 -0.9395286 -0.3424705 0 0 0 -1 0 0 -1 0 0 -1 0 0 -1 0 0 -1 -0.3923506 -0.9198157 0 0 0 -1 0 0 -1 0 0 -1 -0.5239209 -0.851767 0 0 0 -1 -0.5239209 -0.851767 0 0 0 -1 -0.3789744 -0.9254071 -1.99248e-4 0 0 -1 -0.3905963 -0.920562 2.70204e-4 0 0 -1 -0.1145288 -0.9934199 0 0 0 -1 -0.3772084 -0.9261285 0 0 0 -1 0.4066522 -0.9135831 0 0 0 -1 -0.1145288 -0.9934199 0 0 0 -1 0.1860217 -0.9825457 0 0 0 -1 0 0 -1 0.4066522 -0.9135831 0 0 0 -1 -0.7241156 -0.6896786 0 0 0 -1 0.1860217 -0.9825457 0 0 0 -1 -0.8631365 -0.5049709 0 -0.7241156 -0.6896786 0 0 0 -1 -0.4863424 -0.8737683 0 -0.8631365 -0.5049709 0 -0.1798387 -0.9836962 0 -0.4863424 -0.8737683 0 -0.06024861 -0.9981807 0.002318143 -0.180066 -0.9836521 -0.002181828 0.0157411 -0.9998762 0 -0.06215327 -0.9980667 0 0.04720866 -0.998885 0 0.0157411 -0.9998762 0 0 0 -1 0.1270727 -0.9918934 0 0 0 -1 0 0 -1 0 0 -1 0.04720866 -0.998885 0 0 0 -1 0.2534748 -0.9673197 -0.006568908 0 0 -1 0 0 -1 0 0 -1 0 0 -1 0 0 -1 0.130577 -0.9914138 0.006959199 0 0 -1 0.6306789 -0.7760439 0 0 0 -1 0 0 -1 0 0 -1 0 0 -1 0 0 -1 0.2568954 -0.9664393 0 0 0 -1 0.9862992 -0.1649665 -2.64368e-5 0 0 -1 0.6306977 -0.7760286 2.85686e-5 0 0 -1 0.9883964 -0.1518971 0 0.9863029 -0.1649444 0 0 0 -1 0.6603718 -0.7509388 0 0 0 -1 0.9883964 -0.1518971 0 0 0 -1 0.0243178 -0.9997043 0 0.6603718 -0.7509388 0 0 0 -1 -0.6229923 -0.782228 0 0 0 -1 0.0243178 -0.9997043 0 0 0 -1 -0.6930518 -0.7208878 0 0 0 -1 0 0 -1 -0.6229923 -0.782228 0 0 0 -1 -0.2524853 -0.9676008 0 -0.6930518 -0.7208878 0 0 0 -1 0.1061217 -0.9943532 0 -0.2524853 -0.9676008 0 0 0 -1 0.3134178 -0.9496154 0 0 0 -1 0.1061217 -0.9943532 0 0 0 -1 0.4400854 -0.8979559 0 0 0 -1 0 0 -1 0.3134178 -0.9496154 0 0 0 -1 0.4941461 -0.8693711 0.003685057 0 0 -1 0.4397274 -0.8981264 -0.002963364 0 0 -1 0.7761849 -0.6305053 0 0.4910725 -0.8711187 0 0 0 -1 1 -5.36067e-5 -9.95908e-5 0.7762193 -0.630463 1.01516e-4 0 0 -1 0.7762194 0.630463 -1.01516e-4 0 0 -1 1 5.36067e-5 9.95908e-5 0 0 -1 0.4941494 0.869377 0 0 0 -1 0.7761849 0.6305053 0 0 0 -1 0.4400836 0.8979521 -0.002920508 0 0 -1 0 0 -1 0 0 -1 0.4910698 0.871114 0.003303349 0 0 -1 0.3134178 0.9496154 0 0 0 -1 0.4369091 0.8995056 0 0 0 -1 0.1061217 0.9943532 0 0.3134178 0.9496154 0 0 0 -1 -0.2524853 0.9676008 0 0 0 -1 0.1061217 0.9943532 0 0 0 -1 -0.6930518 0.7208878 0 -0.2524853 0.9676008 0 0 0 -1 -0.6929965 0.7209409 0 0 0 -1 -0.6930518 0.7208878 0 0 0 -1 -0.2525562 0.9675823 0 0 0 -1 -0.6929965 0.7209409 0 0 0 -1 0.4274735 0.9040279 0 -0.2525562 0.9675823 0 0 0 -1 0.9699655 0.2432424 4.516e-5 0.4274842 0.9040228 -4.76443e-5 0 0 -1 0.9863029 0.1649444 0 0.9699683 0.2432315 0 0 0 -1 0.6306976 0.7760286 -2.85686e-5 0 0 -1 0 0 -1 0.9862992 0.1649665 2.64368e-5 0 0 -1 0.2534803 0.9673406 0 0 0 -1 0 0 -1 0 0 -1 0 0 -1 0 0 -1 0 0 -1 0 0 -1 0.6306789 0.7760439 0 0.1270692 0.9918667 0.007340371 0 0 -1 0 0 -1 0 0 -1 0.2538812 0.9672127 -0.006614208 0.04720866 0.998885 0 0.1305801 0.9914377 0 0.0157411 0.9998762 0 0.04720866 0.998885 0 -0.06024873 0.9981834 0 0.0157411 0.9998762 0 -0.1798382 0.9836938 -0.002173185 -0.0621531 0.9980641 0.002247095 -0.4863424 0.8737683 0 -0.1817128 0.9833517 0 -0.8631365 0.5049709 0 -0.4863424 0.8737683 0 -0.8311489 0.5560499 0 -0.8631365 0.5049709 0 0 0 -1 -0.3212587 0.9469915 -3.16841e-5 -0.8311545 0.5560415 3.04166e-5 0 0 -1 0.1707757 0.98531 0 0 0 -1 -0.3212686 0.9469881 0 0 0 -1 0.4917308 0.8707473 0 0 0 -1 0.1707757 0.98531 0 0 0 -1 0.4066522 0.9135831 0 0 0 -1 0.4917308 0.8707473 0 0 0 -1 -0.1145288 0.9934199 0 0 0 -1 0 0 -1 0.4066522 0.9135831 0 0 0 -1 -0.3789744 0.9254071 0 0 0 -1 -0.1145288 0.9934199 0 0 0 -1 -0.3923506 0.9198157 3.41287e-4 0 0 -1 -0.3788062 0.925476 -2.06026e-4 0 0 -1 -0.5239209 0.851767 0 0 0 -1 -0.3905963 0.9205622 0 0 0 -1 -0.8559672 0.5170301 0 0 0 -1 -0.5239209 0.851767 0 0 0 -1 -0.9613109 0.2754657 0 0 0 -1 0 0 -1 -0.8559672 0.5170301 0 0 0 -1 -0.974466 0.2245351 0 0 0 -1 -0.9613109 0.2754657 0 0 0 -1 -0.9949967 0.09990853 0 -0.974466 0.2245351 0 -0.9949967 -0.09990853 0 -0.9949967 0.09990853 0 -0.974466 -0.2245351 0 -0.9949967 -0.09990853 0 -0.9613109 -0.2754657 0 -0.974466 -0.2245351 0 0 0 -1 -0.8559672 -0.5170301 0 -0.9613109 -0.2754657 0 0 0 -1 0 0 -1 -0.8559672 -0.5170301 0 0 -1 0 0 0 -1 1 0 0 1 0 0 -1 0 0 0 -1 0 0 1 0 -1 0 0 1 0 0 0 1 0 0 -1 0 1 0 0 0 -1 0 0 0 -1 0 1 0 0 0 -1 0 0 -1 -1 0 0 0 0 -1 -1 0 0 0 0 -1 1 0 0 0 0 -1 0 1 0 0 0 -1 0 -1 0 0 0 -1 0 0 -1 0 0 -1 0 0 -1 0 0 -1 1 0 0 -1 0 0 0 -1 0 0 1 0 -1 0 0 0 1 0 -0.01806831 0.4160682 -0.9091539 -0.1646981 0.3531959 -0.9209382 0.4961895 0.5417822 -0.6784305 -0.03192442 0.7338784 -0.6785303 -0.3968039 0.8375272 -0.3756261 0.3468503 0.161739 -0.9238697 0.3396142 0.1605167 -0.9267668 0.5125701 -0.3452035 -0.7861975 0 0 -1 0.4226174 -0.9063082 -2.79803e-6 -0.9063078 -0.4226183 0 0.4226182 -0.9063079 0 0.422617 -0.9063084 -2.64716e-6 0 0 -1 -0.4226182 0.9063079 0 0 0 -1 0 0 -1 0 0 -1 -0.9063078 -0.4226183 0 0.9063078 0.4226183 0 0 0 -1 0 0 -1 -0.4226182 0.9063079 0 0.4226174 -0.9063082 -3.09479e-6 0.9063078 0.4226183 0 0.4226251 -0.9063046 0 -0.3531975 -0.1646986 -0.9209375 -0.3460158 -0.1635262 -0.9238681 -0.4160698 -0.01806944 -0.9091532 -0.5432961 0.497576 -0.6762007 -0.7309789 -0.02633738 -0.6818917 -0.8375272 -0.3968039 -0.3756261 -0.1605429 0.339602 -0.9267667 0.3544359 0.5144737 -0.7808277 -0.3071134 -0.281286 -0.9091533 -0.1646988 -0.3531973 -0.9209375 -0.7360252 0.03194212 -0.6762 -0.5430334 -0.49004 -0.6818912 -0.3865233 -0.842321 -0.375626 -0.34685 0.1617386 -0.92387 -0.3412622 0.1569809 -0.9267671 -0.05918037 0.6219379 -0.7808271 0.4226174 0.9063082 -3.13718e-6 0.9063078 -0.4226183 0 0.4226182 0.9063079 0 0.4226191 0.9063073 -2.41912e-6 0 0 -1 -0.4226182 -0.9063079 0 0 0 -1 0 0 -1 0 0 -1 0.9063078 -0.4226183 0 0 0 -1 -0.9063078 0.4226183 0 0 0 -1 -0.4226182 -0.9063079 0 0.4226174 0.9063082 -2.80863e-6 -0.9063078 0.4226183 0 0.4226105 0.9063114 0 0.3531974 -0.1646987 -0.9209375 0.3476833 -0.159951 -0.923868 0.281286 -0.3071134 -0.9091533 -0.03184765 -0.7338903 -0.6785209 0.4964336 -0.5416069 -0.678392 0.842321 -0.3865233 -0.375626 -0.1569545 -0.3412735 -0.9267674 -0.6142457 -0.06526792 -0.786411 -0.7086787 -0.7055314 0 0.7057963 -0.7084091 -0.002885997 0.7086794 -0.7055307 0 -0.7057956 0.7084097 -0.002885997 -0.7057956 -0.7084097 0.002885997 0.7086794 0.7055307 0 -0.7086787 0.7055314 0 0.7057963 0.7084091 0.002886056 0 1 0 0 0 -1 0 0 -1 -1 0 0 -1 0 0 1 0 0 0 1 0 0 -1 0 1 0 0 0 -1 0 -0.3897101 0 -0.9209377 -0.3827055 -0.001972675 -0.9238682 -0.3847233 0.1594632 -0.9091532 -0.2821093 0.6805646 -0.6761998 -0.6736199 0.2850587 -0.6818928 -0.926754 -0.005669713 -0.3756259 0 0.3912445 -0.9202868 -0.002204418 0.3756319 -0.9267663 0.5386574 0.31648 -0.7808257 0 0 -1 0.1600747 0.3861994 -0.9084196 0 0 -1 0.6805638 0.2821091 -0.6762006 0 0 -1 0.2850563 0.6736223 -0.6818915 -0.006944835 0.9273704 -0.3740799 0 0 -1 0.382708 0 -0.9238693 0.371588 0.003062546 -0.9283927 0.3116833 -0.5444656 -0.7787239 0 -1 0 0 0 -1 0 -1 0 0 -1 0 0 -1 0 0.4672904 -0.884104 1.35028e-5 0.4672393 -0.884131 0 -0.5944894 -0.8041034 0 0 -1 0 0 0 -1 -0.9433658 0.3317542 0 0 0 -1 -0.5944894 -0.8041034 0 0 0 -1 -0.4322509 0.9017236 0.007332623 0 0 -1 -0.5978984 0.8015667 -0.002894282 -0.6048426 0.7963451 0 -0.9433658 0.3317542 0 -0.1484385 0.9888341 0.01315987 -0.2551687 0.9668901 -0.003530085 -0.3946146 0.9188345 0.004739642 -0.459443 0.887699 0.03004163 -0.3993411 0.9168024 0 -0.4418692 0.896929 0.01643288 0.5001987 0.8659107 0 -0.08593451 0.9963008 0 1 1.3256e-4 1.61175e-4 0.5003135 0.8658443 -1.61499e-4 0.5003135 -0.8658443 1.61499e-4 1 -1.3256e-4 -1.61175e-4 0 0 -1 -0.1484513 -0.9889197 0 0.5001987 -0.8659107 0 0 0 -1 -0.4298488 -0.8967126 -0.1055297 0 0 -1 0 0 -1 -0.9433658 -0.3317542 0 -0.3406332 -0.9395229 -0.03557687 -0.6731123 -0.7394552 0.01121467 -0.677165 -0.7358313 0 -0.5944894 0.8041034 0 -0.9433658 -0.3317542 0 0 1 0 -0.5944894 0.8041034 0 0.4672393 0.884131 0 0 1 0 0.9935027 0.1138089 1.33937e-5 0.4672904 0.884104 -1.35036e-5 0 0 -1 0.9491161 -0.3149265 0 0.9935092 0.1137518 0 0 0 -1 0.9765862 -0.2151263 0 0 0 -1 0 0 -1 0.9491161 -0.3149265 0 0 0 -1 0.8695558 -0.4938346 0 0.9765862 -0.2151263 0 0 0 -1 0.3442662 -0.9388721 0 0.8695558 -0.4938346 0 0 0 -1 -0.2907311 -0.9568048 0 0.3442662 -0.9388721 0 0 0 -1 -0.7729392 -0.6344801 -1.85089e-5 -0.29119 -0.9566652 -6.95945e-5 -0.9814803 -0.1902755 0.02217578 -0.8625825 -0.5023344 -0.06009715 -0.8085262 -0.5884601 7.7256e-5 -0.7720202 -0.635598 1.92387e-4 0 0 -1 -0.981459 0.1902714 0.02312964 0 0 -1 -0.9929451 -0.1184065 0.006327927 -0.9996496 -0.02647018 2.72382e-5 -0.9996576 0.02616882 2.72385e-5 -0.5112701 0.8594198 8.33295e-4 -0.9887032 0.05805677 0.138186 -0.9379124 0.3440331 -0.0442906 -0.8687998 0.4943695 0.02803009 -0.8623167 0.5063692 -1.12597e-4 0.6858049 0.7277854 4.06463e-4 -0.5077131 0.8615261 -3.99738e-4 0.9765862 0.2151263 0 0.6867841 0.7268615 0 0.9491161 0.3149265 0 0.9765862 0.2151263 0 0.9935092 -0.1137518 0 0.9491161 0.3149265 0 0.9935027 -0.1138089 -1.33939e-5 0.7086793 0.7055308 0 -0.705798 0.7084112 -0.001633226 -0.7071068 0.7071068 0 0.705798 -0.7084112 -0.001633226 0.7071054 0.7071054 0.001971364 -0.7086793 -0.7055308 0 0.7071068 -0.7071068 0 -0.7071054 -0.7071054 0.001971364 -0.7086802 -0.70553 0 0.7057992 -0.708412 -3.2206e-4 0.7071076 -0.7071059 0 -0.7057992 0.708412 -3.2206e-4 -0.7071076 -0.7071059 3.88578e-4 0.7086802 0.70553 0 -0.7071076 0.7071059 0 0.7071076 0.7071059 3.88578e-4 -0.7086802 -0.70553 0 0.7057992 -0.708412 -3.21864e-4 0.7071068 -0.7071068 0 -0.7057992 0.708412 -3.21864e-4 -0.7071067 -0.7071067 3.88778e-4 0 0 -1 0.7086802 0.70553 0 -0.7071068 0.7071068 0 0.7071067 0.7071067 3.88778e-4 -0.7086802 -0.70553 0 0.7057992 -0.708412 -3.21864e-4 0.7071068 -0.7071068 0 -0.7057992 0.708412 -3.21864e-4 -0.7071067 -0.7071067 3.88778e-4 0.7086802 0.70553 0 -0.7071068 0.7071068 0 0.7071067 0.7071067 3.88778e-4 -0.7086802 -0.70553 0 0.7057992 -0.708412 -3.2206e-4 0.7071076 -0.7071059 0 -0.7057992 0.708412 -3.2206e-4 -0.7071076 -0.7071059 3.88578e-4 0.7086802 0.70553 0 -0.7071076 0.7071059 0 0.7071076 0.7071059 3.88578e-4 -0.3638048 0.8749732 -0.3194806 0.3850015 0.9229159 0 -0.7071068 0.7071068 0 0.3638048 -0.8749732 -0.3194806 -0.3850015 -0.9229159 0 0.7071068 -0.7071068 0 0 0 1 0 0 1 0 0 1 0 0 1 0 0 1 0 0 1 0 0 1 0 0 1 0 0 1 0 0 1 0 0 1 0 0 1 0 0 1 0 0 1 0 0 1 0 0 1 0 0 1 0 0 1 0 0 1 0 0 -1 -0.3704852 0.9288383 1.62419e-4 0 0 -1 -0.3736738 0.92756 4.5518e-4 -0.366942 0.9302439 0 -0.7061814 0.708031 0 0 0 -1 -0.7062066 0.7080058 4.50846e-6 0 0 1 0 0 1 0 0 1 0 0 1 0 0 1 0 0 -1 0.8634708 0.5043988 0 0 0 -1 0.8671358 0.4980718 0 0.8671358 0.4980718 0 0 0 -1 0.3408613 0.9401136 4.35755e-6 0 0 -1 0 0 -1 0 0 -1 0.8634774 0.5043876 -4.88161e-6 0 0 -1 -0.4824648 0.8759153 0 0 0 -1 0 0 -1 0.3408721 0.9401097 0 0 0 -1 -0.9981768 0.06035888 -9.02242e-6 0 0 -1 -0.4824795 0.8759073 8.96919e-6 -0.999462 -0.03279799 0 -0.9981778 0.06034207 0 0 0 -1 -0.9994631 -0.03276425 -4.27102e-6 0 0 -1 0 0 -1 0 0 -1 0 0 -1 0 0 -1 0 0 -1 0 0 -1 0 0 -1 0 0 -1 0 0 -1 0 0 -1 -0.2398858 0.9676398 0.07828211 -0.2434834 0.9663153 0.08336931 -0.1854596 0.982652 0 -0.1854627 0.9826513 0 -0.06215184 0.9980667 0 -0.1854596 0.982652 0 0.3420366 0.9396867 0 -0.06215184 0.9980667 0 0.3420366 0.9396867 0 -0.7085064 -0.7057043 0 0.7044335 -0.7072123 0.06020092 0.3826845 -0.9238792 0 -0.7044335 0.7072123 0.06020092 -0.3802759 -0.9180644 0.1120185 -0.923879 -0.3826844 3.1668e-4 -0.923879 0.3826844 -3.0878e-4 0.7085064 0.7057043 0 -0.3826845 0.9238792 0 0.923879 -0.3826844 -3.0878e-4 0.923879 0.3826844 3.1668e-4 0.3802759 0.9180644 0.1120185 0 0 1 0 0 1 0 0 1 0 0 1 0 0 1 0 0 1 0 0 1 0 0 1 0 0 1 0 0 1 0 0 1 0 0 1 0 0 1 0 0 1 0 0 1 0 0 1 0 0 1 0 0 1 0 0 1 0 0 1 0 0 1 0 0 1 0 0 1 0 0 1 0 0 1 0 0 1 0.2636937 0.9644894 0.01502954 0 0 1 0 0 1 0.04010635 0.9991954 0 0 0 1 0 0 1 0.3186089 0.9478858 8.72957e-4 0.3253038 0.9456096 0 0 0 1 -0.5225103 0.8526331 0 0.04010635 0.9991954 0 0 0 1 -0.5921373 0.8058371 0 0 0 1 -0.5225103 0.8526331 0 0 0 1 -0.2096737 0.9777714 0 0 0 1 0 0 1 -0.5921373 0.8058371 0 0 0 1 0.3873553 0.9219304 0 0 0 1 -0.2096737 0.9777714 0 0 0 1 0.929489 0.3688496 0 0 0 1 0 0 1 0.3873553 0.9219304 0 0 0 1 0.9624323 0.2715219 0 0.929489 0.3688496 0 0 0 1 0.6487465 0.7610046 0 0.9624323 0.2715219 0 0 0 1 0.430538 0.9025725 0 0 0 1 0 0 1 0 0 1 0 0 1 0 0 1 0.6487465 0.7610046 0 0 0 1 0 0 1 0 0 1 0 0 1 0.4090276 0.9120653 0.02886694 0.4024719 0.9147084 0.0363987 0 0 1 0 0 1 0 0 1 0 0 1 0 0 1 0 0 1 0 0 1 0 0 1 0 0 1 0 0 1 0.4305284 -0.9025524 0.00667721 0 0 1 0 0 1 0 0 1 0 0 1 0 0 1 0 0 1 0.6487465 -0.7610046 0 0 0 1 0.4091978 -0.9124453 8.72579e-4 0.4027385 -0.9153151 0 0 0 1 0.9624323 -0.2715219 0 0.6487465 -0.7610046 0 0 0 1 0.8315031 -0.5555202 0 0 0 1 0.9624323 -0.2715219 0 0 0 1 -0.2338733 -0.9722671 0 0 0 1 0 0 1 0 0 1 0.8315031 -0.5555202 0 0 0 1 -0.5225103 -0.8526331 0 0 0 1 0 0 1 -0.2338733 -0.9722671 0 0 0 1 0.04010635 -0.9991954 0 -0.5225103 -0.8526331 0 0 0 1 0.2637235 -0.9645983 0 0 0 1 0.04010635 -0.9991954 0 0 0 1 0 0 1 0.3156646 -0.9391265 0.1356366 0.321573 -0.9347643 0.1510186 0 0 1 0 0 1 0 0 1 0 0 1 0 0 1 0 0 1 0 0 1 0 0 1 -0.1854604 -0.9826391 0.0049721 0 0 1 -0.1854596 -0.982652 0 0 0 1 -0.2406243 -0.9706184 1.62937e-4 -0.2443341 -0.9696911 0 0 0 1 -0.06215184 -0.9980667 0 0 0 1 -0.1854596 -0.982652 0 0 0 1 0.3420366 -0.9396867 0 -0.06215184 -0.9980667 0 0 0 1 0.8671358 -0.4980718 0 0.3420366 -0.9396867 0 0 0 1 0.7328307 -0.680411 0 0 0 1 0 0 1 0.8671358 -0.4980718 0 0 0 1 -0.3055672 -0.9521705 0 0 0 1 0 0 1 0.7328305 -0.6804113 -2.22147e-7 0 0 1 -0.9922147 -0.1245394 3.00397e-7 0 0 1 0 0 1 0 0 1 -0.3055672 -0.9521705 0 -0.999462 0.03279799 0 -0.9922147 -0.124539 0 0 0 1 -0.7062066 -0.7080058 -4.50846e-6 0 0 1 -0.9994631 0.03276425 4.27095e-6 0 0 1 -0.3736739 -0.9275601 0 0 0 1 -0.7061814 -0.708031 0 0 0 1 -0.370485 -0.928838 8.65238e-4 -0.3669416 -0.9302428 0.001482605 0 0 1 0 0 1 0.6781348 0.2833131 0.6781348 0.6785245 -0.2809283 0.6787369 0.6785985 -0.281084 0.6785985 0 0 1 0.2782228 0.6812494 0.6771199 0 0 1 0.2800728 0.676155 0.6814497 0.6813005 0.2822033 0.675419 0 0 1 -0.2825425 0.6779834 0.6786076 -0.280416 0.6769837 0.6804852 0 0 1 -0.6785245 0.2809283 0.6787369 -0.6781348 -0.2833131 0.6781348 0 0 1 -0.6785985 0.281084 0.6785985 -0.2782228 -0.6812494 0.6771199 -0.2800728 -0.676155 0.6814497 -0.6813005 -0.2822033 0.675419 0.2825425 -0.6779834 0.6786076 0.280416 -0.6769836 0.6804851 0 0 1 0.6781348 0.2833131 0.6781348 0.678524 -0.2809291 0.6787371 0.6785982 -0.2810854 0.6785982 0 0 1 0.2782226 0.68125 0.6771194 0 0 1 0.6812986 0.282204 0.6754208 0.2800731 0.6761541 0.6814503 0 0 1 -0.2825432 0.6779829 0.6786078 -0.2804164 0.676983 0.6804857 0 0 1 -0.678524 0.2809291 0.6787371 -0.6781348 -0.2833131 0.6781348 0 0 1 -0.6785982 0.2810854 0.6785982 -0.2782231 -0.6812486 0.6771206 -0.2800731 -0.6761541 0.6814503 -0.6812986 -0.282204 0.6754208 0.282544 -0.6779824 0.678608 0.2804159 -0.6769818 0.680487 -0.2833131 0.6781348 0.6781348 0.2809278 0.6785234 0.6787383 0.2810854 0.6785982 0.6785982 -0.68125 0.2782226 0.6771194 -0.282204 0.6812986 0.6754208 -0.6761541 0.2800731 0.6814503 0 0 1 -0.6779829 -0.2825432 0.6786078 0 0 1 -0.676983 -0.2804164 0.6804857 0 0 1 -0.2809291 -0.678524 0.6787371 0 0 1 0.2833131 -0.6781348 0.6781348 0 0 1 -0.2810854 -0.6785982 0.6785982 0 0 1 0.68125 -0.2782226 0.6771194 0.6761541 -0.2800731 0.6814503 0.282204 -0.6812986 0.6754208 0.6779827 0.2825426 0.6786082 0 0 1 0.676983 0.2804164 0.6804857 -0.2833131 0.6781348 0.6781348 0.2809293 0.6785245 0.6787366 0.2810848 0.6785984 0.6785984 -0.6812486 0.2782231 0.6771206 -0.2822037 0.6812993 0.6754201 -0.6761562 0.2800724 0.6814487 0 0 1 -0.6779836 -0.2825445 0.6786066 0 0 1 -0.6769821 -0.2804145 0.6804873 0 0 1 -0.2809293 -0.6785245 0.6787366 0 0 1 0.2833131 -0.6781348 0.6781348 0 0 1 -0.2810848 -0.6785984 0.6785984 0 0 1 0.6812486 -0.2782231 0.6771206 0.6761562 -0.2800724 0.6814487 0.2822037 -0.6812993 0.6754201 0.6779836 0.2825445 0.6786066 0.6769821 0.2804145 0.6804873 0.900833 -0.4341658 0 -0.4341671 -0.9008324 0 0.900833 -0.4341658 0 0 0 1 0.4341671 0.9008324 0 0 0 1 0 0 1 0.4341671 0.9008324 0 0 0 1 -0.900833 0.4341658 0 0 0 1 0 0 1 -0.900833 0.4341658 0 0 0 1 -0.4341671 -0.9008324 0 0 0 1 0.900833 0.4341658 0 0 0 1 0.4341671 -0.9008324 0 0 0 1 0 0 1 0.900833 0.4341658 0 -0.4341671 0.9008324 0 0 0 1 -0.4341671 0.9008324 0 0 0 1 -0.900833 -0.4341658 0 0 0 1 -0.900833 -0.4341658 0 0 0 1 0 0 1 0 0 1 0.4341671 -0.9008324 0 0 0 1 -0.579804 0.5761203 0.5761185 0.5736916 0.5759556 0.5823685 0.5773509 0.5773509 0.5773491 0 0 1 -0.5714547 -0.5750956 0.5854097 0 0 1 0 0 1 -0.5820671 0.5820671 0.5677992 0 0 1 0.5788762 -0.5765867 0.5765849 0 0 1 -0.5773509 -0.5773509 0.5773491 0.58028 -0.58028 0.5714459 0 0 1 -0.5788762 0.5765867 0.5765849 0 0 1 0.5736916 0.5759556 0.5823685 0 0 1 0.5773509 0.5773509 0.5773491 -0.5736916 -0.5759556 0.5823685 0 0 1 -0.58028 0.58028 0.5714459 0.5788762 -0.5765867 0.5765849 -0.5773509 -0.5773509 0.5773491 0 0 1 0.58028 -0.58028 0.5714459 0 0 1 -0.5788756 0.576587 0.5765852 0 0 1 0.5736889 0.5759538 0.582373 0 0 1 0.5773518 0.5773504 0.5773486 -0.5736889 -0.5759538 0.582373 -0.580278 0.5802767 0.5714513 0 0 1 0.5788756 -0.576587 0.5765852 -0.5773518 -0.5773504 0.5773486 0 0 1 0 0 1 0 0 1 0.580278 -0.5802767 0.5714513 -0.5788756 0.576587 0.5765852 0.5736889 0.5759538 0.582373 0.5773518 0.5773504 0.5773486 0 0 1 -0.5736889 -0.5759538 0.582373 -0.580278 0.5802767 0.5714513 0 0 1 0.5788756 -0.576587 0.5765852 0 0 1 -0.5773518 -0.5773504 0.5773486 0 0 1 0 0 1 0 0 1 0.580278 -0.5802767 0.5714513 0.9008327 0.4341664 0 0.6659625 0.7459852 0 0.6659625 0.7459852 0 0.9008327 0.4341664 0 -0.4708921 0.8821908 0 -0.504146 0.8636185 0 -0.4708921 0.8821908 0 -0.7197976 0.694184 0 -0.504146 0.8636185 0 -0.9675092 0.2528358 -2.80316e-6 -0.7197991 0.6941826 3.66903e-6 -0.9675127 -0.2528226 -2.17606e-5 -0.9675127 0.2528226 2.17606e-5 -0.719799 -0.6941826 -3.66903e-6 -0.9675092 -0.2528358 2.80315e-6 -0.5041366 -0.863624 0 -0.7197976 -0.694184 0 -0.4708634 -0.8822062 0 -0.5041366 -0.863624 0 0.9015969 -0.4325773 0 0.9015969 -0.4325773 0 -0.4708634 -0.8822062 0 0.7463074 -0.6656014 0 0.2772789 -0.9607895 2.8453e-6 0.7463002 -0.6656096 -2.90763e-6 -0.4833977 -0.8754009 0 0.2772687 -0.9607924 0 -0.9983645 -0.05716902 7.99191e-6 -0.4834126 -0.8753926 -7.94594e-6 -0.9015967 0.4325777 0 -0.9015967 0.4325777 0 -0.9983655 -0.05715185 0 -0.4107328 -0.9117558 0 -0.4073326 -0.9132799 0 -0.4107328 -0.9117558 0 0.6106601 -0.791893 0 -0.4073326 -0.9132799 0 -0.02951538 -0.9995644 0 0.6106601 -0.791893 0 -0.6564078 -0.7544062 -2.76715e-7 -0.02951592 -0.9995644 -3.66638e-7 -0.9858865 -0.1674153 0 -0.6564075 -0.7544065 0 -0.2589069 -0.9659023 0 -0.9858865 -0.1674153 0 -0.1289368 -0.9916528 0 -0.2589069 -0.9659023 0 -0.04720836 -0.998885 0 -0.1289368 -0.9916528 0 -0.01574057 -0.9998761 0 -0.04720836 -0.998885 0 0.06366097 -0.9979716 0 -0.01574057 -0.9998761 0 0.1899113 -0.9818013 0 0.06366097 -0.9979716 0 0.6912479 -0.7226178 0 0.1899113 -0.9818013 0 -0.140223 -0.9901199 0 0.6912479 -0.7226178 0 0.3645407 -0.9311875 0 -0.140223 -0.9901199 0 0.3745222 -0.9272179 0 0.3645407 -0.9311875 0 0 0 1 0.6457126 0.7635807 0 0.3745222 -0.9272179 0 0 0 1 0.9853086 0.1707834 0 0.6457126 0.7635807 0 0.8663612 -0.4994179 0 0.9853086 0.1707834 0 0.3435134 -0.9391478 0 0.8663612 -0.4994179 0 -0.278629 -0.9603989 0 0.3435134 -0.9391478 0 -0.7491151 -0.66244 3.22462e-6 -0.2786387 -0.960396 -2.72425e-6 0.9952637 -0.09721249 0 -0.749123 -0.6624309 0 0.9952637 0.09721249 0 0.9952637 -0.09721249 0 -0.458459 0.8887156 0 0.9952637 0.09721249 0 0.7379012 0.6749088 0 -0.458459 0.8887156 0 0.8440454 -0.5362718 0 0.7379012 0.6749088 0 0.3745222 0.9272179 0 0.8440454 -0.5362718 0 0.3645407 0.9311875 0 0.3745222 0.9272179 0 -0.4298675 0.902892 0 0.3645407 0.9311875 0 -0.1477398 0.9890263 0 -0.4298675 0.902892 0 0.2991493 0.9542063 0 -0.1477398 0.9890263 0 0.7903511 0.6126542 -4.81836e-6 0.2991412 0.9542089 4.79945e-6 0.1899113 0.9818013 0 0.790346 0.6126608 0 0.06366097 0.9979716 0 0.1899113 0.9818013 0 -0.01574057 0.9998761 0 0.06366097 0.9979716 0 -0.04720836 0.998885 0 -0.01574057 0.9998761 0 -0.1289197 0.9916551 0 -0.04720836 0.998885 0 -0.258876 0.9659106 0 -0.1289197 0.9916551 0 -0.965983 0.2586056 0 -0.258876 0.9659106 0 -0.422626 0.9063042 9.06867e-6 -0.9659801 0.2586166 -9.19917e-6 0.247492 0.96889 0 -0.4226158 0.9063089 0 0.6816131 0.7317127 0 0.247492 0.96889 0 -0.4073439 0.9132749 0 0.6816131 0.7317127 0 -0.410763 0.9117422 0 -0.4073439 0.9132749 0 -0.9008321 -0.4341677 0 -0.9008321 -0.4341677 0 -0.410763 0.9117422 0 -0.998403 -0.05649346 0 -0.746064 0.6658742 0 -0.998403 -0.05649346 0 -0.05679118 0.998386 0 -0.746064 0.6658742 0 -0.05679118 0.998386 0 0 0 -1 0 0 -1 0 0 -1 0 0 -1 0 0 -1 0 0 -1 0 0 -1 0 0 -1 0 0 -1 0 0 -1 0 0 -1 0 0 -1 0 0 -1 0 0 -1 0 0 -1 0 0 -1 0 0 -1 0 0 -1 0 0 -1 0 0 -1 0 0 -1 0 0 -1 0 0 -1 0 0 -1 0 0 -1 0 0 -1 -0.7085058 -0.7057049 0 0.7044329 -0.7072129 0.06020104 0.3826837 -0.9238794 0 -0.7044329 0.7072129 0.06020104 -0.3802751 -0.9180646 0.1120186 -0.9238798 -0.3826827 3.16376e-4 -0.9238798 0.3826827 -3.09083e-4 0.7085058 0.7057049 0 -0.3826837 0.9238794 0 0.3802751 0.9180646 0.1120186 0.9238798 0.3826827 3.16376e-4 0.9238798 -0.3826827 -3.09083e-4 0 0 -1 0 0 -1 0 0 -1 0 0 -1 0 0 -1 0 0 -1 0 0 -1 0 0 -1 0 0 -1 0 0 -1 0 0 -1 0 0 -1 0 0 -1 0 0 -1 0 0 -1 0 0 -1 0 0 -1 0 0 -1 0 0 -1 0 0 -1 0 0 -1 0 0 -1 0 0 -1 0 0 -1 -0.7085058 -0.7057049 0 0.7044329 -0.7072129 0.06020104 0.3826837 -0.9238794 0 -0.7044329 0.7072129 0.06020104 -0.3802751 -0.9180646 0.1120186 -0.9238798 -0.3826827 3.16376e-4 -0.9238798 0.3826827 -3.09083e-4 0.7085058 0.7057049 0 -0.3826837 0.9238794 0 0.3802751 0.9180646 0.1120186 0.9238798 0.3826827 3.16376e-4 0.9238798 -0.3826827 -3.09083e-4 0 0 -1 0 0 -1 0 0 -1 0 0 -1 0 0 -1 0 0 -1 0 0 -1 0 0 -1 0 0 -1 0 0 -1 0 0 -1 0 0 -1 0 0 -1 0 0 -1 0 0 -1 0 0 -1 0 0 -1 0 0 -1 0 0 -1 0 0 -1 0 0 -1 0 0 -1 0 0 -1 -0.7085064 -0.7057043 0 0.7044335 -0.7072123 0.06020092 0.3826845 -0.9238792 0 -0.7044335 0.7072123 0.06020092 -0.3802759 -0.9180644 0.1120185 -0.923879 -0.3826844 3.16678e-4 -0.923879 0.3826844 -3.0878e-4 0.7085064 0.7057043 0 -0.3826845 0.9238792 0 0.3802759 0.9180644 0.1120185 0.923879 0.3826844 3.16678e-4 0.923879 -0.3826844 -3.0878e-4 0 0 1 0 0 1 0 0 1 0 0 1 0 0 1 0 0 1 0 0 1 0 0 1 0 0 1 0 0 1 0 0 1 0 0 1 0 0 1 0 0 1 0 0 1 0 0 1 0 0 1 0 0 1 0 0 1 0 0 1 0 0 1 0 0 1 0 0 1 0 0 1 0 0 1 0 0 1 0 0 1 0 0 1 0 0 1 0 0 1 0 0 1 0 0 1 0 0 1 0 0 1 0 0 1 0 0 1 0 0 1 0 0 1 0 0 1 0 0 1 0 0 1 0 0 1 0 0 1 0 0 1 0 0 1 0 0 1 0 0 1 0 0 1 0 0 1 0 0 1 0 0 1 0 0 1 0 0 1 0 0 1 0 0 1 0 0 1 0 0 1 0 0 1 0 0 1 0 0 1 0 0 1 0 0 1 0 0 1 0 0 1 0 0 1 0 0 1 0 0 1 0 0 1 0 0 1 0 0 1 0 0 1 0 0 1 0 0 1 0 0 1 0 0 1 0 0 1 0 0 1 0 0 1 0 0 1 0 0 1 0 0 1 0 0 1 0 0 1 0 0 1 0 0 1 0 0 1 0 0 1 0 0 1 0 0 1 0 0 1 0 0 1 0 0 1 0 0 1 0 0 1 0 0 1 0 0 1 0 0 1 0 0 1 0 0 1 0 0 1 0 0 1 0 0 1 0 0 1 0 0 1 0 0 1 0 0 1 0 0 1 0 1 0 0.5303998 0.847747 0.001019239 0.5305255 0.8476691 0 0.8653039 0.5012475 0 0 1 0 0.7831223 0.6213368 -0.02569204 0.8696281 0.493238 -0.02152186 0.8824303 0.4683615 -0.04420739 0.8259804 0.5635581 0.01259666 0 1 0 0.7678675 0.6406087 0 0 1 0 0 0 1 -0.7710685 -0.6367523 0 0 0 1 0 0 1 -0.8808989 -0.4731811 0.01080834 0 0 1 -0.8064869 -0.5912283 -0.005287528 -0.7372549 -0.6689776 0.09446841 0 0 1 -0.956048 -0.2912589 -0.03377133 0 0 1 -0.8701448 -0.4902994 0.04954302 -0.8914067 -0.4529987 0.01364964 0 0 1 -0.9561188 -0.09452092 -0.2773132 0 0 1 -0.9806377 0.195831 5.28716e-5 0 0 1 -0.9752274 -0.2212046 4.53047e-5 0 0 1 -0.8807789 0.4731119 0.01983708 0 0 1 0 0 1 -0.9738433 0.2208907 -0.05325973 0 0 1 -0.7700999 0.6359508 0.05012685 0 0 1 -0.9054921 0.4193809 0.06483525 -0.8558278 0.517237 0.004971861 -0.8064869 0.5912284 -0.005286693 0 -1 0 0 0 1 0 -1 0 -0.7405668 0.6719827 0 0.7833809 -0.621542 0 0.8650283 -0.5010878 -0.02523863 0.7672913 -0.640128 -0.03873187 0.8259804 -0.5635581 0.01259666 0 -1 0 0.8917677 -0.4524935 0 0.872054 -0.489294 -0.01063764 0.5305255 -0.8476691 0 0 -1 0 0.9999995 1.56479e-4 -0.001077353 0.5303998 -0.847747 -0.001019477 0.9999995 -1.56479e-4 0.001077353 0 0 1 0 0 1 0.4226168 -0.9063085 -3.30058e-6 0.4226185 -0.9063076 0 0.4226183 -0.9063078 -2.4681e-7 0.4226195 -0.9063072 -1.54471e-7 0 0 1 0 0 1 0 0 1 0 0 1 0.4226184 0.9063078 -6.92317e-7 0.422618 0.9063079 0 0.4226187 0.9063076 -7.89792e-7 0.4226095 0.9063119 0 0 0 1 0 0 1 0 0 1 0 0 1 0 0 1 0 -1 0 0 -1 0 0 -1 0 0 -1 0 0.8051711 -0.5930426 0 0.7120016 -0.7021779 -9.40702e-6 0.7120082 -0.7021712 0 1 -2.64693e-5 -1.70122e-4 0.8051869 -0.593021 1.72906e-4 0.8051869 0.593021 -1.7293e-4 1 2.64693e-5 1.70122e-4 0.7103354 0.7038633 0 0.8051711 0.5930426 0 0.2543709 0.9671067 6.99409e-7 0.7103362 0.7038626 -1.09391e-6 0.1110719 0.9938123 1.51199e-6 0.2543712 0.9671066 4.71507e-7 -0.4999924 0.8660298 1.81879e-6 0.1110723 0.9938123 -1.32903e-6 -0.9162018 0.4007171 7.86567e-7 -0.4999921 0.8660299 -5.58529e-7 -0.9647224 0.2632691 0 -0.9162017 0.4007173 0 -0.964725 -0.26326 -9.5666e-6 -0.9647249 0.26326 9.5666e-6 -0.961158 -0.2759985 0 -0.9647224 -0.2632691 0 -0.7969552 -0.6040385 0 -0.961158 -0.2759985 0 -0.5258412 -0.8505827 0 -0.7969552 -0.6040385 0 -0.1837236 -0.9829779 0 -0.5258412 -0.8505827 0 0.1070294 -0.9942559 0 -0.1837236 -0.9829779 0 0.3159968 -0.9487602 0 0.1070294 -0.9942559 0 0 -1 0 0.3159968 -0.9487602 0 0 -1 0 0 -1 0 0.2611868 -0.9652882 0 0 -1 0 0.2611954 -0.9652859 8.98175e-6 0 0 1 0 0 1 0 0 1 0 0 1 0 0 1 0 0 1 0 0 1 0 0 1 0 0 1 0 0 1 0 0 1 0 0 1 0 0 1 0 0 1 0 0 1 0.8964635 0.4430907 0.004879772 0.9762598 0.2101956 -0.05229526 0.9745543 0.224152 -5.14749e-5 0 0 1 0 0 1 0 0 1 0 0 1 0 0.624695 0.7808688 0 0 1 0 0 1 -2.62154e-7 0.6246949 0.7808689 -2.34613e-7 0.6246951 0.7808688 0 0 1 0 0.6246948 0.780869 0 0 1 0 0 1 0 0 1 0.9733781 -0.2238814 -0.04911458 0.9775974 -0.2104836 -5.16892e-5 0 0 1 0 0 1 0.8964635 -0.4430907 0.004879772 0 0 1 0 0 1 0 0 1 0 0 1 0 -0.6246951 0.7808688 -2.62575e-7 -0.624695 0.780869 -2.65779e-7 -0.6246948 0.780869 0 0 1 0 -0.6246951 0.7808688 0 0 1 0 0 1 -0.3854931 0.9227108 0 0 0 1 0.3825327 0.9239288 0.00493437 0 0 1 0.3854931 0.9227108 0 0 0 1 -0.9257529 0.3780804 -0.006076216 -0.3825327 0.9239288 -0.00493443 -0.9230422 0.3846698 0.00469923 -0.9230422 -0.3846698 -0.00469923 -0.9257529 -0.3780804 0.006076216 -0.3825327 -0.9239288 0.00493437 0.3854931 -0.9227108 0 -0.3854931 -0.9227108 0 0.9257529 -0.3780804 -0.006076216 0.3825327 -0.9239288 -0.00493443 0.9230422 -0.3846698 0.00469923 0 0 1 0.9230422 0.3846698 -0.00469923 0 0 1 0.9257529 0.3780804 0.006076216 0 0 1 0 0 1 0 0 1 0 0 1 0 0 1 0 0 1 0 0 1 0 0 1 -0.3854931 0.9227108 0 0.3825327 0.9239288 0.00493437 0.3854931 0.9227108 0 -0.9257529 0.3780804 -0.006076216 -0.3825327 0.9239288 -0.00493443 -0.9230422 0.3846698 0.00469923 -0.9230422 -0.3846698 -0.00469923 -0.9257529 -0.3780804 0.006076216 -0.3825327 -0.9239288 0.00493437 0.3854931 -0.9227108 0 -0.3854931 -0.9227108 0 0.9257529 -0.3780804 -0.006076216 0.9230422 -0.3846698 0.00469923 0.3825327 -0.9239288 -0.00493437 0.9230422 0.3846698 -0.00469923 0.9257529 0.3780804 0.006076216 0 0 1 0 0 1 0 0 1 0 0 1 0 0 1 0 0 1 0 0 1 0 0 1 0 0 1 0 0 1 0 0 1 0 0 1 0.9769685 1.51859e-4 -0.2133836 -0.6036892 -0.5005481 -0.6204925 0.5355721 -0.8239163 -0.1852688 0.7745981 -0.6324539 -2.03236e-4 0.9350202 -0.3545945 1.19384e-4 0.4970018 0.8605636 -0.1114422 0.9689272 -0.02541816 -0.2460367 0.9851117 0.1540952 -0.07622081 0.9659409 0.2587629 0 0.9847422 0.1646582 -0.05630701 0.9861519 0.1542204 -0.06099575 0.8545665 0.5165849 0.05344295 -0.5002434 0.8658849 0 0.3357094 0.9419656 0 -1 -1.55439e-4 -1.43791e-4 -0.5001171 0.8659578 -1.35067e-4 -1 1.55439e-4 1.43791e-4 0 0 -1 0 0 -1 0 0 -1 0 0 -1 0 0 -1 0 0 -1 0 0 -1 0 0 -1 0 0 -1 0 0 -1 0.2379267 -0.9653103 -0.1075494 0 0 -1 0.3750395 -0.9267612 -0.02142471 -0.3295209 -0.1902487 -0.9247818 0.06890392 -0.9794819 -0.1893871 0.4741097 -0.8804658 0 -0.7981386 -0.4635168 -0.3848729 -0.3319153 -0.1889865 -0.9241842 -0.8660253 -0.5000001 0 -0.7999183 -0.4618331 -0.3831983 -0.7998044 -0.4617673 -0.3835151 -0.8660253 -0.5000001 0 -0.3310045 -0.1905034 -0.9241994 -0.7994053 -0.4621403 -0.383898 0 0 -1 0 0 -1 -0.3303648 -0.1907359 -0.9243803 0 0 -1 0 0.3812323 -0.9244793 0 0 -1 -0.001292347 0.9232823 -0.3841198 0.001285552 0.3820403 -0.9241448 0 1 0 0 0.9236664 -0.3831977 0 0.9236515 -0.3832335 0 1 0 9.40746e-4 0.3822629 -0.9240531 -9.12018e-4 0.9233733 -0.3839021 0 0 -1 0 0.3814731 -0.92438 0 0 -1 -0.861263 -0.5057504 -0.04942262 0 0 -1 -0.9996533 -0.02633082 0 -0.7672703 0.6405509 -0.03147941 -0.6770052 0.7356577 0.02171927 0 0 -1 0 0 -1 0 0 -1 0 0 -1 0 0 -1 0 0 -1 0 0 -1 0 0 -1 0 0 -1 0 0 -1 0 0 -1 0 0 -1 0 0 -1 0 0 -1 0 0 -1 0 0 -1 0 0 -1 0 0 -1 0 0 -1 0 0 -1 0 0 1 0 0 1 0 0 1 0 0 1 0 0 1 0 0 1 0 0 1 0 0 1 0 0 1 0 0 1 0 0 1 0 0 1 0.8381413 0.3886551 -0.3827091 0.9063079 0.4226179 0 0.8346523 0.3892043 -0.3897124 0.906308 0.4226179 0 0.4226184 -0.9063078 0 0 0 1 0.9063077 0.4226185 9.9341e-7 0 0 1 0 0 1 -0.9063079 -0.4226179 0 -0.906308 -0.4226179 0 -0.9063078 -0.4226182 -4.9328e-7 -0.9063079 -0.4226181 -1.19209e-6 0 0 1 0 0 1 -0.8373106 -0.3904439 -0.3827068 -0.8407608 -0.3899006 -0.3756314 0.6293157 0.686559 -0.3641408 0.8064457 0.5913081 0 0.6756401 0.7370972 0.01408386 0.9063078 0.4226182 -9.8656e-7 0.8888933 0.4144976 -0.195091 0.7516835 0.551155 -0.3622154 0.8400074 0.3983786 -0.3683505 0.9063084 0.4226168 0 0.9990492 0.04359674 0 0.99825 0.05906003 0.002962589 0.981611 0.0580756 -0.1818436 0.9063084 0.4226168 0 0 0 1 0 0 1 -0.4226174 0.9063082 0 -0.4226182 0.9063079 0 0 0 1 -0.4226183 0.9063078 0 -0.422622 0.9063061 4.7684e-6 -0.4226182 0.9063079 0 0 0 1 0 0 -1 -0.2376037 0.9709679 0.02767455 -0.04075038 0.9332973 -0.3567849 -0.04345989 0.9990552 0 -0.4226182 0.9063078 0 -0.3905624 0.8375639 -0.3820309 0.1521247 0.9883612 1.17582e-5 0.518771 0.8549133 -1.14359e-5 0.4550444 0.7498946 -0.4802007 0.4955935 0.5419288 -0.678749 -0.01567691 0.7313198 -0.6818546 -0.3898744 0.8407729 -0.3756314 -0.3892046 0.8346521 -0.3897124 -0.4226182 0.9063078 0 -0.6815671 0.6341632 -0.3651071 -0.5913081 0.8064457 0 -0.7320406 0.6811261 0.01355481 -0.5511558 0.7516847 -0.3622118 -0.3911985 0.8433743 -0.3683525 -0.9993515 -0.03600692 0 -0.9709262 -0.2375887 0.02922475 -0.9883609 0.1521262 5.7175e-4 -0.8549106 0.5187753 -5.29237e-4 0 0 -1 -0.9332972 -0.0407502 -0.356785 -0.8375633 -0.3905621 -0.3820327 -0.7498937 0.4550491 -0.4801976 -0.7313198 -0.01567679 -0.6818546 -0.5419269 0.495595 -0.6787495 -0.9063072 -0.4226197 0 0 0 1 -0.9063072 -0.4226197 0 0 0 1 -0.7574853 -0.6528522 0 -0.6751493 -0.7375075 0.01600527 -0.8942315 -0.4028597 -0.1950746 0.4226155 -0.906309 9.75116e-7 -0.7036347 -0.6064401 -0.3703086 0 0 1 -0.4226186 0.9063076 0 -0.9063078 -0.4226181 0 0.9063076 0.4226187 0 0.9063076 0.4226187 0 0 0 -1 0 0 -1 0 0 -1 0 0 -1 -0.9063078 -0.4226181 0 0 0 -1 0.4226182 -0.9063078 0 0 0 -1 0 0 -1 0 0 -1 0.4226182 -0.9063078 0 -0.1768078 -0.08244681 -0.9807862 -0.167745 0.3597304 -0.9178538 -0.3474368 -0.1619613 -0.9236105 -0.5089192 -0.223111 -0.831398 0.1614536 -0.3462384 -0.9241492 -0.01172488 -0.4051244 -0.9141864 0.1573756 -0.3330467 -0.9296842 0.3597319 0.1677457 -0.9178531 0.4226217 -0.9063062 -6.6499e-6 0.4747855 -0.1722718 -0.8630766 0.1707094 0.09547597 -0.9806847 -0.163772 0.3465908 -0.923609 -0.7535569 -0.3514155 -0.5555711 -0.2387259 -0.6411613 -0.7293298 -0.2372869 -0.7887514 -0.567068 0.07379859 -0.6739041 -0.7351238 0.1962739 -0.5782101 -0.7919278 -0.3185423 -0.9008815 -0.2948615 -0.2880696 -0.957555 -0.01020795 0.1088265 -0.9937666 0.02418166 0.3209794 -0.9455843 0.05331569 0.3879018 -0.8318582 -0.3969183 0.04410111 -0.999027 0 0.4226182 -0.9063078 0 0.3885645 -0.837898 -0.3833333 0.4226182 -0.9063078 0 0.7372905 -0.675569 -0.003062903 0.7476325 -0.6641127 0 0.5554012 -0.4933559 -0.6694247 0.8639429 -0.1269747 -0.4873193 0.9015 -0.3285408 -0.2817067 0.5032806 0.235302 -0.8314695 0.753773 0.3509612 -0.5555649 -0.8364752 0.392231 -0.3827061 -0.9063079 0.4226179 0 -0.8346529 0.3892046 -0.3897107 -0.906308 0.4226179 0 0.4226184 0.9063078 0 0 0 1 -0.9063079 0.4226181 -2.6491e-7 0 0 1 0.9063079 -0.4226179 0 0.906308 -0.4226179 0 0.9063078 -0.4226182 3.6996e-7 0.9063077 -0.4226185 -1.19209e-6 0 0 1 0 0 1 0 0 1 0.8373094 -0.3904434 -0.3827098 0.8391116 -0.3934369 -0.3756313 -0.9297433 0.04769706 -0.3651061 -0.971341 0.2376903 0 -0.9985948 0.05122923 0.01355493 -0.9063072 0.4226197 0 0 0 1 -0.9063072 0.4226197 0 -0.6752358 0.737602 0 0 0 1 -0.4226183 -0.9063078 0 -0.4226182 -0.9063079 0 -0.4226174 -0.9063082 3.33786e-6 -0.4226185 -0.9063076 0 -0.4226196 -0.9063072 -1.43052e-6 -0.9063078 0.4226182 -1.15099e-6 0 0 1 -0.8888933 0.4144977 -0.1950902 -0.8451228 0.3874104 -0.3683483 -0.9053823 0.2215499 -0.3622134 -0.7572702 0.6527116 0.02257198 -0.7439537 0.6412338 -0.1880214 0 0 1 0.04409337 0.9988517 0.01873761 -0.2880363 0.9575651 -0.01020497 0 0 1 0.4226182 0.9063078 0 0.1088507 0.9939882 0.01178175 0.3214366 0.9469311 0 0 0 1 0.7372939 0.6755722 0 0 0 1 0.4226182 0.9063078 0 0.9990492 -0.04359674 1.39157e-4 0.7377525 0.6750713 -1.29941e-4 0.9063084 -0.4226168 0 0.9990172 -0.04432451 0 0.9063084 -0.4226168 0 -0.237255 0.7887449 -0.5670905 -0.4734499 0.7300252 -0.4928573 0.07379859 0.6739041 -0.7351238 0.1962739 0.5782101 -0.7919278 -0.3277978 0.9017708 -0.2817054 0.3921034 0.8362488 -0.3833314 0.3879014 0.8318575 -0.3969202 0.4226139 0.9063098 -1.35556e-5 -0.503758 0.234288 -0.8314668 -0.1732194 0.4744417 -0.8630761 -0.7533641 0.3518286 -0.5555711 -0.1828691 0.06940042 -0.9806846 0.1614532 0.3462377 -0.9241495 -0.3597311 0.1677453 -0.9178535 0 0 -1 0 0 -1 0 0 -1 0.15397 0.3346357 -0.9296839 -0.5501468 -0.4820912 -0.6818552 -0.866949 -0.1334387 -0.4802015 -0.7337031 0.03130668 -0.6787485 -0.1602333 -0.3482409 -0.923609 -0.1677449 -0.3597303 -0.9178538 0 0 -1 0 0 -1 0 0 -1 -0.8549106 -0.5187753 5.71723e-4 -0.6887535 -0.6311292 -0.3567836 -0.9883609 -0.1521262 -5.29587e-4 -0.5910556 -0.8061013 0.02922445 -0.3905624 -0.8375639 -0.3820309 -0.7424031 -0.6699536 0 -0.4226182 -0.9063078 0 -0.3946045 -0.841786 -0.3683525 -0.3934629 -0.8390995 -0.3756314 -0.3892046 -0.8346521 -0.3897124 -0.4226182 -0.9063078 0 -0.04049712 -0.9304787 -0.3641006 -0.2376947 -0.9713399 0 -0.04348176 -0.9990543 1.97941e-5 0.1520666 -0.9879836 0.02764087 -0.2215542 -0.9053815 -0.3622126 0.6756955 -0.7371808 0 0.8061382 -0.5910826 0.02761155 0.518771 -0.8549133 -1.05554e-5 0 0 -1 0.631127 -0.6887557 -0.3567832 0.837564 -0.3905624 -0.3820309 0.1334375 -0.8669497 -0.4802006 -0.03130662 -0.7337031 -0.6787486 0.4820898 -0.5501488 -0.6818546 0.3473969 -0.162045 -0.9236107 0.8834095 -0.4260676 -0.1950745 0.7535805 -0.3513743 -0.555565 0.1768075 -0.08244663 -0.9807863 0 0 -1 0.4980363 -0.2464398 -0.8314008 0 0 -1 0.4226251 0.9063045 -3.08527e-6 0.9329971 -0.0413953 -0.3574953 0.31788 0.2514278 -0.9141861 0 0 -1 0.644606 0.229257 -0.7293314 0.8948687 0.33506 -0.2948642 0.5421651 0.4961014 -0.6781891 0.4226182 0.9063078 0 -0.9063078 0.4226181 0 -0.9063078 0.4226181 0 0.9063076 -0.4226187 0 0.4226182 0.9063078 0 -0.4226186 -0.9063076 0 0.9063076 -0.4226187 0 0.9238638 -0.003136634 -0.3827086 1 0 0 0.919229 0 -0.3937234 1 0 0 0 -1 0 0 0 1 1 0 0 0 0 1 -1 0 0 -1 0 0 -1 0 0 -1 0 0 0 0 1 0 0 1 0 0 1 -0.9238701 0 -0.3827063 -0.9267672 0.001950442 -0.3756312 0.8613852 0.3491319 -0.3689478 0.9807863 0.1950852 0 0.9266834 0.3755983 0.0135551 1 0 0 0 1 0 0 0 1 0 1 0 0 1 0 0 1 0 0 1 0 1 0 0 1 0 0 0 0 1 0.9807862 0 -0.1950857 0.9296689 0.006051242 -0.3683466 0.9141867 0.1818381 -0.3622123 0.9238699 -0.3827067 0 0.9296818 -0.3683519 0.002963125 0.9141865 -0.3622125 -0.1818385 0 0 1 0 0 1 0.3827053 -0.9238654 -0.003062605 0 0 1 0 -1 0 0.3969187 -0.9178538 0 0 0 1 -0.3827089 -0.923869 0 0 -1 0 0 0 1 -0.9238681 -0.382711 1.39615e-4 -0.3833348 -0.9236095 -1.29655e-4 -1 0 0 -0.9241476 -0.3820356 0 -1 0 0 0.294863 -0.6818552 -0.6694246 0.7293308 -0.4801999 -0.4873239 0.678189 -0.6787497 -0.2817066 -0.001952111 -0.9236085 -0.3833323 0 -0.9178538 -0.3969187 0 -1 0 0.5555752 5.60282e-4 -0.8314661 0.3574966 -0.3567846 -0.8630764 0.8314691 -4.79562e-4 -0.5555707 0.1950636 0.01438575 -0.9806851 0 -0.3820313 -0.9241493 0.3969185 0 -0.9178539 0 0 -1 0 0 -1 0 0 -1 0 0 -1 0.001878976 -0.3683529 -0.9296842 0.2948627 0.6694249 -0.681855 0.7293299 0.4873248 -0.4802004 0.6781898 0.2817056 -0.6787493 -0.00195235 0.3833312 -0.923609 0 0.3969193 -0.9178535 0 0 -1 0 0 -1 0.5555719 0.8314684 5.71856e-4 0.3574966 0.8630763 -0.3567849 0.8314684 0.5555719 -5.29233e-4 0.1950052 0.9803668 0.02922451 0 0.9241493 -0.3820317 0.3897122 0.9209367 0 0 1 0 0.001878738 0.9296833 -0.3683549 0.002195835 0.9273906 -0.3740881 0 0.9209367 -0.3897122 0 1 0 -0.3496986 0.8627908 -0.3651066 -0.1950904 0.9807853 0 -0.3755955 0.9266846 0.01355451 -0.1818428 0.9141849 -0.3622142 0 0 -1 -0.9803655 0.1950113 0.02922451 -0.8630738 0.3575002 -0.3567873 -0.920935 0.3897162 0 -0.9241479 0 -0.3820348 -0.8314684 0.5555719 5.7166e-4 -0.5555719 0.8314684 -5.29768e-4 -0.487325 0.7293301 -0.4801999 -0.2817065 0.6781898 -0.6787488 -0.6694263 0.2948628 -0.6818536 -0.3833332 4.63723e-5 -0.9236101 -0.9807039 0.01280343 -0.1950791 -0.8314692 -2.36796e-5 -0.5555707 -0.5555292 0.01287126 -0.8313974 -0.1950857 0 -0.9807862 0 0 -1 0 0 -1 0 0 -1 0 -1 0 -0.8630735 -0.356788 -0.3575001 -0.4873276 -0.480201 -0.7293276 -0.6694266 -0.6818536 -0.2948623 -0.2817081 -0.6787494 -0.6781886 -0.1818385 -0.3622125 -0.9141864 -1 0 0 0 -1 0 0 -1 0 0 1 0 -1 0 0 1 0 0 1 0 0 0 0 1 0 0 1 0 0 1 0 0 1 0 0 1 0 0 1 0 0 1 0 0 1 0 0 1 0 0 1 0 0 1 0 0 1 0 0 1 0 0 1 0 0 1 0 0 1 0 0 1 0 0 1 0 0 1 0 0 1 0 0 1 0 0 1 0 0 1 0 0 1 0 0 1 0 0 1 0 0 1 0 0 1 0 0 1 0 0 1 0 0 1 0 0 1 0 0 1 0 0 1 0 0 1 0 0 1 0 0 1 0 0 1 0 0 1 0 0 1 0.951322 -0.3081987 0 0.409563 -0.1742883 -0.8954785 0.171778 -0.1015519 -0.9798875 0.1897341 -0.1069498 -0.9759932 0.9578298 -0.287336 0 0.8472145 -0.3553694 -0.3948925 0.982803 -0.1846572 0 0.9513268 0.308184 -1.25179e-5 0.9513268 -0.308184 1.25136e-5 0.9646828 0.2634142 0 0.951322 0.3081987 0 0.7481479 0.556128 -0.3619342 0.9437482 0.1773193 -0.2791005 0.9017829 0.4205172 0.0997641 0.4078525 0.6515258 -0.6396644 0.3424029 0.1930234 -0.919512 0.378616 0.2238634 -0.898073 0.7745553 0.6325062 -8.92541e-6 0.7858769 0.6160013 -0.05421984 0.6041306 0.7956251 0.04479795 0.183748 0.9729939 -0.1397122 0.4320156 0.7307671 -0.528528 0.4439303 0.7875537 -0.4274166 0.4241531 0.9055905 0 0.3722283 0.9255158 0.06976163 -0.1107476 0.9938485 0 0.2034534 0.9597616 -0.1935573 0.01546353 0.9998672 -0.005153775 0.005157113 0.9999868 0 -0.326591 0.9451066 -0.01057189 -0.1260901 0.9919682 0.01001948 -0.1209936 0.9926533 0 -0.0107764 0.6968007 -0.7171839 -0.003410756 0.6613655 -0.7500562 0.07735407 0.9970037 0 -0.331484 0.9434609 0 0.02581077 0.9996669 0 0.07735407 0.9970037 0 -0.2837529 0.9588974 0 0.02581077 0.9996669 0 -0.7596172 0.6503705 -9.07794e-6 -0.283764 0.9588942 8.62565e-6 -0.3239796 0.2436405 -0.9141535 -0.7277563 0.6858358 0 -0.759625 0.6503612 0 -0.3729972 1.06514e-5 -0.9278324 -0.5848156 0.3457826 -0.7337746 -0.6540313 0.3686982 -0.6605337 -0.9160805 0.4009943 0 -0.9264825 0.3726171 0.05278867 -0.9835151 0.165241 -0.07344013 -0.3554386 -0.2672821 -0.8956694 -0.9862161 -0.1401971 -0.08787786 -0.9853334 -0.1706404 0 -0.9170945 -0.3931869 0.06589168 -0.352387 0.003633499 -0.9358473 -0.3931151 -0.004053413 -0.9194803 -0.7425348 -0.6698075 0 -0.6513192 -0.758804 0 -0.1738352 -0.09798783 -0.9798877 -0.1874879 -0.1108393 -0.9759933 -0.7277551 -0.6858372 0 -0.7313661 -0.5560246 -0.3948927 -0.2087417 -0.9779708 0 -0.7425346 -0.6698077 2.81184e-7 -0.04906433 -0.4026053 -0.9140579 -0.2300748 -0.973173 0 -0.2087419 -0.9779708 0 0.1863344 -0.322744 -0.9279633 -0.007012367 -0.6800827 -0.7331019 0.00774753 -0.7513778 -0.6598267 0.1106945 -0.9938545 0 0.1405447 -0.9886613 0.05287736 0.348594 -0.9343785 -0.07361435 0.1728744 -0.3066875 -0.9359793 0.199864 -0.3380759 -0.9196516 0.6405173 -0.7679437 0 0.6145044 -0.7839672 -0.08820295 0.7990882 -0.5975701 0.06609296 0 0 1 0 0 1 -0.2920056 -0.8310985 -0.4732949 -0.1260964 -0.9920181 0 1 0 0 0 0 1 0 0 1 0 0 1 0 0 1 -1 0 0 -1 0 0 0 0 1 0.3731374 -0.927776 0 0 0 1 0 0 1 0 0 1 0.8660254 0.5 0 0.8660254 0.5 0 0 0 1 0 0 1 -0.8660254 -0.5 0 -0.8660254 -0.5 0 0 0 1 0 0 1 0 0 1 0 0 1 0.7870346 -0.6169087 0 0 0 1 0 0 1 0.5 0.8660254 0 0.5 0.8660254 0 0 0 1 0 0 1 0 0 1 0 0 1 -0.5 -0.8660254 0 -0.5 -0.8660254 0 0 0 1 0 0 1 0 0 1 0 0 1 0 0 1 0 0 1 0 0 1 0 0 1 0 0 1 0 0 1 0 0 1 0 0 1 1 0 0 0 0 1 0 0 1 0 0 1 0 0 1 0 0 1 0 0 1 0 1 0 -0.927776 -0.3731374 0 0 0 1 0 0 1 0 0 1 0.5 -0.8660254 0 0.5 -0.8660254 0 0 0 1 0 0 1 -0.5 0.8660254 0 -0.5 0.8660254 0 0 0 1 0 0 1 0 0 1 -0.5737478 0.6684312 -0.4733003 0 0 1 0 0 1 0 0 1 0 0 1 -0.7960645 0.6052119 -8.95936e-6 0 0 1 0 0 1 -0.4999999 -0.8660255 3.14835e-7 -0.5 -0.8660254 0 0 0 1 0 0 1 0 0 1 0 0 1 0.5 0.8660254 0 0.5 0.8660254 0 0 0 1 -0.9900463 0.1407416 0 0 0 1 0 0 1 0 -1 0 0 -1 0 0 0 1 0 0 1 0 0 1 0 0 1 0 0 1 0 1 0 0.9897354 0.1429121 0 0.9999226 0.01243871 -2.81396e-5 0.990665 0.1350002 -0.0189172 0.9949682 0.09977686 0.00909388 0.9971289 -0.01240396 0.07469868 0.9940022 -0.1093604 0 0.9953921 -0.09588325 9.75236e-4 0.9895759 -0.1428891 -0.01795351 0.928592 -0.3711023 0 0.9241011 -0.3812405 -0.0263223 0.9574694 -0.2882116 0.01365745 0.8721038 -0.4891476 0.01302284 0.8824981 -0.4698043 0.02193117 0.8597251 -0.5107246 0.005748033 0.8428965 -0.5380758 0 0.7970868 -0.6037844 -0.009850084 0 0 1 1 0 0 0 0 1 0.1243551 -0.9922378 0 1 0 0 0 0 1 0.3184669 -0.9478987 -0.00817573 0.1204177 -0.9926916 -0.007933855 0.2902094 -0.9569339 0.007486879 0 0 1 -0.9544646 -0.2983242 0 0.3964241 -0.9180675 0 0 0 1 -0.410245 -0.9119754 0 0 0 1 0 0 1 0 0 1 -0.9544646 -0.2983242 0 0 0 1 0.6322465 -0.7747673 0 0 0 1 -0.410245 -0.9119754 0 0.8858217 0.4640257 0 0.6322465 -0.7747673 0 0.661693 -0.7497749 0 0.8858217 0.4640257 0 0.6558505 -0.7548206 -0.01030188 0.7734113 -0.633835 0.009393036 0 0 1 0 0 1 0 0 1 0 0 1 0.01865965 -0.9998257 7.0706e-4 0.09794843 -0.995144 0.009723722 0 0 1 0 0 1 0 0 1 0.9221611 0.3868062 0 0 0 1 0 0 1 0 0 1 -0.5 0.8660254 0 -0.5 0.8660254 0 0 0 1 0 0 1 0.5 -0.8660254 3.14834e-7 0.4999999 -0.8660255 0 0 0 1 0 0 1 0 0 1 0 0 1 0.6169087 0.7870346 0 0 0 1 0 0 1 -0.8660254 0.5 0 -0.8660254 0.5 0 0 0 1 0 0 1 0 0 1 0 0 1 0.8660254 -0.5 0 0.8660254 -0.5 0 0 0 1 0.1407416 0.9900463 0 0 0 1 0 0 1 -1 0 0 -1 0 0 0 0 1 0 0 1 0 0 1 0 0 1 0 0 1 0 0 1 -0.9214806 0.3884243 0 -0.9800521 0.1981315 -0.01554638 -0.9177785 0.3966798 -0.01810753 -0.9574498 0.2882058 0.01507705 -0.09425956 0.9955477 0 -0.9892106 0.1465007 0 -1 2.89051e-4 0 -0.09425938 0.9955477 -2.00877e-7 -0.09454756 -0.9955203 1.58234e-7 -1 2.89051e-4 0 -0.9801706 -0.1981555 0 -0.09454768 -0.9955203 0 -0.9213689 -0.3883772 -0.01556974 -0.956498 -0.2913532 0.01499629 -0.9828858 -0.1830784 -0.02044057 -0.9021345 -0.431455 0 -0.8721038 0.4891476 0.01302284 -0.8824981 0.4698043 0.02193117 -0.8597251 0.5107246 0.005748033 -0.8428965 0.5380758 0 -0.7733637 0.633796 -0.01453441 -0.7856799 0.6186333 -4.85838e-5 -0.09794843 0.995144 0.009723722 0 0 1 -0.01865965 0.9998257 7.0706e-4 -0.0062173 0.9999807 0 0.09849935 0.9951371 0 0 0 1 0 0 1 0 0 1 0 0 1 0 0 1 -0.2901911 0.9568736 0.01349085 0 0 1 -0.1348379 0.9906796 -0.01930379 0 0 1 0 0 1 0 0 1 -0.4709598 0.8820404 0.01420068 0 0 1 -0.5101797 0.8588078 0.04653805 -0.4889426 0.8717383 0.03174042 -0.4309171 0.9023916 0 -0.3710148 0.9283731 -0.02171516 0 0 1 0 0 1 -0.6345058 0.7729182 1.02129e-4 0 0 1 -0.6129626 0.7899326 -0.01683324 0 0 1 0 0 1 0 0 1 0 0 1 0 0 1 0 0 1 0 0 1 0 0 1 0 0 1 0 0 1 -0.9953919 0.09588325 0.001259267 0 0 1 -0.9972959 0.04973983 0.05410057 0 0 1 0 0 1 -0.9946079 -0.09974074 0.02840697 0 0 1 -0.9987584 -0.04981279 -4.87535e-4 0 0 1 0 0 1 0 0 1 0 0 1 -0.8815998 -0.4717779 0.01439827 0 0 1 -0.858833 -0.5101947 0.04590624 -0.8717531 -0.4889509 0.03120243 0 0 1 -0.7729269 -0.6344951 2.4005e-6 0 0 1 -0.7899467 -0.6129428 -0.01689124 0 0 1 -0.634824 -0.7726567 6.37228e-5 0 0 1 0 0 1 0 0 1 0 0 1 -0.4719533 -0.8813574 0.02165925 0 0 1 -0.489144 -0.8720974 0.01356929 -0.5107237 -0.8597235 0.006079852 -0.5383198 -0.8427407 0 -0.6185835 -0.7856166 -0.01269406 0 0 1 -0.291427 -0.9564995 0.01338267 0 0 1 -0.381212 -0.924115 -0.02624732 0 0 1 0 0 1 0 0 1 -0.09849935 -0.9951371 0 0 0 1 -0.006196022 -0.9965503 0.08275967 -0.01861071 -0.9972015 0.07240837 -0.1108748 -0.9938344 0 -0.1428903 -0.9895845 -0.01745861 0 0 1 0.0062173 -0.9999807 0 0 0 1 0 0 1 -0.3711023 -0.928592 0 -0.7856798 -0.6186333 0 0 0 1 0 0 1 0 0 1 0 0 1 0 0 1 0 0 1 -0.6186333 0.7856798 0 -0.1429121 0.9897354 0 0.006196022 0.9965503 0.08275967 0.01861071 0.9972015 0.07240837 0.1108748 0.9938344 0 0.1243517 0.9922111 -0.007339298 0.3184775 0.9479304 0 0.3277446 0.9446755 -0.01310706 0.2914454 0.9565601 0.007227241 -0.8150945 0.5793281 0 -0.8150945 0.5793281 0 0.4560053 0.8893982 0.03209125 0 0 1 0.4720134 0.8814698 0.01463764 0 0 1 0.5425066 0.8400247 -0.006712853 0 0 1 0 0 1 0.6476879 0.7619059 0 0.9094558 -0.4158007 0 0.6347422 0.7725571 0.01605743 0.9094558 -0.4158007 0 0 0 1 0 0 1 0.6616636 0.7497416 -0.00942862 0 0 1 0.7971255 0.6038137 0 0.8011043 0.5983726 -0.01349174 0.7728932 0.6344675 0.009334683 0.858833 0.5101947 0.04590624 0.8815998 0.4717779 0.01439821 0.8717531 0.4889509 0.03120243 0.9021344 0.4314551 0 0.9283726 0.3710145 -0.02173852 0.9565224 0.2913606 0.01319062 0.5425063 -0.8400242 -0.006798028 0.6344192 -0.7728126 0.01652371 0 0 1 0.4562063 -0.8897904 0.01219677 0.4708592 -0.8818519 0.02507352 0 0 1 0 0 1 0 0 1 0 0 1 0 0 1 0 0 1 0 0 1 0 0 1 0 0 1 0 0 1 0 0 1 0 0 1 0 0 1 0 0 1 0 0 1 0 0 1 0 0 1 0 0 1 0 0 1 0 0 1 0 0 1 0 0 1 0 0 1 0 0 1 0 0 1 0 0 1 0 0 1 0 0 1 0 0 1 0 0 1 0 0 1 0 0 1 0 0 1 0 0 1 0 0 1 0 0 1 0 0 1 0 0 1 0 0 1 0 0 1 0 0 1 0 0 1 0 0 1 0 0 1 0.4995965 0.8662583 0 0.4995965 0.8662583 0 0 0 1 0 0 1 0 0 1 -0.7086789 0.7055311 0 0.7057987 0.7084122 5.28938e-4 0.7071068 0.7071068 0 -0.7057987 -0.7084122 5.28616e-4 -0.7071067 0.7071067 -6.38223e-4 0.7086789 -0.7055311 0 -0.707106 -0.7071076 0 0.7071058 -0.7071074 -6.38543e-4 0 0 -1 0 0 1 0.0200529 -0.3826314 0.9236834 -0.9945219 -0.1045284 -5.08729e-7 0.02005314 -0.3826325 0.923683 0 0 1 0 0 1 1 0 0 0 0 1 1 0 0 -0.008862078 0.338298 0.9409973 -0.02005261 0.3826314 0.9236834 -0.0300318 0.3816417 0.9238223 -0.9945219 -0.1045283 7.86952e-7 0 0 1 -0.1796075 -0.6705937 0.7197536 -0.9781476 0.2079116 1.22095e-6 -0.1188189 -0.3656873 0.9231224 0 0 1 -0.1373493 -0.3576922 0.9236837 0 0 1 0.9135453 -0.4067371 3.66285e-6 0.9135456 -0.4067364 -5.35128e-6 0 0 1 0.1188191 0.3656874 0.9231223 0 0 1 0 0 1 0.1188191 0.3656877 0.9231221 -0.9781476 0.2079117 2.20347e-6 0 0 1 -0.4368331 -0.539563 0.7197559 -0.809017 0.5877851 8.13966e-7 -0.2572843 -0.2857431 0.9231228 0 0 1 -0.2709608 -0.2709024 0.923684 0 0 1 0.6691307 -0.7431448 2.03492e-6 0.6691306 -0.7431448 2.28216e-6 0 0 1 0.2572851 0.2857441 0.9231223 0 0 1 0 0 1 0 0 1 0.2572844 0.2857431 0.9231227 -0.8090171 0.5877852 7.86953e-7 0 0 1 -0.6185265 -0.315239 0.7197564 -0.4999998 0.8660256 -4.06983e-7 0 0 1 -0.3512632 -0.1563924 0.9231227 0 0 1 -0.3577204 -0.1372717 0.9236842 0 0 1 0 0 1 0.309017 -0.9510565 -1.62793e-6 0 0 1 0 0 1 0.309017 -0.9510565 -2.43955e-6 0 0 1 0.3512625 0.156392 0.9231231 0 0 1 0.3512646 0.1563932 0.9231221 -0.5 0.8660255 -3.61999e-6 0 0 1 -0.6932778 -0.03640842 0.7197503 -0.1045284 0.9945219 -5.08729e-7 -0.3845065 0 0.9231222 -0.3826285 0.02009421 0.9236838 -0.1045284 -0.9945219 5.08729e-7 0 0 1 -0.1045283 -0.994522 -7.86952e-7 0 0 1 0.3845066 0 0.9231223 0.3845066 0 0.9231223 -0.1045283 0.9945219 7.86952e-7 -0.648144 0.2487187 0.7197557 0.309017 0.9510565 -2.23841e-6 -0.3512632 0.1563924 0.9231228 -0.3413745 0.1739854 0.9236842 -0.4999998 -0.8660256 -2.84888e-6 -0.5 -0.8660254 2.36086e-7 0 0 1 0.3512647 -0.1563929 0.9231221 0.3512625 -0.1563922 0.923123 0.309017 0.9510565 -1.5739e-6 0 0 1 -0.4909443 0.4908386 0.7197577 0 0 1 0.6691307 0.7431448 2.4419e-6 0 0 1 -0.2572848 0.2857436 0.9231225 0 0 1 -0.2410947 0.2977929 0.9236842 -0.809017 -0.5877851 8.13966e-7 0 0 1 0 0 1 -0.8090171 -0.5877851 7.86953e-7 0 0 1 0.2572842 -0.2857432 0.9231228 0.2572851 -0.285744 0.9231223 0 0 1 0.6691306 0.7431448 2.04608e-6 0 0 1 -0.2488588 0.6480909 0.7197551 0.9135453 0.4067371 -3.66285e-6 -0.1188191 0.3656877 0.9231221 0 0 1 -0.09912794 0.3701105 0.9236839 -0.9781476 -0.2079116 1.83142e-6 -0.9781476 -0.2079117 9.8369e-7 0 0 1 0.1188192 -0.3656877 0.9231222 0.118819 -0.3656874 0.9231223 0.9135456 0.4067364 5.35128e-6 1 0 0 0 0 1 -0.04019176 -0.3823992 0.9231227 1 0 0 0 0 1 0.03625833 0.6932785 0.719757 0 0 1 0.04019182 0.3823992 0.9231227 0 0 1 0.05997937 0.3784318 0.9236838 0 0 1 -0.9781476 0.2079116 -1.83142e-6 -0.9781476 0.2079117 -9.8369e-7 0 0 1 -0.04019176 -0.3824 0.9231223 0 0 1 0.3151055 0.6185939 0.719757 0.9135453 -0.4067371 3.66285e-6 0.1922533 0.3329926 0.9231222 0 0 1 0.2087156 0.3213177 0.9236843 0 0 1 0 0 1 -0.809017 0.5877851 -8.13966e-7 -0.8090171 0.5877851 -7.86953e-7 0 0 1 -0.1922533 -0.3329926 0.9231222 0 0 1 -0.1922532 -0.3329924 0.9231223 0.9135456 -0.4067364 -5.35128e-6 0 0 1 0.5394672 0.4369481 0.7197579 0.6691307 -0.7431448 -2.4419e-6 0.3110719 0.226007 0.9231225 0 0 1 0.321363 0.2086464 0.9236842 0 0 1 0 0 1 0 0 1 -0.4999998 0.8660256 2.84888e-6 0 0 1 0 0 1 0 0 1 -0.5 0.8660255 -1.57391e-7 0 0 1 -0.3110714 -0.2260066 0.9231227 0 0 1 -0.3110709 -0.2260062 0.923123 0.6691306 -0.7431448 -2.04608e-6 0 0 1 0.6705541 0.1797519 0.7197544 0.309017 -0.9510565 2.23841e-6 0 0 1 0.3761029 0.07994306 0.9231228 0 0 1 0.3784449 0.05989795 0.9236837 0 0 1 0 0 1 -0.1045284 0.9945219 -5.08729e-7 0 0 1 -0.1045283 0.9945219 7.86952e-7 0 0 1 -0.3761047 -0.07994359 0.9231221 -0.3761042 -0.07994341 0.9231223 0.309017 -0.9510565 1.5739e-6 0.6856902 -0.108527 0.7197574 -0.1045284 -0.9945219 5.08729e-7 0.3761042 -0.07994329 0.9231222 0.3700882 -0.09920758 0.9236843 0.309017 0.9510565 1.62793e-6 0.309017 0.9510564 2.43955e-6 0 0 1 -0.3761041 0.07994347 0.9231223 -0.3761047 0.07994353 0.9231221 -0.1045283 -0.9945219 -7.86952e-7 0.5822683 -0.3780403 0.7197563 -0.4999998 -0.8660256 4.06983e-7 0.3110715 -0.2260067 0.9231227 0 0 1 0.2977416 -0.2411594 0.9236839 0 0 1 0.6691307 0.7431448 -2.03492e-6 0 0 1 0 0 1 0 0 1 0.6691306 0.7431448 -2.36086e-6 0 0 1 -0.3110709 0.2260063 0.923123 -0.3110714 0.2260065 0.9231228 -0.5 -0.8660255 3.61999e-6 0 0 1 0.3781677 -0.5821893 0.7197534 -0.809017 -0.5877851 -8.13966e-7 0.1922526 -0.3329914 0.9231228 0 0 1 0.1739124 -0.3414132 0.9236837 0.9135453 0.4067371 -3.66285e-6 0.9135456 0.4067364 5.35128e-6 0 0 1 -0.1922532 0.3329924 0.9231223 -0.1922533 0.3329926 0.9231222 -0.8090171 -0.5877852 -7.86953e-7 -0.9945219 -0.1045284 0 0.07845658 -0.9969175 0 -0.9945219 -0.1045284 0 0 0 1 0.07845842 -0.9969174 7.26406e-7 0 0 1 -0.9945219 -0.1045283 0 0.07248723 -0.921067 0.3825979 -0.9945219 -0.1045284 -2.73961e-7 0.02287393 -0.8735619 0.4861753 0.04836189 -0.9227887 0.3822594 -0.04836064 0.9227876 0.382262 -0.0784592 0.9969173 0 -0.07846122 0.9969172 8.54542e-7 -0.07590264 0.964408 0.2532901 0.0261777 -0.9996573 0 0 0 1 0.02617567 -0.9996574 -8.18193e-7 1 0 0 0 0 1 1 0 0 1 0 0 -0.02617669 0.9996573 -7.74979e-7 -0.02617853 0.9996573 0 -0.02418678 0.9235995 0.3825952 1 0 0 -0.9781476 0.2079117 0 -0.2588336 -0.9659219 0 -0.9781476 0.2079117 0 0 0 1 -0.2588238 -0.9659246 8.26524e-6 -0.9781476 0.2079117 -1.38547e-7 -0.2391766 -0.8925653 0.3822587 -0.9781476 0.2079117 0 -0.2557269 -0.6661612 0.7005948 -0.28572 -0.8793557 0.3809167 0.2857197 0.8793547 0.3809195 0.258824 0.9659246 0 0.2588042 0.9659298 1.7356e-5 0.2540437 0.9481621 -0.1909199 0 0 1 -0.3583631 -0.9335824 0 0 0 1 -0.3583821 -0.9335749 -1.64981e-5 0.9135455 -0.4067367 0 0 0 1 0.9135455 -0.4067367 0 0.9135454 -0.4067367 1.34873e-6 0.3583628 0.9335824 -8.69398e-6 0.3583533 0.9335861 0 0.3311379 0.8626844 0.3822606 0.9135456 -0.4067364 0 -0.8090173 0.5877848 0 -0.6293323 -0.7771363 0 -0.8090173 0.5877848 0 0 0 1 -0.6293247 -0.7771425 7.84462e-6 -0.8090171 0.5877852 2.44494e-7 -0.5815378 -0.7181169 0.3822589 -0.8090173 0.5877848 -9.90474e-7 -0.5045704 -0.5045549 0.7005948 -0.6186845 -0.6871187 0.3809165 0.6186841 0.6871181 0.3809184 0.6293245 0.7771427 0 0.6293084 0.7771557 1.76725e-5 0.617732 0.7628597 -0.1909249 0 0 1 -0.7071028 -0.7071107 0 0 0 1 -0.7071176 -0.707096 -1.68573e-5 0.6691309 -0.7431445 0 0 0 1 0.6691309 -0.7431445 0 0.6691309 -0.7431446 -1.68591e-6 0.7071028 0.7071108 -8.42797e-6 0.7070958 0.7071178 0 0.6533957 0.6534159 0.3822586 0.6691306 -0.7431448 -3.74891e-7 -0.4999998 0.8660255 0 -0.8910133 -0.4539772 0 -0.4999998 0.8660255 0 0 0 1 -0.8910088 -0.4539859 7.92234e-6 0 0 1 -0.5000001 0.8660254 -1.05948e-6 -0.823346 -0.4195003 0.3822576 -0.4999998 0.8660255 -1.68591e-7 -0.6661686 -0.2557064 0.7005952 -0.8446729 -0.3760725 0.3809162 0.8446729 0.3760728 0.3809159 0.8910092 0.4539853 0 0.8909993 0.4540047 1.85001e-5 0.8746087 0.4456529 -0.190927 -0.9335784 -0.358373 0 0 0 1 -0.933586 -0.3583535 -1.6806e-5 0 0 1 0.3090164 -0.9510567 0 0.3090164 -0.9510567 0 0.3090165 -0.9510567 1.01155e-6 0.9335782 0.3583739 -7.53601e-6 0.933575 0.3583821 0 0.8626745 0.3311647 0.3822598 0.309017 -0.9510565 -8.3128e-7 -0.1045284 0.9945219 0 -0.9986304 -0.05232071 0 -0.1045284 0.9945219 0 0 0 1 -0.9986299 -0.05233007 7.60171e-6 -0.1045283 0.9945219 0 -0.9227884 -0.04834717 0.3822618 -0.1045284 0.9945219 -2.73961e-7 -0.7125793 0.03735566 0.7005964 -0.9246087 0 0.3809183 0.9246087 0 0.3809183 0.9986298 0.05233031 0 0.9986287 0.05235123 1.78003e-5 0.9802594 0.0513882 -0.1909206 0 0 1 -0.9986299 0.05233007 0 0 0 1 -0.9986287 0.05235129 -1.71332e-5 -0.1045284 -0.9945219 0 0 0 1 -0.1045284 -0.9945219 0 -0.1045284 -0.9945219 0 0.9986298 -0.05233031 -8.27007e-6 0.9986304 -0.05232059 0 0.9227884 -0.04834705 0.3822618 -0.1045283 -0.9945219 -2.48569e-7 0.3090164 0.9510567 0 -0.9335749 0.3583822 0 0.3090164 0.9510567 0 0 0 1 -0.9335784 0.358373 8.02748e-6 0.309017 0.9510565 8.3128e-7 -0.8626745 0.3311649 0.3822597 0.3090165 0.9510567 -1.07477e-6 -0.6357802 0.3239587 0.7005957 -0.8446737 0.3760729 0.380914 0.8446728 -0.3760728 0.3809162 0.9335782 -0.3583739 0 0.9335857 -0.3583542 1.78672e-5 0.9164131 -0.3517626 -0.1909192 0 0 1 -0.8910088 0.4539859 0 0 0 1 -0.8909994 0.4540044 -1.67291e-5 -0.4999998 -0.8660255 0 0 0 1 -0.4999998 -0.8660255 0 -0.4999998 -0.8660255 -1.18014e-6 0.8910092 -0.4539853 -8.19691e-6 0.8910136 -0.4539767 0 0.8233456 -0.4194994 0.3822596 -0.5 -0.8660254 -2.93393e-7 0.6691309 0.7431445 0 -0.7070963 0.7071174 0 0.6691309 0.7431445 0 0 0 1 -0.7071028 0.7071107 7.58512e-6 0 0 1 0.6691306 0.7431448 -1.43437e-6 -0.6533955 0.6534152 0.3822602 0.6691309 0.7431446 -2.31813e-7 -0.4490475 0.5545453 0.7005969 -0.6186848 0.687119 0.3809154 0.618685 -0.6871191 0.3809151 0.7071028 -0.7071108 0 0.7071173 -0.7070963 1.73804e-5 0.6941106 -0.6940899 -0.190918 -0.6293247 0.7771425 0 0 0 1 -0.6293082 0.7771559 -1.71652e-5 0 0 1 -0.8090173 -0.5877848 0 -0.8090173 -0.5877848 0 -0.8090173 -0.5877849 5.05774e-7 0.6293245 -0.7771427 -8.63677e-6 0.6293323 -0.7771363 0 0.5815371 -0.7181159 0.382262 -0.8090171 -0.5877852 -8.14981e-7 0.9135455 0.4067367 0 0.3583628 -0.9335824 0 0.9135455 0.4067367 0 0.9135454 0.4067367 0 0.28572 -0.8793556 0.380917 0.3517899 -0.9164018 -0.1909233 0.3583824 -0.9335749 1.78574e-5 0 0 1 -0.3583537 0.9335859 0 0 0 1 -0.3583631 0.9335824 8.06057e-6 0.9135456 0.4067364 1.17357e-6 -0.3311384 0.8626844 0.3822602 -0.2857202 0.8793563 0.3809152 -0.1846714 0.6892467 0.7005966 0.2391757 -0.8925637 0.3822631 -0.9781476 -0.2079117 0 0.2588332 -0.9659221 0 -0.9781476 -0.2079117 0 -0.9781476 -0.2079117 -1.68591e-7 0.258824 -0.9659246 -8.20095e-6 0 0 1 -0.9781476 -0.2079117 0 0 0 1 -0.2588238 0.9659246 0 -0.2588038 0.9659299 -1.66649e-5 1 0 0 -0.05234152 -0.9986293 0 1 0 0 1 0 0 -0.09664779 -0.9195446 0.3809155 -0.05135792 -0.9802603 -0.1909247 -0.05232036 -0.9986303 1.80204e-5 0 0 1 0 0 1 0.05235123 0.9986287 0 0.05234193 0.9986292 7.51882e-6 1 0 0 0.04837542 0.922788 0.3822591 0.09664821 0.9195449 0.3809152 0.1116362 0.7047717 0.7005957 -0.1445404 -0.912679 0.3822631 -0.9781476 0.2079117 0 -0.15642 -0.9876906 0 -0.9781476 0.2079117 1.3698e-7 -0.9781476 0.2079117 0 -0.1564294 -0.9876891 -8.05494e-6 -0.9781476 0.2079117 0 0.1564289 0.9876891 0 0.15645 0.9876859 -1.72108e-5 0 0 1 0 0 1 0.9135455 -0.4067367 0 -0.4539955 -0.891004 0 0.9135455 -0.4067367 0 0.9135454 -0.4067367 0 -0.4623046 -0.8007351 0.3809171 -0.4456259 -0.8746234 -0.1909227 -0.4539768 -0.8910135 1.78428e-5 0 0 1 0 0 1 0.4540039 0.8909996 0 0.4539951 0.8910042 7.97818e-6 0.9135456 -0.4067364 -1.17357e-6 0.4195244 0.8233326 0.3822602 0.4623049 0.8007357 0.3809154 0.3886407 0.5984337 0.7005965 -0.5032642 -0.7749845 0.3822618 -0.8090171 0.5877852 8.14981e-7 -0.5446264 -0.8386788 0 -0.8090173 0.5877848 0 -0.8090173 0.5877849 -5.05774e-7 -0.5446345 -0.8386735 -8.22529e-6 -0.8090173 0.5877848 0 0.5446347 0.8386734 0 0.5446522 0.8386621 -1.67804e-5 0 0 1 0 0 1 0.6691309 -0.7431445 0 -0.7771497 -0.6293156 0 0.6691309 -0.7431445 0 0.6691309 -0.7431446 1.68591e-7 -0.7480253 -0.5434721 0.380915 -0.7628411 -0.6177555 -0.1909227 -0.7771365 -0.6293321 1.79854e-5 0 0 1 0.7771555 0.6293087 0 0 0 1 0.7771495 0.629316 7.66877e-6 0.6691306 -0.7431448 1.43437e-6 0.7181342 0.5815156 0.3822603 0.7480254 0.5434725 0.3809142 0.5984458 0.3886219 0.7005966 -0.7749701 -0.5032882 0.3822594 -0.5000001 0.8660254 2.93393e-7 -0.8386623 -0.5446519 0 -0.4999998 0.8660255 0 -0.4999998 0.8660255 1.18014e-6 -0.8386674 -0.5446438 -8.05494e-6 0 0 1 -0.4999998 0.8660255 0 0 0 1 0.8386676 0.5446435 0 0.8386792 0.5446258 -1.70626e-5 0.3090164 -0.9510567 0 -0.9659273 -0.2588137 0 0.3090164 -0.9510567 0 0.3090165 -0.9510567 1.01155e-6 -0.9044046 -0.1922372 0.3809161 -0.9481553 -0.2540724 -0.1909159 -0.965922 -0.2588332 1.72461e-5 0 0 1 0.9659298 0.2588041 0 0 0 1 0.9659273 0.2588139 8.13948e-6 0.309017 -0.9510565 -8.3128e-7 0.8925723 0.2391492 0.3822596 0.9044038 0.1922367 0.3809183 0.7047762 0.1116146 0.7005945 -0.9126752 -0.1445682 0.3822617 -0.1045283 0.9945219 2.48569e-7 -0.9876858 -0.1564499 0 -0.1045284 0.9945219 0 -0.1045284 0.9945219 0 -0.9876875 -0.1564396 -8.83366e-6 0 0 1 -0.1045284 0.9945219 0 0 0 1 0.9876875 0.1564397 0 0.9876907 0.1564195 -1.65879e-5 -0.1045284 -0.9945219 0 -0.9876875 0.1564396 0 -0.1045284 -0.9945219 0 -0.1045284 -0.9945219 2.73961e-7 -0.9044038 0.192237 0.3809182 -0.9695217 0.1535415 -0.1909257 -0.9876908 0.156419 1.77853e-5 0 0 1 0 0 1 0.987686 -0.1564491 0 0.9876875 -0.1564397 7.6533e-6 -0.1045283 -0.9945219 0 0.9126753 -0.1445674 0.3822618 0.9044048 -0.1922369 0.3809161 0.6892396 -0.1846928 0.7005979 -0.8925722 0.2391493 0.3822596 0.309017 0.9510565 8.3128e-7 -0.9659298 0.2588042 0 0.3090164 0.9510567 0 0.3090165 0.9510567 -1.01155e-6 -0.9659273 0.2588137 -8.29829e-6 0 0 1 0.3090164 0.9510567 0 0 0 1 0.9659273 -0.2588139 0 0.9659218 -0.2588343 -1.70754e-5 -0.4999998 -0.8660255 0 -0.8386674 0.5446438 0 -0.4999998 -0.8660255 0 -0.4999998 -0.8660255 1.68591e-7 -0.748025 0.5434719 0.3809159 -0.8232513 0.5346073 -0.1909253 -0.838679 0.544626 1.80985e-5 0 0 1 0 0 1 0.8386625 -0.5446515 0 0.8386676 -0.5446435 7.69336e-6 -0.5000001 -0.8660254 1.05948e-6 0.7749708 -0.5032884 0.3822577 0.7480245 -0.5434718 0.3809168 0.5545324 -0.4490656 0.7005954 -0.7181349 0.5815158 0.3822586 0.6691306 0.7431448 3.74891e-7 -0.7771557 0.6293084 0 0.6691309 0.7431445 0 0.6691309 0.7431446 1.68591e-6 -0.7771497 0.6293156 -7.98193e-6 0 0 1 0.6691309 0.7431445 0 0 0 1 0.7771495 -0.629316 0 0.7771363 -0.6293325 -1.7037e-5 -0.8090173 -0.5877848 0 0.5446262 -0.8386789 0 -0.8090173 -0.5877848 0 0 0 1 0.5446347 -0.8386734 8.17975e-6 0 0 1 -0.8090171 -0.5877852 -2.44494e-7 0.5032647 -0.7749857 0.3822589 -0.8090173 -0.5877848 9.90474e-7 0.3239395 -0.635791 0.7005947 0.4623046 -0.8007353 0.3809165 -0.4623044 0.8007346 0.3809183 -0.5446345 0.8386735 0 -0.5446518 0.8386624 1.75021e-5 -0.5346332 0.8232356 -0.1909196 0.4539951 -0.8910042 0 0 0 1 0.4539768 -0.8910135 -1.65238e-5 0 0 1 0.9135455 0.4067367 0 0.9135455 0.4067367 0 0.9135454 0.4067367 -1.34873e-6 -0.4539955 0.891004 -8.59169e-6 -0.4540045 0.8909994 0 -0.419525 0.8233321 0.3822606 0.9135456 0.4067364 0 0 0 -1 0 0 -1 0 0 -1 0 0 -1 0.7056852 0.02819484 -0.7079644 0 0 -1 0 0 -1 0 0 -1 0 0 -1 -0.3772621 0.5970456 -0.7079617 0 0 -1 0 0 -1 0 0 -1 0 0 -1 -0.328426 -0.6252413 -0.7079617 0 0 1 0 0 1 0 0 1 -0.7086796 0.7055305 0 0.7045736 0.7071815 -0.05890893 0.3826839 0.9238793 0 -0.7045736 -0.7071815 -0.05890893 -0.3803763 0.9183082 -0.1096541 -0.9238788 0.3826851 -3.88104e-4 -0.9238788 -0.3826851 2.42936e-4 0.7086796 -0.7055305 0 -0.3826839 -0.9238793 0 0.9238788 0.3826851 2.42936e-4 0.9238788 -0.3826851 -3.88104e-4 0.3803763 -0.9183082 -0.1096541 0 0 -1 0 0 -1 0 0 -1 0 0 -1 0 0 -1 0 0 -1 0 0 -1 0 0 -1 -0.5773512 -0.5773512 -0.5773484 0.5762122 -0.5762122 -0.5796198 0.578867 -0.5765918 -0.5765891 -0.5762122 0.5762122 -0.5796198 -0.5777211 -0.5799681 -0.5743477 0.5773512 0.5773512 -0.5773484 -0.578867 0.5765918 -0.5765891 0.5777211 0.5799681 -0.5743477 0 0 -1 0 0 -1 -0.5773512 -0.5773512 -0.5773484 0.5762122 -0.5762122 -0.5796198 0.578867 -0.5765918 -0.5765891 -0.5762122 0.5762122 -0.5796198 -0.5777211 -0.5799681 -0.5743477 0.5773512 0.5773512 -0.5773484 -0.578867 0.5765918 -0.5765891 0.5777211 0.5799681 -0.5743477 0 0 -1 0 0 -1 0.5773504 0.5773507 0.5773497 0.5773505 -0.5773505 0.5773498 0 0 -1 0.5773507 -0.5773509 0.5773493 0 0 -1 0 0 -1 0.5773508 0.5773508 0.5773492 0.7071068 0.7071068 0 0.7071068 -0.7071068 -3.06785e-4 0.7084977 -0.7057131 0 -0.5773508 0.5773508 0.5773492 -0.7071068 0.7071068 -3.06785e-4 -0.5773509 0.5773509 0.5773493 0.7057042 0.7085064 3.09327e-4 -0.5773509 -0.5773509 0.5773493 -0.5773508 -0.5773508 0.5773492 -0.7071068 -0.7071068 0 -0.7084977 0.7057131 0 0 0 -1 0 0 -1 0 0 -1 0 0 -1 -0.7057042 -0.7085064 3.09327e-4 0 0 -1 0 0 1 0 0 1 -0.7071068 0.7071068 0 -0.7071068 -0.7071068 0 -0.7071068 -0.7071068 0 -0.7071068 -0.7071068 0 0.707107 0.7071066 0 -0.3826844 0.9238792 0 -0.7037836 0.2915171 0.6478476 0.707107 -0.7071066 0 0.707107 0.7071067 0 0.707107 0.7071066 0 0.7037836 -0.2915166 0.6478478 0.3826844 -0.9238792 0 -0.7071068 0.7071068 0 0.707107 0.7071067 0 -0.5773507 0.5773507 0.5773494 -0.5773514 0.5773518 0.5773477 0.5773518 0.5773515 0.5773474 -0.3479375 0.839993 -0.4163548 -0.9238794 0.3826838 0 -0.7071068 -0.7071068 0 0.9238796 -0.3826833 0 0.3479375 -0.839993 -0.4163549 0.707107 -0.7071067 0 -0.5773516 -0.5773516 0.5773475 0.5773514 -0.5773518 0.5773477 0.5773504 -0.5773501 0.5773504 -0.5773507 -0.577351 0.5773491 0 0 -1 0.5773501 0.5773506 0.5773501 0 0 -1 0 0 -1 0 0 -1 0 0 -1 0 0 -1 0 0 -1 0 0 -1 0.3573083 0.3574209 -0.8628911 -0.5783623 0.5777803 -0.5759053 -0.2136438 0.3738476 -0.9025487 0.5783623 -0.5777803 -0.5759053 0.6235908 0.722244 -0.2991624 0.5770993 0.5771127 -0.5778384 -0.3573083 -0.3574209 -0.8628911 0.2136437 -0.3738476 -0.9025488 -0.6235908 -0.7222439 -0.2991625 -0.5770993 -0.5771127 -0.5778384 0.6786069 -0.6785913 -0.281081 -0.7070986 -0.7071149 0 0.7071149 -0.7070987 3.30229e-5 0.7069448 -0.7072687 0 -0.6786069 0.6785913 -0.281081 -0.7071149 0.7070987 3.30229e-5 -0.7072697 -0.7069439 -3.32131e-5 0.7070986 0.7071149 0 -0.7069448 0.7072687 0 0.7072697 0.7069439 -3.32131e-5 0 0 -1 0 0 -1 -0.5773509 -0.5773509 0.5773493 -0.5773508 0.5773508 0.5773492 0 0 -1 -0.5773509 0.5773509 0.5773493 0 0 -1 0 0 -1 -0.5773508 -0.5773508 0.5773492 -0.7071068 -0.7071068 0 -0.7071068 0.7071068 -3.06785e-4 -0.7084977 0.7057131 0 0.5773505 -0.5773505 0.5773498 0.7071068 -0.7071068 -3.06785e-4 0.5773507 -0.5773509 0.5773493 -0.7057042 -0.7085064 3.09327e-4 0.5773504 0.5773507 0.5773497 0.5773508 0.5773508 0.5773492 0.7071068 0.7071068 0 0.7084977 -0.7057131 0 0 0 -1 0 0 -1 0 0 -1 0 0 -1 0.7057042 0.7085064 3.09327e-4 0 0 -1 0 0 1 0 0 1 -0.7071068 0.7071068 0 -0.7071068 -0.7071068 0 -0.7071068 -0.7071068 0 -0.7071068 -0.7071068 0 0.707107 0.7071066 0 -0.3826844 0.9238792 0 -0.7037836 0.2915171 0.6478476 0.707107 -0.7071066 0 0.707107 0.7071067 0 0.707107 0.7071066 0 0.7037836 -0.2915166 0.6478478 0.3826844 -0.9238792 0 -0.7071068 0.7071068 0 0.707107 0.7071067 0 -0.5773507 0.5773507 0.5773494 -0.5773514 0.5773518 0.5773477 0.5773518 0.5773515 0.5773474 -0.3479375 0.839993 -0.4163548 -0.9238794 0.3826838 0 -0.7071068 -0.7071068 0 0.9238796 -0.3826833 0 0.3479375 -0.839993 -0.4163549 0.707107 -0.7071067 0 -0.5773516 -0.5773516 0.5773475 0.5773514 -0.5773518 0.5773477 0.5773504 -0.5773501 0.5773504 -0.5773507 -0.577351 0.5773491 0 0 -1 0.5773501 0.5773506 0.5773501 0 0 -1 0 0 -1 0 0 -1 0 0 -1 0 0 -1 0 0 -1 0 0 -1 0.3573083 0.3574209 -0.8628911 -0.5783623 0.5777803 -0.5759053 -0.2136438 0.3738476 -0.9025487 0.5783623 -0.5777803 -0.5759053 0.6235908 0.722244 -0.2991624 0.5770993 0.5771127 -0.5778384 -0.3573083 -0.3574209 -0.8628911 0.2136437 -0.3738476 -0.9025488 -0.6235908 -0.7222439 -0.2991625 -0.5770993 -0.5771127 -0.5778384 0.6786069 -0.6785913 -0.281081 -0.7070986 -0.7071149 0 0.7071149 -0.7070987 3.30229e-5 0.7069448 -0.7072687 0 -0.6786069 0.6785913 -0.281081 -0.7071149 0.7070987 3.30229e-5 -0.7072697 -0.7069439 -3.32131e-5 0.7070986 0.7071149 0 -0.7069448 0.7072687 0 0.7072697 0.7069439 -3.32131e-5 0 0 -1 0 0 -1 0.9238797 0.3826832 0 0.9237481 -0.3830007 0 0 0 -1 0.9238793 -0.382683 8.2742e-4 0 0 -1 0.9225338 0.3858287 0.008229255 0 0 1 0 0 1 0.3776988 0.9259165 0.004710614 0 0 1 0.3826709 0.9238489 -0.00813502 0 0 1 -0.3841843 0.9232561 -8.01589e-4 0 0 1 -0.3826794 0.9238693 -0.004691541 0 0 1 0 0 1 -0.9237482 0.3830004 0 0 0 1 -0.9238792 0.3826833 8.26206e-4 0 0 1 -0.9238795 -0.3826834 0 0 0 1 -0.9225336 -0.3858289 0.008229196 0 0 -1 0 0 -1 0 0 -1 0 0 -1 0 0 -1 0 0 -1 0 0 -1 0 0 -1 0 0 1 0.3841843 -0.9232561 -8.01065e-4 0 0 1 0 0 1 -0.377699 -0.9259165 0.004710614 0 0 1 0 0 1 0.3826793 -0.9238693 -0.004691541 0 0 1 -0.3826709 -0.9238489 -0.00813502 -0.67856 -0.2812708 -0.6785596 -0.6780359 0.2810535 -0.6791732 -0.678604 0.2810589 -0.6786034 -0.2809941 -0.6788232 -0.678411 -0.6781545 -0.2808727 -0.6791297 0.280795 -0.6783421 -0.6789745 -0.2809893 -0.6783018 -0.6789342 0.6780359 -0.2810535 -0.6791732 0.28116 -0.678714 -0.6784515 0.6785596 0.2812705 -0.6785601 0.6786034 -0.2810589 -0.678604 0.2809941 0.6788232 -0.678411 0.6781544 0.2808728 -0.6791297 -0.280795 0.6783421 -0.6789745 0.2809893 0.6783018 -0.6789342 -0.28116 0.6787139 -0.6784515 0 0 -1 0 0 -1 0 0 -1 0 0 -1 0 0 -1 0 0 -1 0.9238797 0.3826832 0 0.9237481 -0.3830007 0 0 0 -1 0.9238793 -0.382683 8.2742e-4 0 0 -1 0.9225338 0.3858287 0.008229255 0 0 1 0 0 1 0.3776988 0.9259165 0.004710614 0 0 1 0.3826709 0.9238489 -0.00813502 0 0 1 -0.3841843 0.9232561 -8.01589e-4 0 0 1 -0.3826794 0.9238693 -0.004691541 0 0 1 0 0 1 -0.9237482 0.3830004 0 0 0 1 -0.9238792 0.3826833 8.26206e-4 0 0 1 -0.9238795 -0.3826834 0 0 0 1 -0.9225336 -0.3858289 0.008229196 0 0 -1 0 0 -1 0 0 -1 0 0 -1 0 0 -1 0 0 -1 0 0 -1 0 0 -1 0 0 1 0.3841843 -0.9232561 -8.01065e-4 0 0 1 0 0 1 -0.377699 -0.9259165 0.004710614 0 0 1 0 0 1 0.3826793 -0.9238693 -0.004691541 0 0 1 -0.3826709 -0.9238489 -0.00813502 -0.67856 -0.2812708 -0.6785596 -0.6780359 0.2810535 -0.6791732 -0.678604 0.2810589 -0.6786034 -0.2809941 -0.6788232 -0.678411 -0.6781545 -0.2808727 -0.6791297 0.280795 -0.6783421 -0.6789745 -0.2809893 -0.6783018 -0.6789342 0.6780359 -0.2810535 -0.6791732 0.28116 -0.678714 -0.6784515 0.6785596 0.2812705 -0.6785601 0.6786034 -0.2810589 -0.678604 0.2809941 0.6788232 -0.678411 0.6781544 0.2808728 -0.6791297 -0.280795 0.6783421 -0.6789745 0.2809893 0.6783018 -0.6789342 -0.28116 0.6787139 -0.6784515 0 0 -1 0 0 -1 0 0 -1 0 0 -1 0 0 -1 0 0 -1 0.923748 -0.3830009 0 0.9224758 0.3858051 0.01388698 0.923893 0.382651 0 0.3841841 -0.9232553 -0.001476407 0.9238919 -0.3826506 0.001522898 -0.3776916 -0.9258981 0.007867097 0.3827037 -0.9238379 -0.007838308 -0.9224759 -0.3858046 0.01388585 -0.3826794 -0.9237793 -0.01372653 -0.923748 0.3830009 0 -0.923893 -0.3826507 0 -0.3841843 0.9232553 -0.00147593 -0.923892 0.3826503 0.001523971 0.3776917 0.9258981 0.007867097 -0.3827037 0.9238379 -0.007838308 0.3826794 0.9237793 -0.01372617 0.923748 -0.3830009 0 0.9224758 0.3858051 0.01388698 0.923893 0.382651 0 0.3841841 -0.9232553 -0.001476407 0.9238919 -0.3826506 0.001522898 -0.3776916 -0.9258981 0.007867097 0.3827037 -0.9238379 -0.007838308 -0.9224759 -0.3858046 0.01388585 -0.3826794 -0.9237793 -0.01372653 -0.923748 0.3830009 0 -0.923893 -0.3826507 0 -0.3841843 0.9232553 -0.00147593 -0.923892 0.3826503 0.001523971 0.3776917 0.9258981 0.007867097 -0.3827037 0.9238379 -0.007838308 0.3826794 0.9237793 -0.01372617 0 0 1 0.3829495 0.9237693 0 0 0 1 -0.3829495 0.9237693 0 0 0 1 -0.3829495 0.9237693 0 0 0 1 0.9239807 0.3824392 0 0 0 1 0.3829495 0.9237693 0 0 0 1 0.9239807 -0.3824392 0 0.9239807 0.3824392 0 0 0 1 0.3829495 -0.9237692 0 0 0 1 0 0 1 0.9239807 -0.3824392 0 0 0 1 -0.3829495 -0.9237692 0 0 0 1 0.3829495 -0.9237692 0 0 0 1 -0.9239807 -0.3824392 0 0 0 1 -0.3829495 -0.9237692 0 0 0 1 -0.9239807 0.3824392 0 -0.9239807 -0.3824392 0 0 0 1 0 0 1 -0.9239807 0.3824392 0 -0.9237691 -0.3829498 0 -0.9237691 0.3829498 -1.03693e-4 -0.9238106 0.3828497 0 -0.3824388 -0.9239808 -2.54244e-4 -0.9237 -0.3831166 1.72723e-4 0.3824388 -0.9239808 3.15337e-5 0.3819484 -0.9241834 5.39031e-4 -0.3830567 -0.9237244 -8.93567e-4 0.9237691 -0.3829498 -1.03693e-4 0.9237691 0.3829498 0 0.9238106 -0.3828497 0 0.3824388 0.9239808 -2.54244e-4 0.9237 0.3831166 1.72772e-4 -0.3824388 0.9239808 3.15337e-5 -0.3819483 0.9241835 5.39099e-4 0.3830566 0.9237244 -8.93498e-4 0 0 -1 0 0 -1 0 0 -1 0 0 -1 0 0 -1 0 0 -1 0 0 -1 0 0 -1 0 0 -1 0 0 -1 0 0 -1 0 0 -1 0 0 -1 0 0 -1 0 0 -1 0 0 -1 0.1442475 0.3482453 0.9262386 0.3826826 0.9238799 0 0.577351 0.5773507 0.5773492 -0.2810842 0.6785992 0.6785976 -0.3566503 0.8610323 -0.3625243 -0.7071067 0.707107 0 0.6785982 0.2810844 0.6785987 0.8610322 0.3566511 -0.362524 0.5773503 -0.57735 0.5773507 0.3482455 -0.1442479 0.9262384 0.9238796 -0.3826833 0 0.7071067 0.707107 0 0.707107 0.7071065 0 0.7071069 -0.7071065 -4.14429e-4 0.708498 -0.7057129 0 -0.5773503 0.57735 0.5773507 -0.7071069 0.7071065 -4.14429e-4 -0.3482455 0.1442479 0.9262384 0.7057045 0.7085063 4.17863e-4 -0.6785982 -0.2810844 0.6785987 -0.577351 -0.5773506 0.5773493 -0.707107 -0.7071065 0 -0.1442475 -0.3482453 0.9262386 -0.708498 0.7057129 0 -0.9238796 0.3826833 0 -0.8610322 -0.3566511 -0.362524 -0.7071067 -0.707107 0 0.2810842 -0.6785992 0.6785976 -0.7057045 -0.7085063 4.17863e-4 0.3566503 -0.8610323 -0.3625243 -0.3826826 -0.9238799 0 0.7071067 -0.707107 0 0 0 1 0 0 1 0 0 -1 0 0 -1 0 0 -1 0 0 -1 0 0 -1 0 0 -1 0 0 -1 0 0 -1 0.3573061 0.3574187 -0.862893 -0.5783624 0.5777804 -0.5759053 -0.2136403 0.3738452 -0.9025505 0.5783621 -0.5777801 -0.5759057 0.6235908 0.7222442 -0.299162 0.5770992 0.5771125 -0.5778389 -0.3573061 -0.3574187 -0.862893 0.2136405 -0.3738453 -0.9025505 -0.6235908 -0.7222441 -0.2991621 -0.5770993 -0.5771129 -0.5778383 0.678607 -0.6785914 -0.2810806 -0.7070986 -0.7071151 0 0.7071149 -0.7070987 3.30229e-5 0.7069448 -0.7072687 0 -0.6786069 0.6785914 -0.2810806 -0.7071148 0.7070988 3.29733e-5 -0.7072699 -0.7069438 -3.326e-5 0.7070986 0.7071149 0 -0.706945 0.7072687 0 0.7072697 0.7069439 -3.32131e-5 0 0 -1 0 0 -1 -0.1442475 -0.3482453 0.9262386 -0.3826826 -0.9238799 0 -0.577351 -0.5773507 0.5773492 0.2810842 -0.6785992 0.6785976 0.3566503 -0.8610323 -0.3625243 0.7071067 -0.707107 0 -0.6785982 -0.2810844 0.6785987 -0.8610322 -0.3566511 -0.362524 -0.5773503 0.57735 0.5773507 -0.3482455 0.1442479 0.9262384 -0.9238796 0.3826833 0 -0.7071067 -0.707107 0 -0.707107 -0.7071065 0 -0.7071069 0.7071065 -4.14429e-4 -0.708498 0.7057129 0 0.5773503 -0.57735 0.5773507 0.7071069 -0.7071065 -4.14429e-4 0.3482455 -0.1442479 0.9262384 -0.7057045 -0.7085063 4.17863e-4 0.6785982 0.2810844 0.6785987 0.1442475 0.3482453 0.9262386 0.577351 0.5773507 0.5773492 0.707107 0.7071065 0 0.708498 -0.7057129 0 0.9238796 -0.3826833 0 0.8610322 0.3566511 -0.362524 0.7071067 0.707107 0 -0.2810842 0.6785992 0.6785976 -0.3566503 0.8610323 -0.3625243 0.3826826 0.9238799 0 -0.7071067 0.707107 0 0.7057045 0.7085063 4.17863e-4 0 0 1 0 0 1 0 0 -1 0 0 -1 0 0 -1 0 0 -1 0 0 -1 0 0 -1 0 0 -1 0 0 -1 0.3573061 0.3574187 -0.862893 -0.5783624 0.5777804 -0.5759053 -0.2136403 0.3738452 -0.9025505 0.5783621 -0.5777801 -0.5759057 0.6235908 0.7222442 -0.299162 0.5770992 0.5771125 -0.5778389 -0.3573061 -0.3574187 -0.862893 0.2136405 -0.3738453 -0.9025505 -0.6235908 -0.7222441 -0.2991621 -0.5770993 -0.5771129 -0.5778383 0.678607 -0.6785914 -0.2810806 -0.7070986 -0.7071151 0 0.7071149 -0.7070987 3.30229e-5 0.7069448 -0.7072687 0 -0.6786069 0.6785914 -0.2810806 -0.7071148 0.7070988 3.29733e-5 -0.7072699 -0.7069438 -3.326e-5 0.7070986 0.7071149 0 -0.706945 0.7072687 0 0.7072697 0.7069439 -3.32131e-5 0 0 -1 0 0 -1 0.06262296 0.9980373 0 0 1 0 0 0 -1 0 0 -1 0 0 -1 0.06243121 0.9980493 1.34732e-5 0 0 1 0 1 0 0 0 1 0.1848039 0.9827755 0 0 0 1 0.1850155 0.9827356 -1.46939e-5 -0.8629578 0.505276 0 0 0 1 0 0 1 -0.8629547 0.5052812 -6.19938e-6 0 0 -1 0 0 -1 -0.0624305 0.9980493 0 -0.06262296 0.9980373 1.34819e-5 0 0 -1 0 0 1 0 0 1 -0.1850155 0.9827356 0 0.8629547 0.5052812 0 0 0 -1 0.8629578 0.505276 -6.19322e-6 0 0 -1 0 0 -1 -0.1848061 0.982775 -1.44907e-5 0 0 1 0 0 1 0.7072288 0.7069848 0 -0.7071111 0.7071025 0 0 0 1 -0.7072288 0.7069848 2.77859e-5 0.7085064 0.7057044 -3.01936e-4 0.705713 -0.7084978 0 0 0 1 0.7072287 -0.7069848 3.56857e-4 0 0 1 -0.7072288 -0.7069848 0 -0.7071111 -0.7071025 2.7782e-5 0 0 1 0 0 1 0 0 1 0 0 1 0 0 1 -0.9522572 -0.305297 5.49976e-6 -0.4082897 -0.9128524 0 -0.4082863 -0.912854 3.79773e-6 -0.9522546 -0.3053053 -3.29719e-6 0.4082897 -0.9128524 3.80637e-6 0.4082863 -0.912854 0 0.9522572 -0.305297 5.50249e-6 0.9522546 -0.3053053 -3.30572e-6 0 0 -1 0 0 -1 0 0 -1 0 0 -1 0 0 -1 0 0 -1 0.3573076 0.3574206 -0.8628916 -0.5783617 0.5777804 -0.5759057 -0.2136433 0.3738473 -0.902549 0.5783617 -0.5777804 -0.5759057 0.6235907 0.722244 -0.2991628 0.577099 0.5771125 -0.5778389 -0.3573076 -0.3574206 -0.8628916 0.2136431 -0.3738472 -0.9025491 -0.6235907 -0.722244 -0.2991626 -0.577099 -0.5771125 -0.5778389 0.6786068 -0.6785913 -0.2810811 -0.7070985 -0.707115 0 0.7071149 -0.7070987 3.28804e-5 0.7069455 -0.7072681 0 -0.6786068 0.6785913 -0.2810811 -0.7071149 0.7070987 3.28804e-5 -0.7072693 -0.7069442 -3.31568e-5 0.7070985 0.707115 0 -0.7069455 0.7072681 0 0.7072693 0.7069442 -3.31568e-5 0 0 -1 0 0 -1 -0.7072286 0.7069849 2.77749e-5 0 0 1 -0.707111 0.7071026 0 0.7072284 0.7069852 0 -0.7072286 -0.7069849 0 0 0 1 -0.707111 -0.7071026 2.77675e-5 0.7057129 -0.708498 0 0.7072284 -0.7069852 3.56791e-4 0 0 1 0 0 1 0 0 1 0 0 1 0 0 1 0.7085063 0.7057045 -3.02002e-4 0 0 1 0 0 1 0 0 1 -0.7071068 0.7071068 0 0.7071068 0.7071068 0 0 0 -1 0.7071068 0.7071068 0 0 0 -1 0 0 -1 -0.7071068 0.7071068 0 -0.7071068 -0.7071068 0 -0.7071068 -0.7071068 0 0.7071068 -0.7071068 0 0.7071068 -0.7071068 0 0 0 -1 0 0 -1 0 0 -1 0 0 -1 0 0 -1 0.3573076 0.3574206 -0.8628916 -0.5783623 0.5777803 -0.5759053 -0.2136435 0.3738472 -0.902549 0.5783623 -0.5777805 -0.5759053 0.6235904 0.7222434 -0.2991647 0.5770985 0.5771118 -0.5778402 -0.3573074 -0.3574206 -0.8628916 0.2136434 -0.3738472 -0.902549 -0.6235906 -0.7222441 -0.2991626 -0.5770986 -0.5771117 -0.5778403 0.6786071 -0.6785911 -0.281081 -0.7070987 -0.7071148 0 0.7071151 -0.7070985 3.28742e-5 0.7069457 -0.7072679 0 -0.6786065 0.6785908 -0.2810831 -0.7071149 0.7070986 3.29237e-5 -0.7072693 -0.7069442 -3.31145e-5 0.7070987 0.7071149 0 -0.7069453 0.7072683 0 0.7072694 0.7069441 -3.31662e-5 0 0 -1 0 0 -1 0 0 1 -0.7057129 0.708498 0 0 0 1 0.707111 0.7071026 2.77703e-5 0 0 1 0.7072286 0.7069849 0 0 0 1 -0.7085063 -0.7057045 -3.02001e-4 0 0 1 -0.7072284 0.7069852 3.56795e-4 0 0 1 0.707111 -0.7071026 0 0 0 1 -0.7072284 -0.7069852 0 0 0 1 0.7072286 -0.7069849 2.77721e-5 0.7071068 0.7071068 0 -0.7071068 0.7071068 0 -0.7071068 0.7071068 0 0.7071068 -0.7071068 0 0.7071068 0.7071068 0 -0.7071068 -0.7071068 0 0.7071068 -0.7071068 0 -0.7071068 -0.7071068 0 0 0 1 0 0 1 0 0 -1 0 0 -1 0 0 -1 0 0 -1 0 0 -1 0 0 -1 0 0 -1 0 0 -1 0.3573076 0.3574206 -0.8628916 -0.5783623 0.5777803 -0.5759053 -0.2136435 0.3738472 -0.902549 0.5783623 -0.5777805 -0.5759053 0.6235904 0.7222434 -0.2991647 0.5770985 0.5771118 -0.5778402 -0.3573074 -0.3574206 -0.8628916 0.2136434 -0.3738472 -0.902549 -0.6235906 -0.7222441 -0.2991626 -0.5770986 -0.5771117 -0.5778403 0.6786071 -0.6785911 -0.281081 -0.7070987 -0.7071148 0 0.7071151 -0.7070985 3.29237e-5 0.7069454 -0.7072682 0 -0.6786065 0.6785908 -0.2810831 -0.7071149 0.7070986 3.28742e-5 -0.7072696 -0.706944 -3.31615e-5 0.7070987 0.7071149 0 -0.7069455 0.7072679 0 0.7072691 0.7069444 -3.31145e-5 0 0 -1 0 0 -1 0 0 -1 0.705713 0.708498 0 0 0 -1 -0.7071109 0.7071027 1.07506e-6 0 0 -1 -0.7071066 0.707107 0 0 0 -1 0.7085062 -0.7057045 3.45145e-4 0 0 -1 0.7071068 0.7071068 -3.42406e-4 0 0 -1 -0.7071109 -0.7071027 0 0 0 -1 0.7071068 -0.7071068 0 0 0 -1 -0.7071066 -0.7071071 1.07505e-6 0 0 -1 0.7071109 0.7071027 0 0 0 -1 -0.7085062 0.7057045 3.45145e-4 0 0 -1 -0.7071068 0.7071068 0 0 0 -1 0.7071109 -0.7071027 1.07506e-6 0 0 -1 0.7071066 0.707107 1.07792e-6 0 0 -1 -0.705713 -0.708498 0 0 0 -1 0.7071066 -0.707107 0 0 0 -1 -0.7071067 -0.7071067 -3.42403e-4 0.7071068 -0.7071068 0 -0.7071069 -0.7071067 0 -0.7071069 -0.7071067 0 0.7071068 0.7071068 0 0.7071068 -0.7071068 0 -0.7071069 0.7071067 0 0.7071068 0.7071068 0 -0.7071069 0.7071067 0 0.7071069 -0.7071067 0 -0.7071068 -0.7071068 0 -0.7071068 -0.7071068 0 0.7071069 0.7071067 0 0.7071069 -0.7071067 0 -0.7071068 0.7071068 0 0.7071069 0.7071067 0 -0.7071068 0.7071068 0 -0.5773496 0.5773497 0.5773515 0.5773495 0.5773497 0.5773516 0 0 -1 0 0 -1 0.5773504 0.5773501 0.5773503 -0.5773496 0.5773496 0.5773515 -0.5773496 -0.5773496 0.5773515 -0.5773497 -0.5773497 0.5773515 0.5773498 -0.5773496 0.5773515 0.5773501 -0.5773505 0.5773501 -0.5773498 0.5773496 0.5773515 0.5773497 0.5773496 0.5773515 0 0 -1 0 0 -1 0.5773497 0.5773497 0.5773515 -0.5773501 0.5773505 0.5773501 -0.5773494 -0.5773497 0.5773516 -0.5773504 -0.5773501 0.5773503 0.5773496 -0.5773497 0.5773515 0.5773496 -0.5773496 0.5773515 0 0 1 0 0 1 0 0 1 0 0 1 0 0 1 0 0 1 0 0 1 0 0 1 0 0 1 0 0 1 0 0 1 0 0 1 0 0 1 0 0 1 0 0 1 0 0 1 -0.3573074 0.3574206 0.8628916 0.5783632 0.5777814 0.5759034 0.2136422 0.3738474 0.9025492 -0.5783632 -0.5777812 0.5759034 -0.6235909 0.7222446 0.2991607 -0.5770995 0.5771126 0.5778384 0.3573076 -0.3574206 0.8628916 -0.2136422 -0.3738473 0.9025493 0.6235907 -0.7222439 0.2991629 0.5770994 -0.5771127 0.5778384 -0.6786069 -0.6785912 0.2810814 0.7070986 -0.707115 0 -0.707115 -0.7070986 -3.29237e-5 -0.7069453 -0.7072682 0 0.6786075 0.6785916 0.2810793 0.7071151 0.7070985 -3.28742e-5 0.7072694 -0.7069442 3.31662e-5 -0.7070987 0.7071148 0 0.7069457 0.7072679 0 -0.7072693 0.7069442 3.31145e-5 0 0 1 0 0 1 -0.3573074 0.3574206 0.8628916 0.5783632 0.5777814 0.5759034 0.2136422 0.3738474 0.9025492 -0.5783632 -0.5777812 0.5759034 -0.6235909 0.7222446 0.2991607 -0.5770995 0.5771126 0.5778384 0.3573076 -0.3574206 0.8628916 -0.2136422 -0.3738473 0.9025493 0.6235907 -0.7222439 0.2991629 0.5770994 -0.5771127 0.5778384 -0.6786069 -0.6785912 0.2810814 0.7070986 -0.707115 0 -0.707115 -0.7070986 -3.28742e-5 -0.7069455 -0.707268 0 0.6786075 0.6785916 0.2810793 0.7071151 0.7070985 -3.29237e-5 0.7072692 -0.7069444 3.31145e-5 -0.7070987 0.7071148 0 -0.9806377 0.1958309 5.29437e-5 0 0 1</float_array>
          <technique_common>
            <accessor source="#lds-mesh-normals-array" count="14566" stride="3">
              <param name="X" type="float"/>
              <param name="Y" type="float"/>
              <param name="Z" type="float"/>
            </accessor>
          </technique_common>
        </source>
        <vertices id="lds-mesh-vertices">
          <input semantic="POSITION" source="#lds-mesh-positions"/>
        </vertices>
        <triangles count="14566">
          <input semantic="VERTEX" source="#lds-mesh-vertices" offset="0"/>
          <input semantic="NORMAL" source="#lds-mesh-normals" offset="1"/>
          <p>0 0 1 0 2 0 3 1 2 1 1 1 4 2 0 2 2 2 4 3 2 3 3 3 3 4 5 4 4 4 6 5 7 5 1 5 8 6 1 6 7 6 0 7 6 7 1 7 3 8 1 8 5 8 8 9 5 9 1 9 9 10 7 10 6 10 9 11 8 11 7 11 10 12 6 12 0 12 10 13 11 13 6 13 12 14 6 14 11 14 13 15 6 15 12 15 14 16 6 16 13 16 9 17 6 17 14 17 15 18 0 18 4 18 15 19 10 19 0 19 16 20 4 20 17 20 18 21 17 21 4 21 16 22 15 22 4 22 19 23 4 23 20 23 5 24 20 24 4 24 18 25 4 25 19 25 21 26 22 26 23 26 24 27 23 27 22 27 25 28 21 28 23 28 26 29 25 29 23 29 24 30 27 30 23 30 28 31 23 31 27 31 29 32 23 32 28 32 30 33 23 33 29 33 30 34 26 34 23 34 31 35 32 35 22 35 33 36 22 36 32 36 21 37 31 37 22 37 33 38 24 38 22 38 32 39 31 39 34 39 35 40 32 40 36 40 37 41 36 41 32 41 35 42 33 42 32 42 38 43 32 43 39 43 40 44 39 44 32 44 37 45 32 45 38 45 34 46 31 46 21 46 34 47 40 47 32 47 41 48 21 48 25 48 34 49 21 49 40 49 41 50 40 50 21 50 41 51 25 51 26 51 42 52 43 52 44 52 44 53 43 53 45 53 46 54 42 54 44 54 46 55 44 55 47 55 48 56 47 56 44 56 49 57 44 57 50 57 51 58 50 58 44 58 48 59 44 59 49 59 42 60 52 60 43 60 45 61 43 61 52 61 45 62 51 62 44 62 53 63 54 63 52 63 55 64 52 64 54 64 42 65 53 65 52 65 45 66 52 66 51 66 55 67 51 67 52 67 56 68 54 68 53 68 55 69 54 69 56 69 57 70 53 70 42 70 57 71 58 71 53 71 59 72 53 72 58 72 60 73 53 73 59 73 61 74 53 74 60 74 61 75 56 75 53 75 46 76 57 76 42 76 46 77 47 77 62 77 48 78 62 78 47 78 63 79 46 79 62 79 27 80 63 80 62 80 64 81 27 81 62 81 64 82 62 82 48 82 65 83 66 83 58 83 67 84 58 84 66 84 57 85 65 85 58 85 59 86 58 86 67 86 16 87 17 87 66 87 68 88 66 88 17 88 65 89 16 89 66 89 67 90 66 90 68 90 68 91 17 91 18 91 69 92 70 92 11 92 12 93 11 93 70 93 10 94 69 94 11 94 71 95 70 95 69 95 71 96 36 96 70 96 72 97 70 97 36 97 72 98 12 98 70 98 71 99 69 99 10 99 12 100 10 100 15 100 72 101 71 101 10 101 72 102 10 102 12 102 19 103 15 103 16 103 73 104 12 104 15 104 74 105 73 105 15 105 19 106 74 106 15 106 18 107 16 107 65 107 18 108 19 108 16 108 67 109 65 109 57 109 68 110 18 110 65 110 67 111 68 111 65 111 59 112 57 112 46 112 59 113 67 113 57 113 63 114 75 114 46 114 49 115 46 115 75 115 76 116 59 116 46 116 50 117 76 117 46 117 49 118 50 118 46 118 27 119 75 119 63 119 77 120 75 120 27 120 48 121 75 121 77 121 48 122 49 122 75 122 78 123 79 123 80 123 81 124 80 124 79 124 82 125 78 125 80 125 81 126 83 126 80 126 84 127 80 127 83 127 84 128 82 128 80 128 78 129 85 129 79 129 81 130 79 130 85 130 78 131 86 131 85 131 84 132 85 132 86 132 87 133 81 133 85 133 87 134 85 134 84 134 88 135 89 135 86 135 82 136 86 136 89 136 78 137 88 137 86 137 84 138 86 138 82 138 90 139 91 139 89 139 92 140 89 140 91 140 88 141 90 141 89 141 82 142 89 142 92 142 93 143 94 143 91 143 95 144 91 144 94 144 96 145 93 145 91 145 90 146 96 146 91 146 92 147 91 147 95 147 97 148 94 148 93 148 98 149 94 149 97 149 99 150 94 150 98 150 95 151 94 151 99 151 97 152 93 152 96 152 99 153 96 153 90 153 100 154 97 154 96 154 100 155 96 155 99 155 95 156 90 156 88 156 95 157 99 157 90 157 82 158 88 158 78 158 92 159 95 159 88 159 82 160 92 160 88 160 101 161 102 161 83 161 87 162 83 162 102 162 81 163 101 163 83 163 87 164 84 164 83 164 98 165 97 165 102 165 103 166 102 166 97 166 101 167 98 167 102 167 104 168 87 168 102 168 103 169 104 169 102 169 100 170 103 170 97 170 100 171 98 171 101 171 100 172 99 172 98 172 104 173 101 173 81 173 103 174 101 174 104 174 100 175 101 175 103 175 104 176 81 176 87 176 105 177 106 177 107 177 108 178 107 178 106 178 109 179 107 179 110 179 111 180 110 180 107 180 105 181 107 181 109 181 111 182 107 182 108 182 105 183 112 183 106 183 113 184 106 184 112 184 113 185 108 185 106 185 114 186 115 186 112 186 116 187 112 187 115 187 117 188 114 188 112 188 105 189 117 189 112 189 116 190 113 190 112 190 118 191 119 191 115 191 120 192 115 192 119 192 114 193 118 193 115 193 120 194 116 194 115 194 118 195 110 195 119 195 121 196 119 196 110 196 121 197 120 197 119 197 122 198 109 198 110 198 118 199 122 199 110 199 111 200 121 200 110 200 123 201 109 201 122 201 124 202 105 202 109 202 124 203 109 203 123 203 125 204 122 204 118 204 126 205 122 205 125 205 123 206 122 206 126 206 127 207 118 207 114 207 125 208 118 208 127 208 128 209 114 209 117 209 127 210 114 210 128 210 129 211 117 211 105 211 130 212 128 212 117 212 130 213 117 213 129 213 129 214 105 214 124 214 131 215 108 215 113 215 132 216 111 216 108 216 131 217 132 217 108 217 133 218 113 218 116 218 134 219 131 219 113 219 135 220 134 220 113 220 133 221 135 221 113 221 133 222 116 222 120 222 136 223 120 223 121 223 133 224 120 224 136 224 132 225 121 225 111 225 137 226 136 226 121 226 138 227 137 227 121 227 132 228 138 228 121 228 139 229 140 229 141 229 142 230 141 230 140 230 143 231 139 231 141 231 144 232 141 232 142 232 145 233 141 233 144 233 146 234 141 234 145 234 147 235 141 235 146 235 143 236 141 236 147 236 139 237 148 237 140 237 142 238 140 238 148 238 139 239 149 239 148 239 150 240 148 240 149 240 151 241 142 241 148 241 150 242 151 242 148 242 139 243 152 243 149 243 153 244 149 244 152 244 153 245 150 245 149 245 154 246 155 246 152 246 156 247 152 247 155 247 139 248 154 248 152 248 156 249 153 249 152 249 157 250 158 250 155 250 159 251 155 251 158 251 160 252 157 252 155 252 154 253 160 253 155 253 159 254 156 254 155 254 161 255 158 255 157 255 161 256 162 256 158 256 163 257 158 257 162 257 163 258 159 258 158 258 161 259 157 259 160 259 164 260 160 260 154 260 165 261 161 261 160 261 166 262 160 262 164 262 167 263 160 263 166 263 165 264 160 264 167 264 168 265 154 265 139 265 169 266 164 266 154 266 170 267 154 267 168 267 171 268 154 268 170 268 169 269 154 269 171 269 172 270 139 270 143 270 173 271 139 271 172 271 174 272 139 272 173 272 175 273 139 273 174 273 168 274 139 274 175 274 161 275 176 275 162 275 177 276 162 276 176 276 177 277 163 277 162 277 144 278 142 278 176 278 178 279 176 279 142 279 161 280 144 280 176 280 177 281 176 281 178 281 151 282 178 282 142 282 179 283 144 283 161 283 180 284 144 284 179 284 181 285 144 285 180 285 182 286 144 286 181 286 145 287 144 287 182 287 183 288 161 288 165 288 184 289 161 289 183 289 185 290 161 290 184 290 186 291 161 291 185 291 179 292 161 292 186 292 187 293 178 293 151 293 188 294 177 294 178 294 188 295 178 295 187 295 187 296 151 296 150 296 189 297 150 297 153 297 187 298 150 298 189 298 190 299 153 299 156 299 191 300 189 300 153 300 190 301 191 301 153 301 192 302 156 302 159 302 192 303 190 303 156 303 193 304 194 304 195 304 196 305 195 305 194 305 197 306 195 306 198 306 199 307 198 307 195 307 197 308 193 308 195 308 199 309 195 309 196 309 200 310 201 310 194 310 202 311 194 311 201 311 193 312 200 312 194 312 202 313 196 313 194 313 203 314 204 314 201 314 205 315 201 315 204 315 200 316 203 316 201 316 205 317 202 317 201 317 206 318 204 318 203 318 206 319 205 319 204 319 200 320 207 320 203 320 208 321 203 321 207 321 208 322 206 322 203 322 209 323 210 323 207 323 211 324 207 324 210 324 209 325 207 325 200 325 211 326 208 326 207 326 212 327 213 327 210 327 214 328 210 328 213 328 209 329 212 329 210 329 211 330 210 330 214 330 215 331 216 331 213 331 217 332 213 332 216 332 212 333 215 333 213 333 217 334 214 334 213 334 218 335 219 335 216 335 220 336 216 336 219 336 215 337 218 337 216 337 220 338 217 338 216 338 221 339 219 339 218 339 221 340 220 340 219 340 215 341 198 341 218 341 222 342 218 342 198 342 222 343 221 343 218 343 215 344 197 344 198 344 199 345 222 345 198 345 223 346 200 346 193 346 224 347 209 347 200 347 224 348 200 348 223 348 225 349 193 349 197 349 225 350 223 350 193 350 226 351 197 351 215 351 225 352 197 352 226 352 227 353 215 353 212 353 226 354 215 354 227 354 228 355 212 355 209 355 228 356 227 356 212 356 224 357 228 357 209 357 217 358 211 358 214 358 199 359 196 359 202 359 229 360 202 360 205 360 229 361 199 361 202 361 230 362 205 362 206 362 229 363 205 363 230 363 231 364 206 364 208 364 230 365 206 365 231 365 232 366 208 366 211 366 231 367 208 367 232 367 233 368 211 368 217 368 232 369 211 369 233 369 233 370 217 370 220 370 234 371 220 371 221 371 233 372 220 372 234 372 235 373 221 373 222 373 234 374 221 374 235 374 236 375 222 375 199 375 236 376 235 376 222 376 236 377 199 377 229 377 71 378 35 378 36 378 237 379 36 379 37 379 72 380 36 380 237 380 24 381 77 381 27 381 238 382 27 382 64 382 28 383 27 383 238 383 64 384 77 384 24 384 64 385 48 385 77 385 238 386 24 386 33 386 238 387 64 387 24 387 38 388 33 388 35 388 28 389 238 389 33 389 38 390 28 390 33 390 37 391 35 391 71 391 37 392 38 392 35 392 237 393 37 393 71 393 72 394 237 394 71 394 192 395 159 395 163 395 239 396 163 396 177 396 239 397 192 397 163 397 239 398 177 398 240 398 188 399 240 399 177 399 241 400 242 400 243 400 244 401 243 401 242 401 245 402 241 402 243 402 244 403 245 403 243 403 241 404 246 404 242 404 247 405 242 405 246 405 248 406 244 406 242 406 247 407 248 407 242 407 249 408 250 408 246 408 247 409 246 409 250 409 241 410 249 410 246 410 251 411 252 411 250 411 253 412 250 412 252 412 249 413 251 413 250 413 253 414 247 414 250 414 254 415 255 415 252 415 253 416 252 416 255 416 251 417 254 417 252 417 256 418 255 418 254 418 257 419 255 419 256 419 258 420 255 420 257 420 253 421 255 421 258 421 256 422 254 422 251 422 259 423 251 423 249 423 259 424 256 424 251 424 245 425 249 425 241 425 245 426 259 426 249 426 257 427 256 427 259 427 260 428 259 428 245 428 260 429 257 429 259 429 244 430 260 430 245 430 258 431 257 431 260 431 248 432 260 432 244 432 248 433 258 433 260 433 261 434 262 434 263 434 264 435 263 435 262 435 265 436 261 436 263 436 266 437 263 437 264 437 267 438 263 438 266 438 268 439 265 439 263 439 267 440 268 440 263 440 261 441 269 441 262 441 270 442 262 442 269 442 271 443 264 443 262 443 271 444 262 444 270 444 272 445 273 445 269 445 270 446 269 446 273 446 261 447 272 447 269 447 274 448 273 448 272 448 270 449 273 449 274 449 275 450 276 450 272 450 277 451 272 451 276 451 261 452 275 452 272 452 277 453 278 453 272 453 274 454 272 454 278 454 275 455 279 455 276 455 280 456 276 456 279 456 280 457 277 457 276 457 266 458 279 458 275 458 266 459 281 459 279 459 280 460 279 460 281 460 282 461 275 461 261 461 267 462 266 462 275 462 283 463 275 463 282 463 267 464 275 464 283 464 282 465 261 465 265 465 284 466 258 466 248 466 285 467 253 467 258 467 286 468 258 468 284 468 286 469 285 469 258 469 287 470 248 470 247 470 287 471 288 471 248 471 289 472 248 472 288 472 290 473 284 473 248 473 289 474 290 474 248 474 291 475 247 475 253 475 291 476 287 476 247 476 266 477 292 477 281 477 280 478 281 478 292 478 266 479 293 479 292 479 280 480 292 480 293 480 266 481 264 481 293 481 294 482 293 482 264 482 295 483 280 483 293 483 295 484 293 484 294 484 294 485 264 485 296 485 297 486 296 486 264 486 271 487 297 487 264 487 298 488 291 488 253 488 299 489 298 489 253 489 285 490 299 490 253 490 282 491 278 491 277 491 282 492 265 492 278 492 274 493 278 493 265 493 282 494 277 494 280 494 300 495 282 495 280 495 296 496 300 496 280 496 294 497 296 497 280 497 295 498 294 498 280 498 301 499 274 499 265 499 302 500 301 500 265 500 268 501 302 501 265 501 283 502 282 502 300 502 303 503 300 503 296 503 304 504 300 504 303 504 283 505 300 505 304 505 297 506 305 506 296 506 303 507 296 507 305 507 270 508 274 508 301 508 306 509 301 509 302 509 270 510 301 510 306 510 307 511 302 511 268 511 308 512 302 512 307 512 309 513 310 513 311 513 306 514 302 514 308 514 308 515 268 515 312 515 313 516 312 516 268 516 309 517 311 517 314 517 306 518 308 518 312 518 315 519 306 519 312 519 316 520 315 520 312 520 317 521 316 521 312 521 317 522 312 522 313 522 308 523 307 523 268 523 313 524 268 524 267 524 315 525 270 525 306 525 315 526 318 526 270 526 319 527 270 527 318 527 319 528 271 528 270 528 320 529 321 529 318 529 322 530 318 530 321 530 323 531 320 531 318 531 315 532 323 532 318 532 324 533 318 533 322 533 324 534 319 534 318 534 325 535 321 535 320 535 326 536 322 536 321 536 327 537 326 537 321 537 325 538 327 538 321 538 328 539 320 539 323 539 325 540 320 540 328 540 329 541 323 541 315 541 330 542 323 542 331 542 332 543 331 543 323 543 328 544 323 544 330 544 333 545 323 545 329 545 334 546 323 546 333 546 334 547 332 547 323 547 329 548 315 548 316 548 283 549 305 549 297 549 304 550 303 550 305 550 283 551 304 551 305 551 271 552 335 552 297 552 267 553 297 553 335 553 267 554 283 554 297 554 336 555 337 555 335 555 338 556 335 556 337 556 271 557 336 557 335 557 338 558 267 558 335 558 339 559 340 559 337 559 338 560 337 560 340 560 341 561 339 561 337 561 342 562 341 562 337 562 336 563 342 563 337 563 339 564 343 564 340 564 344 565 340 565 343 565 338 566 340 566 344 566 345 567 343 567 339 567 345 568 344 568 343 568 345 569 339 569 341 569 345 570 341 570 342 570 346 571 347 571 342 571 348 572 342 572 347 572 336 573 346 573 342 573 345 574 342 574 348 574 349 575 350 575 347 575 351 576 347 576 350 576 346 577 349 577 347 577 352 578 348 578 347 578 353 579 352 579 347 579 351 580 353 580 347 580 349 581 354 581 350 581 355 582 350 582 354 582 356 583 350 583 355 583 357 584 351 584 350 584 356 585 357 585 350 585 358 586 354 586 349 586 358 587 355 587 354 587 359 588 349 588 346 588 358 589 349 589 359 589 360 590 361 590 346 590 362 591 346 591 361 591 336 592 360 592 346 592 362 593 359 593 346 593 363 594 364 594 361 594 365 595 361 595 364 595 360 596 363 596 361 596 365 597 362 597 361 597 366 598 367 598 364 598 368 599 364 599 367 599 369 600 366 600 364 600 363 601 369 601 364 601 368 602 365 602 364 602 370 603 371 603 367 603 372 604 367 604 371 604 366 605 370 605 367 605 372 606 368 606 367 606 373 607 374 607 371 607 375 608 371 608 374 608 370 609 373 609 371 609 375 610 372 610 371 610 376 611 374 611 373 611 376 612 375 612 374 612 377 613 373 613 370 613 377 614 376 614 373 614 378 615 370 615 366 615 378 616 377 616 370 616 378 617 366 617 369 617 378 618 369 618 363 618 379 619 363 619 360 619 379 620 378 620 363 620 380 621 381 621 360 621 382 622 360 622 381 622 336 623 380 623 360 623 383 624 379 624 360 624 382 625 383 625 360 625 384 626 385 626 381 626 382 627 381 627 385 627 386 628 384 628 381 628 387 629 386 629 381 629 388 630 387 630 381 630 380 631 388 631 381 631 311 632 310 632 389 632 309 633 390 633 310 633 384 634 391 634 385 634 382 635 385 635 392 635 391 636 393 636 385 636 392 637 385 637 393 637 391 638 394 638 393 638 395 639 393 639 394 639 395 640 392 640 393 640 395 641 394 641 391 641 396 642 391 642 384 642 396 643 395 643 391 643 397 644 384 644 386 644 398 645 396 645 384 645 399 646 398 646 384 646 397 647 399 647 384 647 400 648 401 648 386 648 402 649 386 649 401 649 387 650 400 650 386 650 403 651 397 651 386 651 404 652 403 652 386 652 402 653 404 653 386 653 405 654 401 654 400 654 405 655 402 655 401 655 406 656 400 656 387 656 405 657 400 657 406 657 388 658 407 658 387 658 408 659 387 659 407 659 409 660 406 660 387 660 408 661 409 661 387 661 324 662 410 662 407 662 408 663 407 663 410 663 324 664 407 664 388 664 411 665 412 665 410 665 413 666 410 666 412 666 324 667 411 667 410 667 413 668 408 668 410 668 414 669 412 669 411 669 414 670 413 670 412 670 324 671 415 671 411 671 414 672 411 672 415 672 324 673 416 673 415 673 414 674 415 674 416 674 417 675 418 675 416 675 419 676 416 676 418 676 324 677 417 677 416 677 419 678 414 678 416 678 420 679 421 679 418 679 422 680 418 680 421 680 417 681 420 681 418 681 422 682 419 682 418 682 420 683 423 683 421 683 424 684 421 684 423 684 424 685 422 685 421 685 425 686 423 686 420 686 425 687 424 687 423 687 426 688 420 688 417 688 426 689 425 689 420 689 324 690 322 690 417 690 427 691 417 691 322 691 428 692 426 692 417 692 427 693 428 693 417 693 427 694 322 694 326 694 429 695 430 695 326 695 431 696 326 696 430 696 327 697 429 697 326 697 427 698 326 698 431 698 432 699 433 699 430 699 434 700 430 700 433 700 429 701 432 701 430 701 434 702 431 702 430 702 435 703 436 703 433 703 437 704 433 704 436 704 432 705 435 705 433 705 434 706 433 706 437 706 438 707 436 707 435 707 439 708 437 708 436 708 440 709 439 709 436 709 438 710 440 710 436 710 328 711 435 711 432 711 331 712 438 712 435 712 330 713 331 713 435 713 328 714 330 714 435 714 325 715 432 715 429 715 325 716 328 716 432 716 325 717 429 717 327 717 441 718 388 718 380 718 442 719 324 719 388 719 442 720 388 720 441 720 443 721 380 721 336 721 441 722 380 722 443 722 444 723 336 723 271 723 443 724 336 724 444 724 445 725 271 725 319 725 444 726 271 726 445 726 446 727 319 727 324 727 446 728 445 728 319 728 446 729 324 729 442 729 447 730 448 730 449 730 450 731 448 731 447 731 449 732 451 732 447 732 452 733 449 733 448 733 453 734 452 734 448 734 453 735 448 735 450 735 454 736 447 736 451 736 454 737 450 737 447 737 455 738 451 738 449 738 455 739 454 739 451 739 452 740 456 740 449 740 457 741 449 741 456 741 457 742 455 742 449 742 452 743 458 743 456 743 459 744 456 744 458 744 459 745 457 745 456 745 460 746 461 746 458 746 462 747 458 747 461 747 463 748 460 748 458 748 452 749 463 749 458 749 462 750 459 750 458 750 464 751 461 751 460 751 465 752 461 752 464 752 462 753 461 753 465 753 464 754 460 754 463 754 453 755 463 755 452 755 466 756 464 756 463 756 453 757 466 757 463 757 467 758 450 758 454 758 468 759 450 759 467 759 468 760 469 760 450 760 453 761 450 761 469 761 470 762 471 762 454 762 472 763 454 763 471 763 455 764 470 764 454 764 473 765 467 765 454 765 473 766 454 766 472 766 474 767 471 767 470 767 472 768 471 768 474 768 455 769 475 769 470 769 476 770 470 770 475 770 477 771 474 771 470 771 478 772 477 772 470 772 478 773 470 773 476 773 457 774 475 774 455 774 172 775 475 775 457 775 476 776 475 776 172 776 473 777 474 777 467 777 477 778 467 778 474 778 477 779 479 779 467 779 468 780 467 780 479 780 473 781 472 781 474 781 477 782 480 782 479 782 468 783 479 783 480 783 481 784 482 784 480 784 483 785 480 785 482 785 477 786 481 786 480 786 484 787 469 787 480 787 468 788 480 788 469 788 483 789 484 789 480 789 481 790 485 790 482 790 483 791 482 791 485 791 486 792 485 792 481 792 487 793 485 793 486 793 483 794 485 794 487 794 478 795 481 795 477 795 488 796 486 796 481 796 478 797 488 797 481 797 487 798 489 798 490 798 491 799 490 799 489 799 483 800 487 800 490 800 483 801 490 801 491 801 487 802 486 802 489 802 488 803 489 803 486 803 492 804 493 804 489 804 491 805 489 805 493 805 494 806 492 806 489 806 495 807 494 807 489 807 496 808 495 808 489 808 488 809 496 809 489 809 497 810 493 810 492 810 498 811 491 811 493 811 499 812 493 812 497 812 498 813 493 813 499 813 497 814 492 814 494 814 500 815 494 815 495 815 500 816 497 816 494 816 143 817 495 817 496 817 143 818 147 818 495 818 500 819 495 819 147 819 478 820 496 820 488 820 476 821 143 821 496 821 478 822 476 822 496 822 498 823 484 823 491 823 483 824 491 824 484 824 501 825 502 825 503 825 504 826 502 826 501 826 503 827 505 827 501 827 506 828 503 828 502 828 506 829 502 829 504 829 507 830 501 830 505 830 507 831 504 831 501 831 499 832 497 832 505 832 508 833 505 833 497 833 503 834 499 834 505 834 508 835 507 835 505 835 500 836 508 836 497 836 509 837 499 837 503 837 357 838 499 838 351 838 509 839 351 839 499 839 510 840 499 840 357 840 498 841 499 841 510 841 509 842 503 842 506 842 511 843 504 843 507 843 512 844 504 844 511 844 512 845 484 845 504 845 506 846 504 846 484 846 513 847 514 847 507 847 515 848 507 848 514 848 508 849 513 849 507 849 516 850 507 850 515 850 511 851 507 851 516 851 517 852 514 852 513 852 517 853 515 853 514 853 508 854 518 854 513 854 519 855 513 855 518 855 517 856 513 856 519 856 500 857 518 857 508 857 146 858 145 858 518 858 519 859 518 859 145 859 500 860 146 860 518 860 516 861 520 861 521 861 522 862 521 862 520 862 511 863 516 863 521 863 522 864 511 864 521 864 516 865 523 865 520 865 517 866 520 866 523 866 517 867 522 867 520 867 516 868 515 868 523 868 517 869 523 869 515 869 524 870 525 870 511 870 512 871 511 871 525 871 522 872 524 872 511 872 526 873 527 873 525 873 528 874 525 874 527 874 524 875 526 875 525 875 529 876 484 876 525 876 512 877 525 877 484 877 528 878 529 878 525 878 530 879 531 879 527 879 532 880 527 880 531 880 526 881 530 881 527 881 528 882 527 882 532 882 533 883 531 883 530 883 534 884 535 884 531 884 532 885 531 885 535 885 534 886 531 886 533 886 536 887 530 887 526 887 537 888 533 888 530 888 536 889 537 889 530 889 536 890 526 890 524 890 538 891 524 891 522 891 536 892 524 892 538 892 538 893 522 893 517 893 534 894 539 894 535 894 532 895 535 895 539 895 534 896 533 896 539 896 537 897 539 897 533 897 540 898 532 898 539 898 541 899 540 899 539 899 542 900 541 900 539 900 543 901 542 901 539 901 544 902 543 902 539 902 537 903 544 903 539 903 545 904 532 904 540 904 546 905 532 905 545 905 528 906 532 906 529 906 546 907 529 907 532 907 547 908 540 908 541 908 545 909 540 909 547 909 547 910 541 910 542 910 548 911 542 911 543 911 548 912 547 912 542 912 182 913 543 913 544 913 548 914 543 914 182 914 536 915 544 915 537 915 549 916 182 916 544 916 536 917 549 917 544 917 550 918 551 918 545 918 552 919 551 919 550 919 545 920 553 920 550 920 552 921 545 921 551 921 554 922 550 922 553 922 554 923 552 923 550 923 545 924 547 924 553 924 555 925 553 925 547 925 555 926 554 926 553 926 548 927 555 927 547 927 546 928 545 928 552 928 556 929 552 929 554 929 556 930 557 930 552 930 558 931 552 931 557 931 558 932 529 932 552 932 546 933 552 933 529 933 559 934 560 934 554 934 561 935 554 935 560 935 555 936 559 936 554 936 556 937 554 937 561 937 562 938 560 938 559 938 562 939 561 939 560 939 555 940 563 940 559 940 564 941 559 941 563 941 562 942 559 942 564 942 180 943 563 943 555 943 180 944 179 944 563 944 564 945 563 945 179 945 548 946 180 946 555 946 556 947 565 947 557 947 566 948 557 948 565 948 566 949 567 949 557 949 558 950 557 950 567 950 556 951 561 951 565 951 562 952 565 952 561 952 562 953 566 953 565 953 566 954 568 954 567 954 558 955 567 955 568 955 569 956 570 956 568 956 571 957 568 957 570 957 566 958 569 958 568 958 572 959 529 959 568 959 558 960 568 960 529 960 571 961 572 961 568 961 569 962 573 962 570 962 571 963 570 963 573 963 574 964 573 964 569 964 575 965 573 965 574 965 576 966 573 966 575 966 571 967 573 967 576 967 577 968 569 968 566 968 574 969 569 969 578 969 577 970 578 970 569 970 562 971 577 971 566 971 575 972 578 972 579 972 576 973 579 973 578 973 576 974 575 974 579 974 575 975 574 975 578 975 580 976 581 976 578 976 576 977 578 977 581 977 582 978 580 978 578 978 583 979 582 979 578 979 584 980 583 980 578 980 577 981 584 981 578 981 585 982 581 982 580 982 586 983 576 983 581 983 587 984 581 984 585 984 586 985 581 985 587 985 585 986 580 986 582 986 588 987 582 987 583 987 588 988 585 988 582 988 588 989 583 989 584 989 562 990 584 990 577 990 179 991 186 991 584 991 588 992 584 992 186 992 564 993 179 993 584 993 562 994 564 994 584 994 586 995 572 995 576 995 571 996 576 996 572 996 589 997 590 997 591 997 589 998 592 998 593 998 591 999 594 999 589 999 595 1000 591 1000 590 1000 596 1001 595 1001 590 1001 593 1002 590 1002 589 1002 596 1003 590 1003 593 1003 592 1004 589 1004 594 1004 597 1005 594 1005 591 1005 597 1006 592 1006 594 1006 595 1007 598 1007 591 1007 599 1008 591 1008 598 1008 599 1009 597 1009 591 1009 587 1010 585 1010 598 1010 600 1011 598 1011 585 1011 595 1012 587 1012 598 1012 599 1013 598 1013 600 1013 600 1014 585 1014 588 1014 601 1015 587 1015 595 1015 602 1016 587 1016 601 1016 586 1017 587 1017 602 1017 596 1018 601 1018 595 1018 603 1019 593 1019 592 1019 604 1020 593 1020 603 1020 604 1021 572 1021 593 1021 596 1022 593 1022 572 1022 605 1023 606 1023 592 1023 607 1024 592 1024 606 1024 597 1025 605 1025 592 1025 603 1026 592 1026 608 1026 609 1027 608 1027 592 1027 607 1028 609 1028 592 1028 610 1029 606 1029 605 1029 609 1030 606 1030 610 1030 607 1031 606 1031 609 1031 597 1032 611 1032 605 1032 612 1033 605 1033 611 1033 610 1034 605 1034 613 1034 614 1035 613 1035 605 1035 615 1036 614 1036 605 1036 615 1037 605 1037 612 1037 599 1038 611 1038 597 1038 599 1039 183 1039 611 1039 612 1040 611 1040 183 1040 613 1041 603 1041 608 1041 610 1042 613 1042 608 1042 609 1043 610 1043 608 1043 614 1044 603 1044 613 1044 614 1045 616 1045 603 1045 604 1046 603 1046 616 1046 614 1047 617 1047 616 1047 604 1048 616 1048 617 1048 618 1049 619 1049 617 1049 620 1050 617 1050 619 1050 614 1051 618 1051 617 1051 621 1052 572 1052 617 1052 604 1053 617 1053 572 1053 620 1054 621 1054 617 1054 618 1055 622 1055 619 1055 620 1056 619 1056 622 1056 623 1057 622 1057 618 1057 624 1058 622 1058 623 1058 620 1059 622 1059 624 1059 615 1060 618 1060 614 1060 625 1061 623 1061 618 1061 615 1062 625 1062 618 1062 624 1063 626 1063 627 1063 628 1064 627 1064 626 1064 620 1065 624 1065 627 1065 620 1066 627 1066 628 1066 624 1067 623 1067 626 1067 625 1068 626 1068 623 1068 629 1069 630 1069 626 1069 628 1070 626 1070 630 1070 631 1071 629 1071 626 1071 632 1072 631 1072 626 1072 633 1073 632 1073 626 1073 625 1074 633 1074 626 1074 634 1075 630 1075 629 1075 635 1076 628 1076 630 1076 635 1077 630 1077 634 1077 634 1078 629 1078 631 1078 636 1079 631 1079 632 1079 636 1080 634 1080 631 1080 165 1081 632 1081 633 1081 165 1082 167 1082 632 1082 636 1083 632 1083 167 1083 615 1084 633 1084 625 1084 612 1085 165 1085 633 1085 615 1086 612 1086 633 1086 637 1087 628 1087 635 1087 637 1088 621 1088 628 1088 620 1089 628 1089 621 1089 635 1090 638 1090 639 1090 640 1091 639 1091 638 1091 637 1092 635 1092 639 1092 641 1093 639 1093 640 1093 637 1094 639 1094 641 1094 635 1095 642 1095 638 1095 640 1096 638 1096 642 1096 643 1097 642 1097 635 1097 644 1098 642 1098 643 1098 635 1099 645 1099 643 1099 646 1100 640 1100 642 1100 647 1101 646 1101 642 1101 644 1102 647 1102 642 1102 644 1103 643 1103 645 1103 635 1104 634 1104 645 1104 644 1105 645 1105 634 1105 644 1106 634 1106 636 1106 648 1107 649 1107 650 1107 640 1108 650 1108 649 1108 651 1109 649 1109 648 1109 641 1110 640 1110 649 1110 637 1111 641 1111 649 1111 652 1112 649 1112 651 1112 652 1113 621 1113 649 1113 637 1114 649 1114 621 1114 653 1115 648 1115 650 1115 654 1116 653 1116 650 1116 655 1117 654 1117 650 1117 640 1118 655 1118 650 1118 656 1119 648 1119 653 1119 656 1120 651 1120 648 1120 657 1121 653 1121 654 1121 658 1122 656 1122 653 1122 657 1123 658 1123 653 1123 657 1124 654 1124 655 1124 657 1125 655 1125 640 1125 657 1126 640 1126 646 1126 647 1127 657 1127 646 1127 656 1128 659 1128 651 1128 652 1129 651 1129 659 1129 660 1130 661 1130 659 1130 662 1131 659 1131 661 1131 656 1132 660 1132 659 1132 663 1133 659 1133 662 1133 621 1134 659 1134 663 1134 652 1135 659 1135 621 1135 660 1136 664 1136 661 1136 665 1137 661 1137 664 1137 662 1138 661 1138 665 1138 666 1139 664 1139 660 1139 667 1140 664 1140 666 1140 668 1141 664 1141 667 1141 665 1142 664 1142 668 1142 669 1143 660 1143 656 1143 669 1144 670 1144 660 1144 666 1145 660 1145 670 1145 658 1146 669 1146 656 1146 671 1147 670 1147 672 1147 673 1148 672 1148 670 1148 665 1149 671 1149 672 1149 674 1150 675 1150 672 1150 676 1151 672 1151 675 1151 673 1152 674 1152 672 1152 676 1153 677 1153 672 1153 678 1154 672 1154 677 1154 679 1155 672 1155 678 1155 680 1156 672 1156 679 1156 680 1157 665 1157 672 1157 673 1158 670 1158 669 1158 667 1159 666 1159 670 1159 671 1160 667 1160 670 1160 681 1161 669 1161 658 1161 681 1162 673 1162 669 1162 682 1163 658 1163 657 1163 681 1164 658 1164 682 1164 683 1165 657 1165 647 1165 682 1166 657 1166 683 1166 683 1167 647 1167 684 1167 644 1168 684 1168 647 1168 668 1169 667 1169 671 1169 665 1170 668 1170 671 1170 685 1171 675 1171 674 1171 686 1172 676 1172 675 1172 685 1173 686 1173 675 1173 169 1174 674 1174 673 1174 685 1175 674 1175 169 1175 681 1176 169 1176 673 1176 686 1177 677 1177 676 1177 678 1178 677 1178 686 1178 687 1179 688 1179 689 1179 687 1180 690 1180 691 1180 689 1181 692 1181 687 1181 693 1182 689 1182 688 1182 691 1183 688 1183 687 1183 693 1184 688 1184 691 1184 690 1185 687 1185 692 1185 689 1186 686 1186 692 1186 694 1187 692 1187 686 1187 694 1188 690 1188 692 1188 695 1189 678 1189 686 1189 689 1190 695 1190 686 1190 685 1191 694 1191 686 1191 695 1192 679 1192 678 1192 696 1193 679 1193 695 1193 696 1194 680 1194 679 1194 697 1195 695 1195 689 1195 397 1196 695 1196 399 1196 697 1197 399 1197 695 1197 698 1198 695 1198 397 1198 696 1199 695 1199 698 1199 697 1200 689 1200 693 1200 699 1201 691 1201 690 1201 699 1202 700 1202 691 1202 701 1203 691 1203 700 1203 701 1204 663 1204 691 1204 693 1205 691 1205 663 1205 702 1206 703 1206 690 1206 704 1207 690 1207 703 1207 694 1208 702 1208 690 1208 699 1209 690 1209 704 1209 705 1210 703 1210 702 1210 705 1211 704 1211 703 1211 694 1212 706 1212 702 1212 707 1213 702 1213 706 1213 705 1214 702 1214 707 1214 170 1215 706 1215 694 1215 170 1216 168 1216 706 1216 707 1217 706 1217 168 1217 685 1218 170 1218 694 1218 699 1219 708 1219 700 1219 709 1220 700 1220 708 1220 709 1221 710 1221 700 1221 701 1222 700 1222 710 1222 699 1223 704 1223 708 1223 705 1224 708 1224 704 1224 705 1225 709 1225 708 1225 709 1226 711 1226 710 1226 701 1227 710 1227 711 1227 712 1228 713 1228 711 1228 714 1229 711 1229 713 1229 709 1230 712 1230 711 1230 469 1231 663 1231 711 1231 701 1232 711 1232 663 1232 714 1233 469 1233 711 1233 712 1234 715 1234 713 1234 714 1235 713 1235 715 1235 716 1236 715 1236 712 1236 716 1237 717 1237 715 1237 466 1238 715 1238 717 1238 714 1239 715 1239 466 1239 718 1240 712 1240 709 1240 716 1241 712 1241 464 1241 718 1242 464 1242 712 1242 705 1243 718 1243 709 1243 464 1244 719 1244 717 1244 466 1245 717 1245 719 1245 720 1246 464 1246 717 1246 721 1247 720 1247 717 1247 716 1248 721 1248 717 1248 466 1249 719 1249 464 1249 716 1250 464 1250 720 1250 722 1251 465 1251 464 1251 718 1252 722 1252 464 1252 716 1253 720 1253 721 1253 462 1254 465 1254 722 1254 705 1255 722 1255 718 1255 175 1256 462 1256 722 1256 168 1257 175 1257 722 1257 707 1258 168 1258 722 1258 705 1259 707 1259 722 1259 453 1260 469 1260 466 1260 714 1261 466 1261 469 1261 173 1262 457 1262 459 1262 173 1263 172 1263 457 1263 175 1264 459 1264 462 1264 174 1265 173 1265 459 1265 175 1266 174 1266 459 1266 684 1267 166 1267 164 1267 681 1268 164 1268 169 1268 683 1269 684 1269 164 1269 682 1270 683 1270 164 1270 681 1271 682 1271 164 1271 636 1272 167 1272 166 1272 636 1273 166 1273 684 1273 612 1274 183 1274 165 1274 599 1275 184 1275 183 1275 600 1276 185 1276 184 1276 599 1277 600 1277 184 1277 600 1278 186 1278 185 1278 600 1279 588 1279 186 1279 548 1280 181 1280 180 1280 548 1281 182 1281 181 1281 549 1282 145 1282 182 1282 723 1283 519 1283 145 1283 549 1284 723 1284 145 1284 500 1285 147 1285 146 1285 476 1286 172 1286 143 1286 685 1287 171 1287 170 1287 685 1288 169 1288 171 1288 644 1289 636 1289 684 1289 517 1290 519 1290 723 1290 538 1291 723 1291 549 1291 538 1292 517 1292 723 1292 536 1293 538 1293 549 1293 724 1294 136 1294 137 1294 725 1295 133 1295 136 1295 725 1296 136 1296 724 1296 726 1297 137 1297 138 1297 726 1298 724 1298 137 1298 727 1299 138 1299 132 1299 727 1300 726 1300 138 1300 728 1301 132 1301 131 1301 728 1302 727 1302 132 1302 729 1303 131 1303 134 1303 729 1304 728 1304 131 1304 730 1305 134 1305 135 1305 730 1306 729 1306 134 1306 731 1307 135 1307 133 1307 731 1308 730 1308 135 1308 725 1309 731 1309 133 1309 732 1310 724 1310 726 1310 733 1311 725 1311 724 1311 732 1312 733 1312 724 1312 734 1313 726 1313 727 1313 734 1314 732 1314 726 1314 735 1315 727 1315 728 1315 734 1316 727 1316 735 1316 736 1317 728 1317 729 1317 736 1318 735 1318 728 1318 737 1319 729 1319 730 1319 737 1320 736 1320 729 1320 738 1321 730 1321 731 1321 738 1322 737 1322 730 1322 739 1323 731 1323 725 1323 739 1324 738 1324 731 1324 733 1325 739 1325 725 1325 740 1326 735 1326 736 1326 741 1327 734 1327 735 1327 742 1328 743 1328 735 1328 741 1329 735 1329 743 1329 740 1330 742 1330 735 1330 744 1331 736 1331 737 1331 744 1332 740 1332 736 1332 745 1333 737 1333 738 1333 745 1334 744 1334 737 1334 746 1335 738 1335 739 1335 746 1336 745 1336 738 1336 747 1337 739 1337 733 1337 748 1338 746 1338 739 1338 747 1339 748 1339 739 1339 749 1340 733 1340 732 1340 749 1341 747 1341 733 1341 750 1342 732 1342 734 1342 751 1343 749 1343 732 1343 752 1344 751 1344 732 1344 753 1345 752 1345 732 1345 754 1346 753 1346 732 1346 755 1347 754 1347 732 1347 756 1348 755 1348 732 1348 750 1349 756 1349 732 1349 757 1350 750 1350 734 1350 741 1351 757 1351 734 1351 742 1352 758 1352 743 1352 759 1353 743 1353 758 1353 760 1354 741 1354 743 1354 760 1355 743 1355 759 1355 761 1356 758 1356 742 1356 761 1357 759 1357 758 1357 762 1358 742 1358 740 1358 761 1359 742 1359 762 1359 763 1360 740 1360 744 1360 763 1361 762 1361 740 1361 764 1362 744 1362 745 1362 763 1363 744 1363 764 1363 765 1364 745 1364 746 1364 764 1365 745 1365 765 1365 748 1366 766 1366 746 1366 767 1367 746 1367 766 1367 768 1368 746 1368 767 1368 765 1369 746 1369 768 1369 769 1370 766 1370 748 1370 767 1371 766 1371 769 1371 769 1372 748 1372 747 1372 770 1373 771 1373 747 1373 772 1374 747 1374 771 1374 773 1375 770 1375 747 1375 749 1376 773 1376 747 1376 769 1377 747 1377 772 1377 774 1378 771 1378 770 1378 772 1379 771 1379 775 1379 774 1380 775 1380 771 1380 776 1381 770 1381 773 1381 776 1382 774 1382 770 1382 777 1383 773 1383 749 1383 778 1384 776 1384 773 1384 778 1385 773 1385 777 1385 779 1386 749 1386 751 1386 779 1387 777 1387 749 1387 780 1388 751 1388 752 1388 779 1389 751 1389 780 1389 753 1390 781 1390 752 1390 782 1391 752 1391 781 1391 780 1392 752 1392 782 1392 783 1393 781 1393 753 1393 782 1394 781 1394 783 1394 784 1395 753 1395 754 1395 783 1396 753 1396 784 1396 785 1397 754 1397 755 1397 786 1398 754 1398 785 1398 786 1399 784 1399 754 1399 756 1400 787 1400 755 1400 788 1401 755 1401 787 1401 785 1402 755 1402 788 1402 789 1403 787 1403 756 1403 788 1404 787 1404 789 1404 789 1405 756 1405 750 1405 757 1406 790 1406 750 1406 791 1407 750 1407 790 1407 789 1408 750 1408 791 1408 792 1409 790 1409 757 1409 791 1410 790 1410 792 1410 793 1411 757 1411 741 1411 794 1412 757 1412 793 1412 794 1413 795 1413 757 1413 792 1414 757 1414 795 1414 793 1415 741 1415 760 1415 796 1416 761 1416 762 1416 797 1417 762 1417 763 1417 797 1418 796 1418 762 1418 796 1419 759 1419 761 1419 796 1420 798 1420 759 1420 799 1421 759 1421 798 1421 760 1422 759 1422 799 1422 800 1423 772 1423 775 1423 801 1424 800 1424 775 1424 802 1425 801 1425 775 1425 774 1426 802 1426 775 1426 803 1427 769 1427 772 1427 800 1428 803 1428 772 1428 803 1429 767 1429 769 1429 804 1430 768 1430 767 1430 803 1431 804 1431 767 1431 804 1432 765 1432 768 1432 805 1433 764 1433 765 1433 804 1434 805 1434 765 1434 806 1435 763 1435 764 1435 805 1436 806 1436 764 1436 807 1437 797 1437 763 1437 806 1438 807 1438 763 1438 808 1439 798 1439 796 1439 809 1440 799 1440 798 1440 810 1441 809 1441 798 1441 808 1442 810 1442 798 1442 811 1443 796 1443 797 1443 808 1444 796 1444 811 1444 812 1445 797 1445 807 1445 812 1446 811 1446 797 1446 813 1447 807 1447 806 1447 813 1448 812 1448 807 1448 813 1449 806 1449 805 1449 814 1450 805 1450 804 1450 814 1451 813 1451 805 1451 815 1452 804 1452 803 1452 816 1453 814 1453 804 1453 815 1454 816 1454 804 1454 817 1455 803 1455 800 1455 817 1456 815 1456 803 1456 818 1457 800 1457 801 1457 819 1458 800 1458 818 1458 817 1459 800 1459 819 1459 802 1460 820 1460 801 1460 818 1461 801 1461 820 1461 774 1462 820 1462 802 1462 818 1463 820 1463 774 1463 821 1464 818 1464 774 1464 822 1465 774 1465 776 1465 821 1466 774 1466 822 1466 819 1467 818 1467 823 1467 821 1468 823 1468 818 1468 822 1469 776 1469 824 1469 824 1470 825 1470 822 1470 778 1471 824 1471 776 1471 826 1472 822 1472 825 1472 821 1473 822 1473 826 1473 778 1474 825 1474 824 1474 827 1475 825 1475 778 1475 827 1476 826 1476 825 1476 828 1477 778 1477 777 1477 828 1478 777 1478 829 1478 779 1479 829 1479 777 1479 830 1480 778 1480 828 1480 830 1481 827 1481 778 1481 831 1482 828 1482 829 1482 832 1483 833 1483 829 1483 834 1484 829 1484 833 1484 779 1485 832 1485 829 1485 835 1486 831 1486 829 1486 834 1487 835 1487 829 1487 827 1488 828 1488 831 1488 830 1489 828 1489 827 1489 836 1490 837 1490 838 1490 839 1491 838 1491 837 1491 840 1492 836 1492 838 1492 841 1493 840 1493 838 1493 842 1494 841 1494 838 1494 843 1495 842 1495 838 1495 844 1496 843 1496 838 1496 845 1497 844 1497 838 1497 846 1498 845 1498 838 1498 846 1499 838 1499 839 1499 847 1500 848 1500 837 1500 849 1501 837 1501 848 1501 850 1502 847 1502 837 1502 851 1503 850 1503 837 1503 836 1504 851 1504 837 1504 849 1505 839 1505 837 1505 852 1506 853 1506 848 1506 854 1507 848 1507 853 1507 855 1508 852 1508 848 1508 847 1509 855 1509 848 1509 854 1510 849 1510 848 1510 856 1511 857 1511 853 1511 858 1512 853 1512 857 1512 859 1513 856 1513 853 1513 860 1514 859 1514 853 1514 852 1515 860 1515 853 1515 861 1516 854 1516 853 1516 862 1517 861 1517 853 1517 858 1518 862 1518 853 1518 856 1519 863 1519 857 1519 864 1520 857 1520 863 1520 858 1521 857 1521 864 1521 865 1522 866 1522 863 1522 867 1523 863 1523 866 1523 856 1524 865 1524 863 1524 868 1525 864 1525 863 1525 868 1526 863 1526 867 1526 869 1527 866 1527 865 1527 867 1528 866 1528 869 1528 870 1529 865 1529 856 1529 869 1530 865 1530 871 1530 872 1531 871 1531 865 1531 873 1532 872 1532 865 1532 870 1533 873 1533 865 1533 874 1534 856 1534 859 1534 874 1535 870 1535 856 1535 875 1536 876 1536 859 1536 877 1537 859 1537 876 1537 860 1538 875 1538 859 1538 877 1539 874 1539 859 1539 878 1540 879 1540 876 1540 880 1541 876 1541 879 1541 875 1542 878 1542 876 1542 881 1543 876 1543 880 1543 877 1544 876 1544 881 1544 834 1545 882 1545 879 1545 880 1546 879 1546 882 1546 878 1547 834 1547 879 1547 834 1548 833 1548 882 1548 883 1549 882 1549 833 1549 884 1550 882 1550 883 1550 880 1551 882 1551 884 1551 885 1552 886 1552 833 1552 887 1553 833 1553 886 1553 888 1554 885 1554 833 1554 832 1555 888 1555 833 1555 883 1556 833 1556 887 1556 889 1557 890 1557 886 1557 871 1558 886 1558 890 1558 885 1559 889 1559 886 1559 872 1560 886 1560 871 1560 887 1561 886 1561 872 1561 871 1562 890 1562 889 1562 784 1563 889 1563 885 1563 891 1564 871 1564 889 1564 786 1565 785 1565 889 1565 891 1566 889 1566 785 1566 786 1567 889 1567 784 1567 784 1568 885 1568 888 1568 892 1569 893 1569 888 1569 783 1570 888 1570 893 1570 832 1571 892 1571 888 1571 783 1572 784 1572 888 1572 782 1573 893 1573 892 1573 782 1574 783 1574 893 1574 779 1575 892 1575 832 1575 780 1576 782 1576 892 1576 779 1577 780 1577 892 1577 827 1578 831 1578 835 1578 894 1579 835 1579 834 1579 895 1580 827 1580 835 1580 896 1581 895 1581 835 1581 897 1582 896 1582 835 1582 894 1583 897 1583 835 1583 878 1584 898 1584 834 1584 899 1585 834 1585 898 1585 894 1586 834 1586 899 1586 899 1587 898 1587 878 1587 900 1588 878 1588 875 1588 901 1589 878 1589 900 1589 899 1590 878 1590 901 1590 900 1591 875 1591 860 1591 902 1592 860 1592 852 1592 902 1593 900 1593 860 1593 903 1594 904 1594 852 1594 905 1595 852 1595 904 1595 906 1596 903 1596 852 1596 855 1597 906 1597 852 1597 902 1598 852 1598 905 1598 827 1599 904 1599 903 1599 895 1600 904 1600 827 1600 907 1601 904 1601 895 1601 905 1602 904 1602 907 1602 827 1603 903 1603 906 1603 908 1604 906 1604 855 1604 827 1605 906 1605 909 1605 910 1606 909 1606 906 1606 911 1607 910 1607 906 1607 908 1608 911 1608 906 1608 912 1609 855 1609 847 1609 912 1610 908 1610 855 1610 913 1611 847 1611 850 1611 913 1612 912 1612 847 1612 914 1613 915 1613 850 1613 916 1614 850 1614 915 1614 851 1615 914 1615 850 1615 913 1616 850 1616 916 1616 909 1617 915 1617 914 1617 910 1618 915 1618 909 1618 917 1619 915 1619 910 1619 916 1620 915 1620 917 1620 909 1621 914 1621 851 1621 918 1622 851 1622 836 1622 909 1623 851 1623 919 1623 920 1624 919 1624 851 1624 921 1625 920 1625 851 1625 918 1626 921 1626 851 1626 922 1627 836 1627 840 1627 922 1628 918 1628 836 1628 923 1629 840 1629 841 1629 923 1630 922 1630 840 1630 924 1631 841 1631 842 1631 923 1632 841 1632 924 1632 919 1633 842 1633 843 1633 920 1634 842 1634 919 1634 925 1635 842 1635 920 1635 924 1636 842 1636 925 1636 844 1637 926 1637 843 1637 919 1638 843 1638 926 1638 927 1639 926 1639 844 1639 919 1640 926 1640 928 1640 929 1641 928 1641 926 1641 930 1642 929 1642 926 1642 927 1643 930 1643 926 1643 845 1644 931 1644 844 1644 932 1645 844 1645 931 1645 932 1646 927 1646 844 1646 845 1647 933 1647 931 1647 934 1648 931 1648 933 1648 934 1649 932 1649 931 1649 935 1650 936 1650 933 1650 937 1651 933 1651 936 1651 845 1652 935 1652 933 1652 934 1653 933 1653 937 1653 938 1654 939 1654 936 1654 928 1655 936 1655 939 1655 935 1656 938 1656 936 1656 929 1657 936 1657 928 1657 940 1658 936 1658 929 1658 937 1659 936 1659 940 1659 928 1660 939 1660 938 1660 941 1661 938 1661 935 1661 928 1662 938 1662 942 1662 943 1663 942 1663 938 1663 944 1664 943 1664 938 1664 941 1665 944 1665 938 1665 945 1666 946 1666 935 1666 947 1667 935 1667 946 1667 845 1668 945 1668 935 1668 947 1669 941 1669 935 1669 945 1670 948 1670 946 1670 949 1671 946 1671 948 1671 949 1672 947 1672 946 1672 950 1673 951 1673 948 1673 952 1674 948 1674 951 1674 953 1675 950 1675 948 1675 945 1676 953 1676 948 1676 949 1677 948 1677 952 1677 954 1678 955 1678 951 1678 942 1679 951 1679 955 1679 950 1680 954 1680 951 1680 943 1681 951 1681 942 1681 956 1682 951 1682 943 1682 952 1683 951 1683 956 1683 957 1684 955 1684 954 1684 942 1685 955 1685 957 1685 958 1686 954 1686 950 1686 959 1687 957 1687 954 1687 960 1688 959 1688 954 1688 958 1689 960 1689 954 1689 961 1690 962 1690 950 1690 963 1691 950 1691 962 1691 953 1692 961 1692 950 1692 963 1693 958 1693 950 1693 964 1694 965 1694 962 1694 966 1695 962 1695 965 1695 961 1696 964 1696 962 1696 966 1697 963 1697 962 1697 967 1698 968 1698 965 1698 969 1699 965 1699 968 1699 964 1700 967 1700 965 1700 966 1701 965 1701 969 1701 970 1702 971 1702 968 1702 957 1703 968 1703 971 1703 967 1704 970 1704 968 1704 959 1705 968 1705 957 1705 972 1706 968 1706 959 1706 969 1707 968 1707 972 1707 970 1708 973 1708 971 1708 957 1709 971 1709 973 1709 974 1710 973 1710 970 1710 957 1711 973 1711 974 1711 974 1712 970 1712 967 1712 975 1713 967 1713 964 1713 976 1714 974 1714 967 1714 977 1715 976 1715 967 1715 975 1716 977 1716 967 1716 978 1717 964 1717 961 1717 978 1718 975 1718 964 1718 953 1719 979 1719 961 1719 980 1720 961 1720 979 1720 980 1721 978 1721 961 1721 981 1722 982 1722 979 1722 983 1723 979 1723 982 1723 984 1724 981 1724 979 1724 985 1725 984 1725 979 1725 953 1726 985 1726 979 1726 980 1727 979 1727 983 1727 986 1728 982 1728 981 1728 976 1729 982 1729 986 1729 987 1730 982 1730 976 1730 983 1731 982 1731 987 1731 988 1732 981 1732 984 1732 989 1733 981 1733 988 1733 986 1734 981 1734 989 1734 990 1735 984 1735 985 1735 991 1736 988 1736 984 1736 990 1737 991 1737 984 1737 992 1738 985 1738 953 1738 993 1739 985 1739 992 1739 990 1740 985 1740 993 1740 994 1741 953 1741 945 1741 995 1742 992 1742 953 1742 994 1743 995 1743 953 1743 996 1744 945 1744 845 1744 996 1745 994 1745 945 1745 846 1746 996 1746 845 1746 997 1747 858 1747 864 1747 998 1748 997 1748 864 1748 760 1749 998 1749 864 1749 793 1750 760 1750 864 1750 999 1751 793 1751 864 1751 868 1752 999 1752 864 1752 1000 1753 839 1753 849 1753 1000 1754 846 1754 839 1754 854 1755 1001 1755 849 1755 1000 1756 849 1756 1001 1756 1002 1757 1001 1757 854 1757 1002 1758 1003 1758 1001 1758 1000 1759 1001 1759 1003 1759 1004 1760 854 1760 861 1760 1002 1761 854 1761 1004 1761 1005 1762 861 1762 862 1762 1006 1763 1004 1763 861 1763 1007 1764 1006 1764 861 1764 1008 1765 1007 1765 861 1765 1005 1766 1008 1766 861 1766 1009 1767 862 1767 858 1767 1010 1768 1011 1768 862 1768 1012 1769 862 1769 1011 1769 1013 1770 1010 1770 862 1770 1014 1771 1013 1771 862 1771 1012 1772 1005 1772 862 1772 1015 1773 1014 1773 862 1773 1009 1774 1015 1774 862 1774 1009 1775 858 1775 997 1775 1016 1776 1017 1776 997 1776 1018 1777 997 1777 1017 1777 998 1778 1016 1778 997 1778 1018 1779 1009 1779 997 1779 1019 1780 1017 1780 1016 1780 1020 1781 1017 1781 1019 1781 1021 1782 1017 1782 1020 1782 1018 1783 1017 1783 1021 1783 799 1784 1016 1784 998 1784 1022 1785 1019 1785 1016 1785 799 1786 1022 1786 1016 1786 760 1787 799 1787 998 1787 1022 1788 992 1788 1019 1788 1020 1789 1019 1789 992 1789 1022 1790 993 1790 992 1790 995 1791 1020 1791 992 1791 990 1792 993 1792 1022 1792 1023 1793 1022 1793 799 1793 1023 1794 990 1794 1022 1794 1023 1795 799 1795 809 1795 999 1796 1024 1796 793 1796 1025 1797 793 1797 1024 1797 1025 1798 794 1798 793 1798 1026 1799 1024 1799 999 1799 1026 1800 1025 1800 1024 1800 1026 1801 999 1801 868 1801 1021 1802 1020 1802 995 1802 1027 1803 995 1803 994 1803 1021 1804 995 1804 1027 1804 1028 1805 994 1805 996 1805 1029 1806 994 1806 1030 1806 1028 1807 1030 1807 994 1807 1031 1808 994 1808 1029 1808 1032 1809 994 1809 1031 1809 1033 1810 1027 1810 994 1810 1032 1811 1033 1811 994 1811 1034 1812 996 1812 846 1812 1034 1813 1028 1813 996 1813 1034 1814 846 1814 1000 1814 1035 1815 1011 1815 1010 1815 1036 1816 1012 1816 1011 1816 1037 1817 1011 1817 1038 1817 1035 1818 1038 1818 1011 1818 1037 1819 1036 1819 1011 1819 1039 1820 1010 1820 1013 1820 1040 1821 1010 1821 1039 1821 1041 1822 1010 1822 1040 1822 1035 1823 1010 1823 1041 1823 1039 1824 1013 1824 1014 1824 1042 1825 1004 1825 1006 1825 1002 1826 1004 1826 1042 1826 1043 1827 1006 1827 1007 1827 1044 1828 1042 1828 1006 1828 1045 1829 1044 1829 1006 1829 1043 1830 1045 1830 1006 1830 1046 1831 1007 1831 1008 1831 1046 1832 1045 1832 1007 1832 1043 1833 1007 1833 1045 1833 1046 1834 1008 1834 1005 1834 1047 1835 1005 1835 1012 1835 1046 1836 1005 1836 1047 1836 1036 1837 1047 1837 1012 1837 1048 1838 1002 1838 1042 1838 1048 1839 1042 1839 1044 1839 1049 1840 1003 1840 1002 1840 1000 1841 1003 1841 1049 1841 1049 1842 1002 1842 1050 1842 1048 1843 1050 1843 1002 1843 1051 1844 1014 1844 1015 1844 1052 1845 1014 1845 1051 1845 1052 1846 1039 1846 1014 1846 1018 1847 1015 1847 1009 1847 1018 1848 1051 1848 1015 1848 1053 1849 445 1849 1054 1849 446 1850 1054 1850 445 1850 1055 1851 1053 1851 1054 1851 1056 1852 1054 1852 446 1852 1057 1853 1054 1853 1056 1853 1055 1854 1054 1854 1057 1854 1053 1855 444 1855 445 1855 1058 1856 443 1856 444 1856 1053 1857 1058 1857 444 1857 1059 1858 441 1858 443 1858 1058 1859 1059 1859 443 1859 1060 1860 441 1860 1059 1860 1060 1861 442 1861 441 1861 1061 1862 1059 1862 1058 1862 1062 1863 1060 1863 1059 1863 1062 1864 1059 1864 1061 1864 1055 1865 1058 1865 1053 1865 1063 1866 1061 1866 1058 1866 1063 1867 1058 1867 1055 1867 1056 1868 446 1868 442 1868 1060 1869 1056 1869 442 1869 1062 1870 1056 1870 1060 1870 1064 1871 1056 1871 1062 1871 1057 1872 1056 1872 1064 1872 1065 1873 359 1873 362 1873 357 1874 358 1874 359 1874 1065 1875 357 1875 359 1875 1066 1876 362 1876 365 1876 1066 1877 316 1877 362 1877 317 1878 362 1878 316 1878 1065 1879 362 1879 317 1879 375 1880 365 1880 368 1880 376 1881 365 1881 375 1881 1066 1882 365 1882 376 1882 375 1883 368 1883 372 1883 357 1884 355 1884 358 1884 356 1885 355 1885 357 1885 345 1886 348 1886 352 1886 344 1887 352 1887 353 1887 345 1888 352 1888 344 1888 509 1889 353 1889 351 1889 1067 1890 344 1890 353 1890 1068 1891 353 1891 509 1891 1068 1892 1067 1892 353 1892 357 1893 1069 1893 1070 1893 1071 1894 1069 1894 357 1894 1071 1895 357 1895 1065 1895 1072 1896 338 1896 344 1896 1072 1897 344 1897 1067 1897 313 1898 267 1898 338 1898 1072 1899 1073 1899 338 1899 313 1900 338 1900 1073 1900 383 1901 376 1901 377 1901 1066 1902 376 1902 383 1902 379 1903 377 1903 378 1903 383 1904 377 1904 379 1904 1074 1905 382 1905 392 1905 1075 1906 392 1906 395 1906 1076 1907 1074 1907 392 1907 1077 1908 392 1908 1075 1908 1076 1909 392 1909 1077 1909 1078 1910 383 1910 382 1910 1066 1911 383 1911 1078 1911 1078 1912 382 1912 1074 1912 1075 1913 395 1913 396 1913 1075 1914 396 1914 398 1914 1075 1915 398 1915 399 1915 1079 1916 399 1916 697 1916 1079 1917 1075 1917 399 1917 698 1918 397 1918 403 1918 406 1919 403 1919 404 1919 409 1920 403 1920 406 1920 1080 1921 403 1921 409 1921 1081 1922 403 1922 1080 1922 403 1923 1082 1923 1083 1923 1081 1924 1082 1924 403 1924 405 1925 404 1925 402 1925 405 1926 406 1926 404 1926 425 1927 409 1927 408 1927 426 1928 409 1928 425 1928 1084 1929 409 1929 426 1929 1085 1930 1080 1930 409 1930 1085 1931 409 1931 1086 1931 1084 1932 1086 1932 409 1932 424 1933 408 1933 413 1933 425 1934 408 1934 424 1934 422 1935 413 1935 414 1935 424 1936 413 1936 422 1936 422 1937 414 1937 419 1937 1084 1938 426 1938 428 1938 439 1939 427 1939 431 1939 434 1940 437 1940 431 1940 439 1941 431 1941 437 1941 333 1942 428 1942 427 1942 333 1943 1074 1943 428 1943 1076 1944 428 1944 1074 1944 1087 1945 1084 1945 428 1945 1087 1946 428 1946 1076 1946 440 1947 427 1947 439 1947 1088 1948 427 1948 440 1948 333 1949 427 1949 1088 1949 602 1950 440 1950 438 1950 1089 1951 1088 1951 440 1951 1089 1952 440 1952 601 1952 602 1953 601 1953 440 1953 602 1954 438 1954 331 1954 331 1955 1090 1955 1091 1955 1092 1956 1090 1956 331 1956 332 1957 1092 1957 331 1957 1093 1958 1094 1958 1095 1958 1096 1959 1095 1959 1094 1959 1097 1960 1093 1960 1095 1960 1098 1961 1095 1961 1096 1961 1097 1962 1095 1962 1098 1962 1093 1963 1099 1963 1094 1963 1100 1964 1094 1964 1099 1964 1101 1965 1096 1965 1094 1965 1100 1966 1101 1966 1094 1966 1030 1967 1102 1967 1099 1967 1103 1968 1099 1968 1102 1968 1029 1969 1030 1969 1099 1969 1031 1970 1029 1970 1099 1970 1093 1971 1031 1971 1099 1971 1103 1972 1100 1972 1099 1972 1104 1973 1102 1973 1030 1973 1104 1974 1105 1974 1102 1974 1096 1975 1102 1975 1105 1975 1106 1976 1102 1976 1096 1976 1103 1977 1102 1977 1106 1977 1028 1978 1104 1978 1030 1978 1107 1979 1031 1979 1093 1979 1108 1980 1031 1980 1109 1980 1107 1981 1109 1981 1031 1981 1032 1982 1031 1982 1108 1982 1107 1983 1093 1983 1097 1983 1028 1984 1105 1984 1104 1984 1098 1985 1096 1985 1105 1985 1110 1986 1098 1986 1105 1986 1111 1987 1112 1987 1105 1987 1110 1988 1105 1988 1112 1988 1111 1989 1105 1989 1028 1989 1101 1990 1106 1990 1096 1990 1113 1991 1097 1991 1098 1991 1110 1992 1113 1992 1098 1992 1114 1993 1106 1993 1101 1993 1115 1994 1103 1994 1106 1994 1115 1995 1106 1995 1114 1995 1116 1996 1101 1996 1100 1996 1114 1997 1101 1997 1116 1997 1117 1998 1100 1998 1103 1998 1116 1999 1100 1999 1117 1999 1115 2000 1117 2000 1103 2000 1118 2001 989 2001 988 2001 991 2002 1118 2002 988 2002 1119 2003 1120 2003 989 2003 986 2004 989 2004 1120 2004 1118 2005 1119 2005 989 2005 1119 2006 1121 2006 1120 2006 1122 2007 1120 2007 1121 2007 1123 2008 1120 2008 1122 2008 1124 2009 1120 2009 1123 2009 974 2010 1120 2010 1124 2010 974 2011 986 2011 1120 2011 1125 2012 1126 2012 1121 2012 1122 2013 1121 2013 1126 2013 1127 2014 1125 2014 1121 2014 1119 2015 1127 2015 1121 2015 1128 2016 1126 2016 1125 2016 1128 2017 1122 2017 1126 2017 1127 2018 1119 2018 1129 2018 1129 2019 1125 2019 1127 2019 1130 2020 1125 2020 1129 2020 1130 2021 1128 2021 1125 2021 1131 2022 1119 2022 1118 2022 1129 2023 1119 2023 1131 2023 991 2024 990 2024 1023 2024 1023 2025 1118 2025 991 2025 1132 2026 1118 2026 1023 2026 1132 2027 1133 2027 1118 2027 1131 2028 1118 2028 1133 2028 1132 2029 1023 2029 809 2029 1132 2030 809 2030 810 2030 1134 2031 1135 2031 1136 2031 1137 2032 1136 2032 1135 2032 1138 2033 1134 2033 1136 2033 1139 2034 1138 2034 1136 2034 1140 2035 1139 2035 1136 2035 1141 2036 1140 2036 1136 2036 1142 2037 1141 2037 1136 2037 1137 2038 1142 2038 1136 2038 1134 2039 1143 2039 1135 2039 1144 2040 1135 2040 1143 2040 1145 2041 1137 2041 1135 2041 1146 2042 1145 2042 1135 2042 1144 2043 1146 2043 1135 2043 1144 2044 1143 2044 1134 2044 1147 2045 1134 2045 1138 2045 1148 2046 1149 2046 1134 2046 1144 2047 1134 2047 1149 2047 1150 2048 1148 2048 1134 2048 1150 2049 1134 2049 1151 2049 1152 2050 1151 2050 1134 2050 1147 2051 1152 2051 1134 2051 1139 2052 1153 2052 1138 2052 1154 2053 1138 2053 1153 2053 1147 2054 1138 2054 1154 2054 1155 2055 1156 2055 1153 2055 1157 2056 1153 2056 1156 2056 1158 2057 1155 2057 1153 2057 1139 2058 1158 2058 1153 2058 1159 2059 1153 2059 1157 2059 1160 2060 1154 2060 1153 2060 1159 2061 1160 2061 1153 2061 1161 2062 1156 2062 1155 2062 1161 2063 1157 2063 1156 2063 811 2064 1155 2064 1162 2064 1158 2065 1162 2065 1155 2065 1161 2066 1155 2066 811 2066 1158 2067 811 2067 1162 2067 1158 2068 808 2068 811 2068 1161 2069 811 2069 812 2069 1132 2070 810 2070 808 2070 1163 2071 808 2071 1158 2071 1132 2072 808 2072 1163 2072 1164 2073 1158 2073 1139 2073 1163 2074 1158 2074 1164 2074 1164 2075 1139 2075 1140 2075 1164 2076 1140 2076 1141 2076 1165 2077 1166 2077 1167 2077 1164 2078 1167 2078 1166 2078 1168 2079 1166 2079 1165 2079 1169 2080 1164 2080 1166 2080 1170 2081 1169 2081 1166 2081 1171 2082 1170 2082 1166 2082 1168 2083 1171 2083 1166 2083 1164 2084 1165 2084 1167 2084 1164 2085 1141 2085 1165 2085 1168 2086 1165 2086 1141 2086 1168 2087 1141 2087 1171 2087 1172 2088 1171 2088 1141 2088 1142 2089 1172 2089 1141 2089 1163 2090 1164 2090 1169 2090 1173 2091 1169 2091 1170 2091 1174 2092 1175 2092 1169 2092 1163 2093 1169 2093 1175 2093 1173 2094 1174 2094 1169 2094 1176 2095 1177 2095 1170 2095 1178 2096 1170 2096 1177 2096 1179 2097 1176 2097 1170 2097 1171 2098 1179 2098 1170 2098 1178 2099 1173 2099 1170 2099 1180 2100 1181 2100 1177 2100 1182 2101 1177 2101 1181 2101 1176 2102 1180 2102 1177 2102 1182 2103 1178 2103 1177 2103 1180 2104 1183 2104 1181 2104 1184 2105 1181 2105 1183 2105 1184 2106 1182 2106 1181 2106 1185 2107 1186 2107 1183 2107 1187 2108 1183 2108 1186 2108 1188 2109 1185 2109 1183 2109 1180 2110 1188 2110 1183 2110 1187 2111 1184 2111 1183 2111 1189 2112 1190 2112 1186 2112 1191 2113 1186 2113 1190 2113 1192 2114 1189 2114 1186 2114 1185 2115 1192 2115 1186 2115 1191 2116 1187 2116 1186 2116 1193 2117 1190 2117 1189 2117 1191 2118 1190 2118 1193 2118 1193 2119 1189 2119 1192 2119 1194 2120 1192 2120 1185 2120 1193 2121 1192 2121 1129 2121 1130 2122 1129 2122 1192 2122 1195 2123 1130 2123 1192 2123 1196 2124 1195 2124 1192 2124 1194 2125 1196 2125 1192 2125 1194 2126 1185 2126 1188 2126 1194 2127 1188 2127 1180 2127 1194 2128 1180 2128 1176 2128 1172 2129 1176 2129 1179 2129 1172 2130 1194 2130 1176 2130 1172 2131 1179 2131 1171 2131 1174 2132 1197 2132 1175 2132 1163 2133 1175 2133 1197 2133 1198 2134 1199 2134 1197 2134 1132 2135 1197 2135 1199 2135 1174 2136 1198 2136 1197 2136 1132 2137 1163 2137 1197 2137 1198 2138 1133 2138 1199 2138 1132 2139 1199 2139 1133 2139 1198 2140 1200 2140 1133 2140 1131 2141 1133 2141 1200 2141 1198 2142 1201 2142 1200 2142 1131 2143 1200 2143 1201 2143 1191 2144 1201 2144 1198 2144 1202 2145 1131 2145 1201 2145 1191 2146 1202 2146 1201 2146 1203 2147 1198 2147 1174 2147 1204 2148 1191 2148 1198 2148 1203 2149 1204 2149 1198 2149 1205 2150 1174 2150 1173 2150 1205 2151 1203 2151 1174 2151 1206 2152 1173 2152 1178 2152 1205 2153 1173 2153 1206 2153 1207 2154 1178 2154 1182 2154 1206 2155 1178 2155 1207 2155 1208 2156 1182 2156 1184 2156 1207 2157 1182 2157 1208 2157 1193 2158 1129 2158 1131 2158 1202 2159 1193 2159 1131 2159 1191 2160 1193 2160 1202 2160 1209 2161 1184 2161 1187 2161 1209 2162 1208 2162 1184 2162 1210 2163 1187 2163 1191 2163 1210 2164 1209 2164 1187 2164 1204 2165 1210 2165 1191 2165 1203 2166 1208 2166 1209 2166 1205 2167 1208 2167 1203 2167 1205 2168 1207 2168 1208 2168 1204 2169 1209 2169 1210 2169 1203 2170 1209 2170 1204 2170 1205 2171 1206 2171 1207 2171 1128 2172 1211 2172 1122 2172 1123 2173 1122 2173 1211 2173 1212 2174 1211 2174 1128 2174 1123 2175 1211 2175 1213 2175 1214 2176 1213 2176 1211 2176 1214 2177 1211 2177 1212 2177 1215 2178 1128 2178 1130 2178 1216 2179 1217 2179 1128 2179 1218 2180 1128 2180 1217 2180 1219 2181 1216 2181 1128 2181 1215 2182 1219 2182 1128 2182 1220 2183 1212 2183 1128 2183 1218 2184 1220 2184 1128 2184 1195 2185 1215 2185 1130 2185 1221 2186 1222 2186 1223 2186 1224 2187 1223 2187 1222 2187 1225 2188 1221 2188 1223 2188 1226 2189 1225 2189 1223 2189 1227 2190 1226 2190 1223 2190 1224 2191 1227 2191 1223 2191 1124 2192 1228 2192 1222 2192 1229 2193 1222 2193 1228 2193 1221 2194 1124 2194 1222 2194 1224 2195 1222 2195 1229 2195 1124 2196 1230 2196 1228 2196 1231 2197 1228 2197 1230 2197 1232 2198 1228 2198 1231 2198 1233 2199 1228 2199 1232 2199 1234 2200 1228 2200 1233 2200 1229 2201 1228 2201 1234 2201 1124 2202 1235 2202 1230 2202 1231 2203 1230 2203 1235 2203 1124 2204 1236 2204 1235 2204 1237 2205 1235 2205 1236 2205 1238 2206 1231 2206 1235 2206 1237 2207 1238 2207 1235 2207 1124 2208 1239 2208 1236 2208 1240 2209 1236 2209 1239 2209 1240 2210 1237 2210 1236 2210 1241 2211 1242 2211 1239 2211 1243 2212 1239 2212 1242 2212 1124 2213 1241 2213 1239 2213 1244 2214 1239 2214 1243 2214 1240 2215 1239 2215 1244 2215 1241 2216 1245 2216 1242 2216 1243 2217 1242 2217 1245 2217 1241 2218 1246 2218 1245 2218 1247 2219 1245 2219 1246 2219 1248 2220 1245 2220 1247 2220 1249 2221 1245 2221 1248 2221 1243 2222 1245 2222 1249 2222 1241 2223 1250 2223 1246 2223 1251 2224 1246 2224 1250 2224 1251 2225 1247 2225 1246 2225 1241 2226 1252 2226 1250 2226 1253 2227 1250 2227 1252 2227 1254 2228 1255 2228 1250 2228 1256 2229 1250 2229 1255 2229 1253 2230 1254 2230 1250 2230 1251 2231 1250 2231 1256 2231 1241 2232 1257 2232 1252 2232 1253 2233 1252 2233 1257 2233 1123 2234 1213 2234 1257 2234 1214 2235 1257 2235 1213 2235 1241 2236 1123 2236 1257 2236 1258 2237 1257 2237 1214 2237 1258 2238 1253 2238 1257 2238 1124 2239 1123 2239 1241 2239 942 2240 1124 2240 1221 2240 957 2241 974 2241 1124 2241 942 2242 957 2242 1124 2242 1259 2243 1260 2243 1221 2243 919 2244 1221 2244 1260 2244 1261 2245 1259 2245 1221 2245 1262 2246 1261 2246 1221 2246 1263 2247 1262 2247 1221 2247 1264 2248 1263 2248 1221 2248 1225 2249 1264 2249 1221 2249 928 2250 942 2250 1221 2250 919 2251 928 2251 1221 2251 1265 2252 1266 2252 1260 2252 1267 2253 1260 2253 1266 2253 1268 2254 1265 2254 1260 2254 1269 2255 1268 2255 1260 2255 1270 2256 1269 2256 1260 2256 1271 2257 1270 2257 1260 2257 1272 2258 1271 2258 1260 2258 1273 2259 1272 2259 1260 2259 1274 2260 1273 2260 1260 2260 1275 2261 1274 2261 1260 2261 1259 2262 1275 2262 1260 2262 826 2263 1260 2263 1267 2263 827 2264 1260 2264 826 2264 909 2265 919 2265 1260 2265 827 2266 909 2266 1260 2266 1265 2267 1276 2267 1266 2267 1277 2268 1266 2268 1276 2268 1278 2269 1266 2269 1277 2269 1279 2270 1266 2270 1278 2270 1267 2271 1266 2271 1279 2271 1277 2272 1276 2272 1265 2272 1277 2273 1265 2273 1268 2273 1269 2274 1280 2274 1268 2274 1281 2275 1268 2275 1280 2275 1277 2276 1268 2276 1281 2276 1269 2277 1282 2277 1280 2277 1281 2278 1280 2278 1282 2278 1283 2279 1282 2279 1269 2279 1284 2280 1282 2280 1283 2280 1284 2281 1285 2281 1282 2281 1286 2282 1282 2282 1285 2282 1281 2283 1282 2283 1286 2283 1287 2284 1269 2284 1270 2284 1283 2285 1269 2285 1287 2285 1288 2286 1270 2286 1271 2286 1289 2287 1287 2287 1270 2287 1290 2288 1289 2288 1270 2288 1290 2289 1270 2289 1288 2289 1291 2290 1271 2290 1272 2290 1291 2291 1288 2291 1271 2291 1292 2292 1272 2292 1273 2292 1293 2293 1272 2293 1292 2293 1294 2294 1272 2294 1293 2294 1295 2295 1272 2295 1294 2295 1291 2296 1272 2296 1295 2296 1292 2297 1273 2297 1274 2297 1296 2298 1274 2298 1275 2298 1297 2299 1292 2299 1274 2299 1296 2300 1297 2300 1274 2300 1298 2301 1275 2301 1259 2301 1298 2302 1296 2302 1275 2302 1299 2303 1259 2303 1261 2303 1300 2304 1259 2304 1299 2304 1298 2305 1259 2305 1300 2305 1299 2306 1261 2306 1262 2306 1301 2307 1262 2307 1263 2307 1299 2308 1262 2308 1302 2308 1303 2309 1302 2309 1262 2309 1301 2310 1303 2310 1262 2310 1304 2311 1263 2311 1264 2311 1304 2312 1301 2312 1263 2312 1305 2313 1264 2313 1225 2313 1306 2314 1264 2314 1305 2314 1307 2315 1264 2315 1306 2315 1304 2316 1264 2316 1307 2316 1226 2317 1308 2317 1225 2317 1309 2318 1225 2318 1308 2318 1309 2319 1305 2319 1225 2319 1310 2320 1308 2320 1226 2320 1311 2321 1309 2321 1308 2321 1311 2322 1308 2322 1310 2322 1310 2323 1226 2323 1227 2323 1312 2324 1310 2324 1227 2324 1313 2325 1312 2325 1227 2325 1314 2326 1313 2326 1227 2326 1224 2327 1314 2327 1227 2327 1311 2328 1305 2328 1309 2328 1306 2329 1305 2329 1311 2329 1315 2330 1310 2330 1312 2330 1315 2331 1311 2331 1310 2331 1316 2332 1317 2332 1312 2332 1315 2333 1312 2333 1317 2333 1318 2334 1316 2334 1312 2334 1313 2335 1318 2335 1312 2335 1319 2336 1320 2336 1317 2336 1321 2337 1317 2337 1320 2337 1316 2338 1319 2338 1317 2338 1322 2339 1317 2339 1321 2339 1322 2340 1315 2340 1317 2340 1323 2341 1324 2341 1320 2341 1325 2342 1320 2342 1324 2342 1319 2343 1323 2343 1320 2343 1321 2344 1320 2344 1325 2344 1326 2345 1324 2345 1323 2345 1327 2346 1324 2346 1326 2346 1325 2347 1324 2347 1327 2347 1328 2348 1323 2348 1319 2348 1329 2349 1323 2349 1328 2349 1329 2350 1326 2350 1323 2350 1330 2351 1319 2351 1316 2351 1330 2352 1328 2352 1319 2352 1330 2353 1316 2353 1318 2353 1229 2354 1318 2354 1313 2354 1331 2355 1330 2355 1318 2355 1229 2356 1331 2356 1318 2356 1229 2357 1313 2357 1314 2357 1224 2358 1229 2358 1314 2358 1332 2359 1333 2359 1334 2359 1335 2360 1334 2360 1333 2360 1336 2361 1332 2361 1334 2361 1337 2362 1338 2362 1334 2362 1339 2363 1334 2363 1338 2363 1335 2364 1337 2364 1334 2364 1340 2365 1341 2365 1334 2365 1336 2366 1334 2366 1341 2366 1342 2367 1340 2367 1334 2367 1343 2368 1342 2368 1334 2368 1344 2369 1343 2369 1334 2369 1345 2370 1344 2370 1334 2370 1346 2371 1345 2371 1334 2371 1339 2372 1346 2372 1334 2372 1347 2373 1348 2373 1333 2373 1335 2374 1333 2374 1348 2374 1332 2375 1347 2375 1333 2375 1349 2376 1350 2376 1348 2376 1351 2377 1348 2377 1350 2377 1347 2378 1349 2378 1348 2378 1352 2379 1335 2379 1348 2379 1351 2380 1352 2380 1348 2380 1349 2381 1353 2381 1350 2381 1354 2382 1350 2382 1353 2382 1351 2383 1350 2383 1354 2383 1329 2384 1328 2384 1353 2384 1354 2385 1353 2385 1328 2385 1349 2386 1329 2386 1353 2386 1330 2387 1355 2387 1328 2387 1356 2388 1328 2388 1355 2388 1354 2389 1328 2389 1356 2389 1357 2390 1358 2390 1355 2390 1359 2391 1355 2391 1358 2391 1330 2392 1357 2392 1355 2392 1356 2393 1355 2393 1359 2393 1360 2394 1361 2394 1358 2394 1362 2395 1358 2395 1361 2395 1357 2396 1360 2396 1358 2396 1359 2397 1358 2397 1362 2397 1360 2398 1363 2398 1361 2398 1362 2399 1361 2399 1363 2399 1364 2400 1365 2400 1363 2400 1366 2401 1363 2401 1365 2401 1360 2402 1364 2402 1363 2402 1367 2403 1362 2403 1363 2403 1368 2404 1367 2404 1363 2404 1368 2405 1363 2405 1366 2405 1369 2406 1365 2406 1364 2406 1366 2407 1365 2407 1370 2407 1371 2408 1370 2408 1365 2408 1372 2409 1365 2409 1369 2409 1372 2410 1371 2410 1365 2410 1373 2411 1364 2411 1360 2411 1374 2412 1364 2412 1373 2412 1374 2413 1369 2413 1364 2413 1375 2414 1360 2414 1357 2414 1376 2415 1360 2415 1375 2415 1373 2416 1360 2416 1376 2416 1231 2417 1357 2417 1330 2417 1377 2418 1357 2418 1249 2418 1378 2419 1249 2419 1357 2419 1379 2420 1357 2420 1377 2420 1375 2421 1357 2421 1379 2421 1243 2422 1378 2422 1357 2422 1380 2423 1243 2423 1357 2423 1381 2424 1380 2424 1357 2424 1231 2425 1381 2425 1357 2425 1232 2426 1231 2426 1330 2426 1233 2427 1232 2427 1330 2427 1382 2428 1233 2428 1330 2428 1383 2429 1382 2429 1330 2429 1384 2430 1383 2430 1330 2430 1385 2431 1384 2431 1330 2431 1386 2432 1385 2432 1330 2432 1387 2433 1386 2433 1330 2433 1388 2434 1387 2434 1330 2434 1389 2435 1388 2435 1330 2435 1331 2436 1389 2436 1330 2436 1329 2437 1390 2437 1326 2437 1391 2438 1326 2438 1390 2438 1391 2439 1327 2439 1326 2439 1392 2440 1390 2440 1329 2440 1393 2441 1394 2441 1390 2441 1395 2442 1390 2442 1394 2442 1396 2443 1393 2443 1390 2443 1392 2444 1396 2444 1390 2444 1395 2445 1391 2445 1390 2445 1302 2446 1329 2446 1349 2446 1302 2447 1397 2447 1329 2447 1392 2448 1329 2448 1397 2448 1292 2449 1349 2449 1347 2449 1398 2450 1302 2450 1349 2450 1299 2451 1398 2451 1349 2451 1399 2452 1299 2452 1349 2452 1400 2453 1399 2453 1349 2453 1292 2454 1400 2454 1349 2454 1401 2455 1347 2455 1332 2455 1293 2456 1292 2456 1347 2456 1294 2457 1293 2457 1347 2457 1402 2458 1294 2458 1347 2458 1403 2459 1402 2459 1347 2459 1404 2460 1403 2460 1347 2460 1405 2461 1404 2461 1347 2461 1401 2462 1405 2462 1347 2462 1406 2463 1332 2463 1336 2463 1407 2464 1332 2464 1406 2464 1408 2465 1401 2465 1332 2465 1407 2466 1408 2466 1332 2466 1409 2467 1338 2467 1337 2467 1410 2468 1339 2468 1338 2468 1411 2469 1410 2469 1338 2469 1409 2470 1411 2470 1338 2470 1412 2471 1337 2471 1335 2471 1412 2472 1413 2472 1337 2472 1414 2473 1337 2473 1413 2473 1415 2474 1337 2474 1414 2474 1416 2475 1337 2475 1415 2475 1417 2476 1337 2476 1416 2476 1418 2477 1337 2477 1417 2477 1418 2478 1409 2478 1337 2478 1352 2479 1412 2479 1335 2479 1419 2480 1341 2480 1340 2480 1336 2481 1341 2481 1419 2481 1420 2482 1340 2482 1342 2482 1419 2483 1340 2483 1420 2483 1420 2484 1342 2484 1343 2484 1421 2485 1343 2485 1344 2485 1420 2486 1343 2486 1421 2486 1422 2487 1344 2487 1345 2487 1421 2488 1344 2488 1422 2488 1422 2489 1345 2489 1346 2489 1423 2490 1346 2490 1339 2490 1424 2491 1422 2491 1346 2491 1423 2492 1424 2492 1346 2492 1425 2493 1339 2493 1410 2493 1423 2494 1339 2494 1425 2494 1426 2495 1427 2495 1413 2495 1414 2496 1413 2496 1427 2496 1412 2497 1426 2497 1413 2497 1428 2498 1427 2498 1426 2498 1428 2499 1429 2499 1427 2499 1430 2500 1427 2500 1429 2500 1430 2501 1414 2501 1427 2501 1352 2502 1426 2502 1412 2502 1352 2503 1428 2503 1426 2503 1431 2504 1432 2504 1429 2504 1433 2505 1429 2505 1432 2505 1434 2506 1431 2506 1429 2506 1435 2507 1434 2507 1429 2507 1436 2508 1435 2508 1429 2508 1428 2509 1436 2509 1429 2509 1430 2510 1429 2510 1433 2510 1437 2511 1438 2511 1432 2511 1439 2512 1432 2512 1438 2512 1431 2513 1437 2513 1432 2513 1439 2514 1433 2514 1432 2514 1440 2515 1410 2515 1438 2515 1441 2516 1438 2516 1410 2516 1437 2517 1440 2517 1438 2517 1441 2518 1442 2518 1438 2518 1439 2519 1438 2519 1442 2519 1440 2520 1425 2520 1410 2520 1411 2521 1441 2521 1410 2521 1443 2522 1425 2522 1440 2522 1443 2523 1423 2523 1425 2523 1444 2524 1440 2524 1437 2524 1445 2525 1443 2525 1440 2525 1444 2526 1445 2526 1440 2526 1444 2527 1437 2527 1431 2527 1446 2528 1431 2528 1434 2528 1447 2529 1431 2529 1446 2529 1444 2530 1431 2530 1447 2530 1446 2531 1434 2531 1435 2531 1436 2532 1448 2532 1435 2532 1446 2533 1435 2533 1448 2533 1436 2534 1449 2534 1448 2534 1446 2535 1448 2535 1449 2535 1450 2536 1451 2536 1449 2536 1452 2537 1449 2537 1451 2537 1436 2538 1450 2538 1449 2538 1452 2539 1446 2539 1449 2539 1450 2540 1453 2540 1451 2540 1454 2541 1451 2541 1453 2541 1452 2542 1451 2542 1454 2542 1450 2543 1455 2543 1453 2543 1454 2544 1453 2544 1455 2544 1456 2545 1455 2545 1450 2545 1454 2546 1455 2546 1456 2546 1457 2547 1450 2547 1436 2547 1456 2548 1450 2548 1457 2548 1458 2549 1436 2549 1428 2549 1457 2550 1436 2550 1458 2550 1459 2551 1428 2551 1352 2551 1459 2552 1458 2552 1428 2552 1447 2553 1460 2553 1461 2553 1462 2554 1461 2554 1460 2554 1444 2555 1447 2555 1461 2555 1463 2556 1461 2556 1462 2556 1444 2557 1461 2557 1463 2557 1447 2558 1464 2558 1460 2558 1462 2559 1460 2559 1464 2559 1447 2560 1446 2560 1464 2560 1465 2561 1464 2561 1446 2561 1465 2562 1462 2562 1464 2562 1452 2563 1465 2563 1446 2563 1463 2564 1352 2564 1466 2564 1467 2565 1466 2565 1352 2565 1468 2566 1463 2566 1466 2566 1469 2567 1466 2567 1467 2567 1468 2568 1466 2568 1469 2568 1462 2569 1458 2569 1352 2569 1459 2570 1352 2570 1458 2570 1463 2571 1462 2571 1352 2571 1470 2572 1352 2572 1351 2572 1471 2573 1467 2573 1352 2573 1472 2574 1471 2574 1352 2574 1473 2575 1472 2575 1352 2575 1474 2576 1473 2576 1352 2576 1470 2577 1474 2577 1352 2577 1457 2578 1458 2578 1462 2578 1475 2579 1476 2579 1462 2579 1456 2580 1462 2580 1476 2580 1477 2581 1475 2581 1462 2581 1465 2582 1477 2582 1462 2582 1456 2583 1457 2583 1462 2583 1454 2584 1476 2584 1475 2584 1454 2585 1456 2585 1476 2585 1452 2586 1475 2586 1477 2586 1452 2587 1454 2587 1475 2587 1452 2588 1477 2588 1465 2588 1468 2589 1478 2589 1463 2589 1444 2590 1463 2590 1478 2590 1479 2591 1362 2591 1480 2591 1481 2592 1480 2592 1362 2592 1482 2593 1479 2593 1480 2593 1483 2594 1482 2594 1480 2594 1484 2595 1483 2595 1480 2595 1485 2596 1484 2596 1480 2596 1481 2597 1485 2597 1480 2597 1486 2598 1359 2598 1362 2598 1487 2599 1486 2599 1362 2599 1488 2600 1487 2600 1362 2600 1479 2601 1488 2601 1362 2601 1489 2602 1481 2602 1362 2602 1367 2603 1489 2603 1362 2603 1490 2604 1356 2604 1359 2604 1491 2605 1490 2605 1359 2605 1486 2606 1491 2606 1359 2606 1492 2607 1354 2607 1356 2607 1490 2608 1492 2608 1356 2608 1493 2609 1351 2609 1354 2609 1494 2610 1493 2610 1354 2610 1492 2611 1494 2611 1354 2611 1493 2612 1470 2612 1351 2612 1495 2613 1467 2613 1471 2613 1495 2614 1469 2614 1467 2614 1472 2615 1496 2615 1471 2615 1497 2616 1471 2616 1496 2616 1497 2617 1495 2617 1471 2617 1472 2618 1498 2618 1496 2618 1499 2619 1496 2619 1498 2619 1499 2620 1497 2620 1496 2620 1500 2621 1498 2621 1472 2621 1501 2622 1498 2622 1500 2622 1502 2623 1498 2623 1501 2623 1503 2624 1498 2624 1502 2624 1504 2625 1498 2625 1503 2625 1499 2626 1498 2626 1504 2626 1473 2627 1505 2627 1472 2627 1500 2628 1472 2628 1505 2628 1473 2629 1506 2629 1505 2629 1507 2630 1505 2630 1506 2630 1507 2631 1500 2631 1505 2631 1508 2632 1506 2632 1473 2632 1509 2633 1506 2633 1508 2633 1507 2634 1506 2634 1509 2634 1508 2635 1473 2635 1474 2635 1510 2636 1474 2636 1470 2636 1511 2637 1508 2637 1474 2637 1510 2638 1511 2638 1474 2638 1512 2639 1470 2639 1493 2639 1512 2640 1510 2640 1470 2640 1513 2641 1493 2641 1494 2641 1513 2642 1512 2642 1493 2642 1514 2643 1494 2643 1492 2643 1514 2644 1513 2644 1494 2644 1514 2645 1492 2645 1490 2645 1515 2646 1490 2646 1491 2646 1515 2647 1514 2647 1490 2647 1516 2648 1491 2648 1486 2648 1517 2649 1515 2649 1491 2649 1516 2650 1517 2650 1491 2650 1518 2651 1486 2651 1487 2651 1518 2652 1516 2652 1486 2652 1519 2653 1487 2653 1488 2653 1519 2654 1518 2654 1487 2654 1520 2655 1488 2655 1479 2655 1520 2656 1519 2656 1488 2656 1521 2657 1522 2657 1479 2657 1523 2658 1479 2658 1522 2658 1482 2659 1521 2659 1479 2659 1523 2660 1520 2660 1479 2660 1524 2661 1525 2661 1522 2661 1526 2662 1522 2662 1525 2662 1521 2663 1524 2663 1522 2663 1527 2664 1522 2664 1526 2664 1523 2665 1522 2665 1527 2665 1526 2666 1525 2666 1524 2666 1528 2667 1524 2667 1521 2667 1526 2668 1524 2668 1528 2668 1529 2669 1530 2669 1521 2669 1531 2670 1521 2670 1530 2670 1482 2671 1529 2671 1521 2671 1532 2672 1521 2672 1531 2672 1532 2673 1533 2673 1521 2673 1528 2674 1521 2674 1533 2674 1534 2675 1530 2675 1529 2675 1534 2676 1535 2676 1530 2676 1531 2677 1530 2677 1535 2677 1536 2678 1529 2678 1482 2678 1536 2679 1534 2679 1529 2679 1537 2680 1482 2680 1483 2680 1537 2681 1536 2681 1482 2681 1538 2682 1483 2682 1484 2682 1538 2683 1537 2683 1483 2683 1539 2684 1484 2684 1485 2684 1540 2685 1484 2685 1539 2685 1540 2686 1217 2686 1484 2686 1216 2687 1484 2687 1217 2687 1541 2688 1484 2688 1216 2688 1538 2689 1484 2689 1541 2689 1481 2690 1542 2690 1485 2690 1543 2691 1485 2691 1542 2691 1544 2692 1539 2692 1485 2692 1544 2693 1485 2693 1543 2693 1481 2694 1545 2694 1542 2694 1543 2695 1542 2695 1545 2695 1543 2696 1545 2696 1481 2696 1546 2697 1481 2697 1489 2697 1546 2698 1543 2698 1481 2698 1547 2699 1489 2699 1367 2699 1547 2700 1546 2700 1489 2700 1547 2701 1367 2701 1368 2701 1548 2702 1540 2702 1539 2702 1549 2703 1548 2703 1539 2703 1550 2704 1549 2704 1539 2704 1544 2705 1550 2705 1539 2705 1551 2706 1217 2706 1540 2706 1551 2707 1218 2707 1217 2707 1552 2708 1540 2708 1548 2708 1551 2709 1540 2709 1552 2709 1552 2710 1548 2710 1549 2710 1550 2711 1553 2711 1549 2711 1554 2712 1549 2712 1553 2712 1555 2713 1549 2713 1554 2713 1552 2714 1549 2714 1555 2714 1550 2715 1556 2715 1553 2715 1554 2716 1553 2716 1556 2716 1550 2717 1557 2717 1556 2717 1554 2718 1556 2718 1557 2718 1558 2719 1557 2719 1550 2719 1559 2720 1557 2720 1558 2720 1554 2721 1557 2721 1559 2721 1544 2722 1558 2722 1550 2722 1543 2723 1560 2723 1558 2723 1559 2724 1558 2724 1560 2724 1544 2725 1543 2725 1558 2725 1561 2726 1560 2726 1543 2726 1561 2727 1559 2727 1560 2727 1562 2728 1561 2728 1543 2728 1562 2729 1543 2729 1563 2729 1564 2730 1563 2730 1543 2730 1565 2731 1564 2731 1543 2731 1565 2732 1543 2732 1566 2732 1567 2733 1566 2733 1543 2733 1567 2734 1543 2734 1546 2734 1559 2735 1561 2735 1562 2735 1563 2736 1554 2736 1559 2736 1562 2737 1563 2737 1559 2737 1555 2738 1554 2738 1563 2738 1564 2739 1555 2739 1563 2739 1555 2740 1564 2740 1565 2740 1568 2741 1552 2741 1555 2741 1569 2742 1568 2742 1555 2742 1566 2743 1569 2743 1555 2743 1565 2744 1566 2744 1555 2744 1551 2745 1552 2745 1568 2745 1570 2746 1568 2746 1569 2746 1570 2747 1551 2747 1568 2747 1570 2748 1569 2748 1566 2748 1570 2749 1566 2749 1567 2749 1571 2750 1216 2750 1219 2750 1571 2751 1541 2751 1216 2751 1572 2752 1573 2752 1219 2752 1574 2753 1219 2753 1573 2753 1215 2754 1572 2754 1219 2754 1574 2755 1571 2755 1219 2755 1572 2756 1575 2756 1573 2756 1535 2757 1573 2757 1575 2757 1535 2758 1574 2758 1573 2758 1576 2759 1575 2759 1572 2759 1577 2760 1535 2760 1575 2760 1576 2761 1577 2761 1575 2761 1578 2762 1572 2762 1215 2762 1579 2763 1572 2763 1578 2763 1576 2764 1572 2764 1579 2764 1580 2765 1215 2765 1195 2765 1578 2766 1215 2766 1580 2766 1581 2767 1195 2767 1196 2767 1581 2768 1580 2768 1195 2768 1582 2769 1196 2769 1194 2769 1581 2770 1196 2770 1582 2770 1583 2771 1194 2771 1172 2771 1584 2772 1194 2772 1583 2772 1584 2773 1582 2773 1194 2773 1142 2774 1585 2774 1172 2774 1586 2775 1172 2775 1585 2775 1586 2776 1587 2776 1172 2776 1583 2777 1172 2777 1587 2777 1588 2778 1585 2778 1142 2778 1589 2779 1585 2779 1588 2779 1586 2780 1585 2780 1589 2780 1590 2781 1142 2781 1137 2781 1590 2782 1588 2782 1142 2782 1591 2783 1137 2783 1145 2783 1590 2784 1137 2784 1591 2784 1592 2785 1145 2785 1146 2785 1591 2786 1145 2786 1593 2786 1592 2787 1593 2787 1145 2787 1592 2788 1146 2788 1594 2788 1144 2789 1594 2789 1146 2789 1220 2790 1595 2790 1212 2790 1596 2791 1212 2791 1595 2791 1597 2792 1214 2792 1212 2792 1596 2793 1597 2793 1212 2793 1598 2794 1599 2794 1595 2794 1596 2795 1595 2795 1599 2795 1220 2796 1598 2796 1595 2796 1598 2797 1600 2797 1599 2797 1601 2798 1599 2798 1600 2798 1602 2799 1596 2799 1599 2799 1601 2800 1602 2800 1599 2800 1603 2801 1604 2801 1600 2801 1601 2802 1600 2802 1604 2802 1370 2803 1603 2803 1600 2803 1598 2804 1370 2804 1600 2804 1605 2805 1604 2805 1603 2805 1606 2806 1601 2806 1604 2806 1607 2807 1606 2807 1604 2807 1605 2808 1607 2808 1604 2808 1371 2809 1603 2809 1370 2809 1372 2810 1603 2810 1371 2810 1605 2811 1603 2811 1372 2811 1366 2812 1370 2812 1598 2812 1366 2813 1598 2813 1220 2813 1608 2814 1220 2814 1218 2814 1608 2815 1366 2815 1220 2815 1609 2816 1218 2816 1551 2816 1609 2817 1608 2817 1218 2817 1570 2818 1609 2818 1551 2818 1610 2819 1541 2819 1571 2819 1611 2820 1538 2820 1541 2820 1611 2821 1541 2821 1610 2821 1612 2822 1571 2822 1574 2822 1610 2823 1571 2823 1612 2823 1613 2824 1574 2824 1535 2824 1612 2825 1574 2825 1613 2825 1614 2826 1535 2826 1534 2826 1577 2827 1531 2827 1535 2827 1614 2828 1613 2828 1535 2828 1615 2829 1534 2829 1536 2829 1614 2830 1534 2830 1615 2830 1576 2831 1531 2831 1577 2831 1616 2832 1531 2832 1576 2832 1576 2833 1617 2833 1616 2833 1532 2834 1531 2834 1616 2834 1532 2835 1618 2835 1619 2835 1620 2836 1619 2836 1618 2836 1621 2837 1532 2837 1619 2837 1620 2838 1621 2838 1619 2838 1622 2839 1623 2839 1620 2839 1532 2840 1622 2840 1618 2840 1620 2841 1618 2841 1622 2841 1532 2842 1623 2842 1622 2842 1532 2843 1617 2843 1623 2843 1576 2844 1623 2844 1617 2844 1624 2845 1623 2845 1576 2845 1620 2846 1623 2846 1624 2846 1532 2847 1616 2847 1617 2847 1625 2848 1533 2848 1532 2848 1528 2849 1533 2849 1625 2849 1621 2850 1625 2850 1532 2850 1626 2851 1580 2851 1625 2851 1526 2852 1625 2852 1580 2852 1621 2853 1626 2853 1625 2853 1526 2854 1528 2854 1625 2854 1627 2855 1580 2855 1626 2855 1527 2856 1526 2856 1580 2856 1628 2857 1527 2857 1580 2857 1629 2858 1628 2858 1580 2858 1630 2859 1629 2859 1580 2859 1581 2860 1630 2860 1580 2860 1579 2861 1578 2861 1580 2861 1631 2862 1579 2862 1580 2862 1632 2863 1631 2863 1580 2863 1627 2864 1632 2864 1580 2864 1627 2865 1626 2865 1621 2865 1620 2866 1627 2866 1621 2866 1523 2867 1527 2867 1628 2867 1523 2868 1628 2868 1629 2868 1633 2869 1523 2869 1629 2869 1634 2870 1633 2870 1629 2870 1630 2871 1634 2871 1629 2871 1635 2872 1636 2872 1508 2872 1509 2873 1508 2873 1636 2873 1511 2874 1635 2874 1508 2874 1635 2875 1637 2875 1636 2875 1638 2876 1636 2876 1637 2876 1638 2877 1509 2877 1636 2877 1635 2878 1639 2878 1637 2878 1591 2879 1637 2879 1639 2879 1593 2880 1638 2880 1637 2880 1591 2881 1593 2881 1637 2881 1635 2882 1640 2882 1639 2882 1641 2883 1639 2883 1640 2883 1642 2884 1591 2884 1639 2884 1641 2885 1642 2885 1639 2885 1643 2886 1644 2886 1640 2886 1645 2887 1640 2887 1644 2887 1635 2888 1643 2888 1640 2888 1641 2889 1640 2889 1645 2889 1646 2890 1644 2890 1643 2890 1646 2891 1647 2891 1644 2891 1648 2892 1644 2892 1647 2892 1648 2893 1649 2893 1644 2893 1650 2894 1644 2894 1649 2894 1651 2895 1644 2895 1650 2895 1651 2896 1645 2896 1644 2896 1652 2897 1643 2897 1635 2897 1646 2898 1643 2898 1652 2898 1653 2899 1635 2899 1511 2899 1653 2900 1652 2900 1635 2900 1654 2901 1511 2901 1510 2901 1653 2902 1511 2902 1654 2902 1654 2903 1510 2903 1512 2903 1655 2904 1512 2904 1513 2904 1655 2905 1654 2905 1512 2905 1656 2906 1513 2906 1514 2906 1656 2907 1655 2907 1513 2907 1656 2908 1514 2908 1515 2908 1657 2909 1515 2909 1517 2909 1657 2910 1656 2910 1515 2910 1658 2911 1517 2911 1516 2911 1658 2912 1657 2912 1517 2912 1659 2913 1516 2913 1518 2913 1659 2914 1658 2914 1516 2914 1660 2915 1518 2915 1519 2915 1660 2916 1659 2916 1518 2916 1661 2917 1519 2917 1520 2917 1660 2918 1519 2918 1661 2918 1661 2919 1520 2919 1523 2919 1662 2920 1523 2920 1633 2920 1661 2921 1523 2921 1662 2921 1663 2922 1664 2922 1633 2922 1662 2923 1633 2923 1664 2923 1634 2924 1663 2924 1633 2924 1665 2925 1664 2925 1663 2925 1666 2926 1662 2926 1664 2926 1666 2927 1664 2927 1665 2927 1667 2928 1663 2928 1634 2928 1668 2929 1665 2929 1663 2929 1668 2930 1663 2930 1667 2930 1581 2931 1634 2931 1630 2931 1669 2932 1634 2932 1581 2932 1669 2933 1667 2933 1634 2933 1507 2934 1509 2934 1638 2934 1507 2935 1501 2935 1500 2935 1507 2936 1638 2936 1501 2936 1670 2937 1501 2937 1638 2937 1671 2938 1502 2938 1501 2938 1672 2939 1671 2939 1501 2939 1670 2940 1672 2940 1501 2940 1673 2941 1638 2941 1593 2941 1673 2942 1670 2942 1638 2942 1594 2943 1674 2943 1593 2943 1673 2944 1593 2944 1674 2944 1592 2945 1594 2945 1593 2945 1675 2946 1502 2946 1671 2946 1675 2947 1503 2947 1502 2947 1675 2948 1671 2948 1672 2948 1670 2949 1676 2949 1672 2949 1148 2950 1672 2950 1676 2950 1675 2951 1672 2951 1148 2951 1670 2952 1677 2952 1676 2952 1678 2953 1676 2953 1677 2953 1148 2954 1676 2954 1678 2954 1670 2955 1679 2955 1677 2955 1678 2956 1677 2956 1679 2956 1673 2957 1679 2957 1670 2957 1678 2958 1679 2958 1673 2958 1680 2959 1468 2959 1469 2959 1681 2960 1469 2960 1495 2960 1680 2961 1469 2961 1681 2961 1468 2962 1682 2962 1478 2962 1683 2963 1478 2963 1682 2963 1683 2964 1444 2964 1478 2964 1684 2965 1685 2965 1682 2965 1683 2966 1682 2966 1685 2966 1468 2967 1684 2967 1682 2967 1686 2968 1687 2968 1685 2968 1688 2969 1685 2969 1687 2969 1684 2970 1686 2970 1685 2970 1689 2971 1683 2971 1685 2971 1690 2972 1689 2972 1685 2972 1688 2973 1690 2973 1685 2973 1504 2974 1503 2974 1687 2974 1675 2975 1687 2975 1503 2975 1686 2976 1504 2976 1687 2976 1675 2977 1688 2977 1687 2977 1691 2978 1504 2978 1686 2978 1692 2979 1499 2979 1504 2979 1692 2980 1504 2980 1691 2980 1693 2981 1686 2981 1684 2981 1691 2982 1686 2982 1693 2982 1694 2983 1684 2983 1468 2983 1693 2984 1684 2984 1694 2984 1680 2985 1694 2985 1468 2985 1695 2986 1495 2986 1497 2986 1681 2987 1495 2987 1695 2987 1696 2988 1497 2988 1499 2988 1695 2989 1497 2989 1696 2989 1692 2990 1696 2990 1499 2990 1697 2991 1698 2991 1422 2991 1421 2992 1422 2992 1698 2992 1699 2993 1697 2993 1422 2993 1424 2994 1699 2994 1422 2994 1700 2995 1698 2995 1697 2995 1701 2996 1421 2996 1698 2996 1702 2997 1701 2997 1698 2997 1703 2998 1698 2998 1700 2998 1702 2999 1698 2999 1703 2999 1700 3000 1697 3000 1699 3000 1700 3001 1699 3001 1424 3001 1423 3002 1704 3002 1424 3002 1705 3003 1424 3003 1704 3003 1706 3004 1424 3004 1705 3004 1706 3005 1700 3005 1424 3005 1423 3006 1707 3006 1704 3006 1705 3007 1704 3007 1707 3007 1708 3008 1707 3008 1423 3008 1708 3009 1709 3009 1707 3009 1710 3010 1707 3010 1709 3010 1711 3011 1707 3011 1710 3011 1705 3012 1707 3012 1711 3012 1708 3013 1423 3013 1443 3013 1712 3014 1443 3014 1445 3014 1713 3015 1443 3015 1712 3015 1708 3016 1443 3016 1713 3016 1712 3017 1445 3017 1444 3017 1714 3018 1444 3018 1683 3018 1712 3019 1444 3019 1714 3019 1715 3020 1683 3020 1689 3020 1716 3021 1714 3021 1683 3021 1715 3022 1716 3022 1683 3022 1152 3023 1689 3023 1690 3023 1152 3024 1717 3024 1689 3024 1718 3025 1689 3025 1717 3025 1719 3026 1689 3026 1718 3026 1719 3027 1715 3027 1689 3027 1720 3028 1690 3028 1688 3028 1152 3029 1690 3029 1720 3029 1151 3030 1688 3030 1675 3030 1720 3031 1688 3031 1151 3031 1420 3032 1421 3032 1701 3032 1721 3033 1420 3033 1701 3033 1406 3034 1721 3034 1701 3034 1702 3035 1406 3035 1701 3035 1419 3036 1420 3036 1721 3036 1722 3037 1419 3037 1721 3037 1406 3038 1722 3038 1721 3038 1722 3039 1723 3039 1419 3039 1336 3040 1419 3040 1723 3040 1406 3041 1723 3041 1722 3041 1406 3042 1336 3042 1723 3042 1702 3043 1407 3043 1406 3043 1302 3044 1724 3044 1397 3044 1725 3045 1397 3045 1724 3045 1726 3046 1392 3046 1397 3046 1727 3047 1726 3047 1397 3047 1728 3048 1727 3048 1397 3048 1725 3049 1728 3049 1397 3049 1302 3050 1729 3050 1724 3050 1730 3051 1724 3051 1729 3051 1725 3052 1724 3052 1730 3052 1731 3053 1729 3053 1302 3053 1730 3054 1729 3054 1731 3054 1299 3055 1302 3055 1398 3055 1303 3056 1731 3056 1302 3056 1732 3057 1299 3057 1399 3057 1733 3058 1299 3058 1734 3058 1732 3059 1734 3059 1299 3059 1735 3060 1299 3060 1733 3060 1300 3061 1299 3061 1735 3061 1732 3062 1399 3062 1400 3062 1292 3063 1736 3063 1400 3063 1737 3064 1400 3064 1736 3064 1737 3065 1732 3065 1400 3065 1738 3066 1736 3066 1292 3066 1739 3067 1736 3067 1738 3067 1737 3068 1736 3068 1739 3068 1297 3069 1738 3069 1292 3069 1740 3070 1294 3070 1402 3070 1741 3071 1294 3071 1740 3071 1742 3072 1295 3072 1294 3072 1743 3073 1742 3073 1294 3073 1741 3074 1743 3074 1294 3074 1740 3075 1402 3075 1403 3075 1404 3076 1744 3076 1403 3076 1745 3077 1403 3077 1744 3077 1745 3078 1740 3078 1403 3078 1746 3079 1744 3079 1404 3079 1745 3080 1744 3080 1746 3080 1747 3081 1404 3081 1405 3081 1747 3082 1748 3082 1404 3082 1749 3083 1404 3083 1748 3083 1750 3084 1746 3084 1404 3084 1751 3085 1750 3085 1404 3085 1749 3086 1751 3086 1404 3086 1752 3087 1405 3087 1401 3087 1747 3088 1405 3088 1752 3088 1753 3089 1401 3089 1408 3089 1752 3090 1401 3090 1753 3090 1754 3091 1408 3091 1407 3091 1753 3092 1408 3092 1754 3092 1754 3093 1407 3093 1702 3093 1304 3094 1394 3094 1393 3094 1304 3095 1395 3095 1394 3095 1755 3096 1393 3096 1396 3096 1756 3097 1393 3097 1755 3097 1304 3098 1393 3098 1756 3098 1755 3099 1396 3099 1392 3099 1757 3100 1392 3100 1726 3100 1757 3101 1755 3101 1392 3101 1725 3102 1726 3102 1727 3102 1725 3103 1757 3103 1726 3103 1725 3104 1727 3104 1728 3104 1758 3105 1327 3105 1391 3105 1325 3106 1327 3106 1758 3106 1395 3107 1311 3107 1391 3107 1315 3108 1391 3108 1311 3108 1759 3109 1758 3109 1391 3109 1315 3110 1759 3110 1391 3110 1395 3111 1306 3111 1311 3111 1307 3112 1306 3112 1395 3112 1304 3113 1307 3113 1395 3113 1760 3114 1761 3114 1762 3114 1763 3115 1762 3115 1761 3115 1764 3116 1760 3116 1762 3116 1765 3117 1762 3117 1763 3117 1764 3118 1762 3118 1765 3118 1760 3119 1766 3119 1761 3119 1767 3120 1761 3120 1766 3120 1768 3121 1763 3121 1761 3121 1767 3122 1768 3122 1761 3122 1769 3123 1770 3123 1766 3123 1771 3124 1766 3124 1770 3124 1760 3125 1769 3125 1766 3125 1772 3126 1767 3126 1766 3126 1771 3127 1772 3127 1766 3127 1765 3128 1770 3128 1769 3128 1765 3129 1763 3129 1770 3129 1773 3130 1770 3130 1763 3130 1774 3131 1770 3131 1773 3131 1774 3132 1771 3132 1770 3132 1775 3133 1769 3133 1760 3133 1775 3134 1765 3134 1769 3134 1776 3135 1775 3135 1760 3135 1764 3136 1776 3136 1760 3136 1777 3137 1773 3137 1763 3137 1778 3138 1777 3138 1763 3138 1768 3139 1778 3139 1763 3139 1779 3140 1765 3140 1775 3140 1779 3141 1764 3141 1765 3141 1780 3142 1773 3142 1777 3142 1780 3143 1774 3143 1773 3143 1781 3144 1777 3144 1778 3144 1780 3145 1777 3145 1781 3145 1781 3146 1778 3146 1768 3146 1782 3147 1768 3147 1767 3147 1782 3148 1781 3148 1768 3148 1783 3149 1767 3149 1772 3149 1784 3150 1782 3150 1767 3150 1783 3151 1784 3151 1767 3151 1785 3152 1772 3152 1771 3152 1785 3153 1783 3153 1772 3153 1780 3154 1771 3154 1774 3154 1786 3155 1785 3155 1771 3155 1780 3156 1786 3156 1771 3156 1780 3157 1781 3157 1782 3157 1784 3158 1787 3158 1782 3158 1788 3159 1782 3159 1787 3159 1789 3160 1780 3160 1782 3160 1790 3161 1789 3161 1782 3161 1790 3162 1782 3162 1788 3162 1791 3163 1792 3163 1787 3163 1793 3164 1787 3164 1792 3164 1784 3165 1791 3165 1787 3165 1788 3166 1787 3166 1793 3166 1794 3167 1795 3167 1792 3167 1793 3168 1792 3168 1795 3168 1796 3169 1794 3169 1792 3169 1797 3170 1796 3170 1792 3170 1798 3171 1797 3171 1792 3171 1791 3172 1798 3172 1792 3172 1799 3173 1795 3173 1794 3173 1793 3174 1795 3174 1799 3174 1800 3175 1794 3175 1796 3175 1800 3176 1799 3176 1794 3176 1801 3177 1796 3177 1797 3177 1802 3178 1796 3178 1801 3178 1803 3179 1796 3179 1802 3179 1800 3180 1796 3180 1803 3180 1804 3181 1805 3181 1797 3181 1806 3182 1797 3182 1805 3182 1798 3183 1804 3183 1797 3183 1801 3184 1797 3184 1806 3184 1807 3185 1808 3185 1805 3185 1806 3186 1805 3186 1808 3186 1804 3187 1807 3187 1805 3187 1809 3188 1808 3188 1807 3188 1806 3189 1808 3189 1809 3189 1804 3190 1810 3190 1807 3190 1811 3191 1807 3191 1810 3191 1811 3192 1809 3192 1807 3192 1804 3193 1812 3193 1810 3193 1813 3194 1810 3194 1812 3194 1814 3195 1810 3195 1813 3195 1815 3196 1810 3196 1814 3196 1811 3197 1810 3197 1815 3197 1816 3198 1817 3198 1812 3198 1813 3199 1812 3199 1817 3199 1804 3200 1816 3200 1812 3200 1818 3201 1819 3201 1817 3201 1820 3202 1817 3202 1819 3202 1821 3203 1818 3203 1817 3203 1816 3204 1821 3204 1817 3204 1813 3205 1817 3205 1820 3205 1822 3206 1819 3206 1818 3206 1820 3207 1819 3207 1822 3207 1821 3208 1823 3208 1818 3208 1824 3209 1818 3209 1823 3209 1824 3210 1822 3210 1818 3210 1825 3211 1823 3211 1821 3211 1826 3212 1823 3212 1825 3212 1827 3213 1823 3213 1826 3213 1824 3214 1823 3214 1827 3214 1816 3215 1828 3215 1821 3215 1825 3216 1821 3216 1828 3216 1829 3217 1830 3217 1828 3217 1831 3218 1828 3218 1830 3218 1816 3219 1829 3219 1828 3219 1825 3220 1828 3220 1831 3220 1832 3221 1830 3221 1829 3221 1831 3222 1830 3222 1832 3222 1833 3223 1834 3223 1829 3223 1835 3224 1829 3224 1834 3224 1836 3225 1833 3225 1829 3225 1837 3226 1836 3226 1829 3226 1816 3227 1837 3227 1829 3227 1835 3228 1832 3228 1829 3228 1838 3229 1834 3229 1833 3229 1839 3230 1834 3230 1838 3230 1840 3231 1834 3231 1839 3231 1835 3232 1834 3232 1840 3232 1284 3233 1833 3233 1836 3233 1841 3234 1842 3234 1833 3234 1838 3235 1833 3235 1842 3235 1284 3236 1841 3236 1833 3236 1281 3237 1836 3237 1837 3237 1284 3238 1836 3238 1285 3238 1281 3239 1285 3239 1836 3239 1816 3240 1843 3240 1837 3240 1277 3241 1837 3241 1843 3241 1277 3242 1281 3242 1837 3242 1844 3243 1843 3243 1816 3243 1278 3244 1277 3244 1843 3244 1844 3245 1278 3245 1843 3245 1844 3246 1816 3246 1804 3246 1845 3247 1804 3247 1798 3247 1846 3248 1844 3248 1804 3248 1846 3249 1804 3249 1845 3249 1847 3250 1848 3250 1798 3250 1845 3251 1798 3251 1848 3251 1849 3252 1847 3252 1798 3252 1850 3253 1849 3253 1798 3253 1791 3254 1850 3254 1798 3254 1851 3255 1852 3255 1848 3255 1853 3256 1848 3256 1852 3256 1854 3257 1851 3257 1848 3257 1855 3258 1854 3258 1848 3258 1856 3259 1855 3259 1848 3259 1857 3260 1856 3260 1848 3260 1858 3261 1857 3261 1848 3261 1847 3262 1858 3262 1848 3262 1845 3263 1848 3263 1853 3263 1859 3264 1860 3264 1852 3264 1861 3265 1852 3265 1860 3265 1851 3266 1859 3266 1852 3266 1853 3267 1852 3267 1861 3267 1862 3268 1863 3268 1860 3268 1861 3269 1860 3269 1863 3269 1864 3270 1862 3270 1860 3270 1859 3271 1864 3271 1860 3271 1865 3272 1866 3272 1863 3272 1867 3273 1863 3273 1866 3273 1868 3274 1865 3274 1863 3274 1869 3275 1868 3275 1863 3275 1870 3276 1869 3276 1863 3276 1871 3277 1870 3277 1863 3277 1862 3278 1871 3278 1863 3278 1861 3279 1863 3279 1867 3279 1872 3280 1157 3280 1866 3280 1161 3281 1866 3281 1157 3281 1873 3282 1872 3282 1866 3282 1874 3283 1873 3283 1866 3283 1875 3284 1874 3284 1866 3284 1865 3285 1875 3285 1866 3285 1867 3286 1866 3286 1161 3286 1876 3287 1159 3287 1157 3287 1877 3288 1876 3288 1157 3288 1878 3289 1877 3289 1157 3289 1879 3290 1878 3290 1157 3290 1880 3291 1879 3291 1157 3291 1881 3292 1880 3292 1157 3292 1872 3293 1881 3293 1157 3293 1882 3294 1883 3294 1154 3294 1147 3295 1154 3295 1883 3295 1160 3296 1882 3296 1154 3296 1884 3297 1717 3297 1883 3297 1152 3298 1883 3298 1717 3298 1882 3299 1884 3299 1883 3299 1147 3300 1883 3300 1152 3300 1884 3301 1885 3301 1717 3301 1886 3302 1717 3302 1885 3302 1887 3303 1718 3303 1717 3303 1888 3304 1887 3304 1717 3304 1886 3305 1888 3305 1717 3305 1889 3306 1890 3306 1885 3306 1891 3307 1885 3307 1890 3307 1892 3308 1889 3308 1885 3308 1893 3309 1892 3309 1885 3309 1894 3310 1893 3310 1885 3310 1895 3311 1894 3311 1885 3311 1884 3312 1895 3312 1885 3312 1891 3313 1886 3313 1885 3313 1896 3314 1890 3314 1889 3314 1897 3315 1890 3315 1896 3315 1891 3316 1890 3316 1897 3316 1898 3317 1889 3317 1892 3317 1896 3318 1889 3318 1898 3318 1899 3319 1892 3319 1893 3319 1900 3320 1892 3320 1899 3320 1900 3321 1898 3321 1892 3321 1901 3322 1902 3322 1893 3322 1903 3323 1893 3323 1902 3323 1904 3324 1901 3324 1893 3324 1905 3325 1904 3325 1893 3325 1894 3326 1905 3326 1893 3326 1899 3327 1893 3327 1903 3327 1842 3328 1902 3328 1901 3328 1906 3329 1902 3329 1842 3329 1903 3330 1902 3330 1906 3330 1907 3331 1901 3331 1904 3331 1908 3332 1901 3332 1907 3332 1842 3333 1901 3333 1908 3333 1909 3334 1904 3334 1905 3334 1907 3335 1904 3335 1910 3335 1909 3336 1910 3336 1904 3336 1911 3337 1905 3337 1894 3337 1911 3338 1912 3338 1905 3338 1909 3339 1905 3339 1912 3339 1911 3340 1894 3340 1895 3340 1913 3341 1895 3341 1884 3341 1911 3342 1895 3342 1913 3342 1882 3343 1914 3343 1884 3343 1915 3344 1884 3344 1914 3344 1916 3345 1884 3345 1915 3345 1913 3346 1884 3346 1916 3346 1917 3347 1914 3347 1882 3347 1918 3348 1914 3348 1919 3348 1917 3349 1919 3349 1914 3349 1915 3350 1914 3350 1918 3350 1920 3351 1882 3351 1160 3351 1917 3352 1882 3352 1920 3352 1920 3353 1160 3353 1159 3353 1921 3354 1159 3354 1876 3354 1922 3355 1159 3355 1921 3355 1920 3356 1159 3356 1922 3356 1923 3357 1924 3357 1876 3357 1925 3358 1876 3358 1924 3358 1877 3359 1923 3359 1876 3359 1921 3360 1876 3360 1926 3360 1925 3361 1926 3361 1876 3361 1927 3362 1924 3362 1923 3362 1927 3363 1928 3363 1924 3363 1925 3364 1924 3364 1928 3364 1927 3365 1923 3365 1877 3365 1929 3366 1877 3366 1878 3366 1929 3367 1927 3367 1877 3367 1879 3368 1930 3368 1878 3368 1931 3369 1878 3369 1930 3369 1931 3370 1929 3370 1878 3370 1932 3371 1933 3371 1930 3371 1934 3372 1930 3372 1933 3372 1879 3373 1932 3373 1930 3373 1931 3374 1930 3374 1934 3374 1935 3375 1933 3375 1932 3375 1936 3376 1933 3376 1935 3376 1934 3377 1933 3377 1936 3377 1937 3378 1932 3378 1879 3378 1938 3379 1932 3379 1939 3379 1937 3380 1939 3380 1932 3380 1935 3381 1932 3381 1938 3381 1940 3382 1941 3382 1879 3382 1937 3383 1879 3383 1941 3383 1880 3384 1940 3384 1879 3384 1942 3385 1943 3385 1941 3385 1944 3386 1941 3386 1943 3386 1945 3387 1942 3387 1941 3387 1940 3388 1945 3388 1941 3388 1937 3389 1941 3389 1944 3389 1946 3390 1947 3390 1943 3390 1948 3391 1943 3391 1947 3391 1942 3392 1946 3392 1943 3392 1944 3393 1943 3393 1948 3393 1949 3394 1947 3394 1946 3394 1948 3395 1947 3395 1949 3395 1950 3396 1946 3396 1942 3396 1951 3397 1946 3397 1952 3397 1950 3398 1952 3398 1946 3398 1949 3399 1946 3399 1951 3399 1953 3400 1942 3400 1945 3400 1950 3401 1942 3401 1953 3401 1954 3402 1955 3402 1945 3402 1953 3403 1945 3403 1955 3403 1956 3404 1954 3404 1945 3404 1940 3405 1956 3405 1945 3405 1957 3406 1955 3406 1954 3406 1953 3407 1955 3407 1957 3407 1958 3408 1954 3408 1956 3408 1957 3409 1954 3409 1958 3409 1959 3410 1956 3410 1940 3410 1960 3411 1956 3411 1961 3411 1959 3412 1961 3412 1956 3412 1958 3413 1956 3413 1960 3413 1962 3414 1940 3414 1880 3414 1959 3415 1940 3415 1962 3415 1963 3416 1964 3416 1880 3416 1962 3417 1880 3417 1964 3417 1881 3418 1963 3418 1880 3418 1965 3419 1964 3419 1963 3419 1966 3420 1964 3420 1965 3420 1962 3421 1964 3421 1966 3421 1967 3422 1963 3422 1881 3422 1965 3423 1963 3423 1968 3423 1967 3424 1968 3424 1963 3424 1969 3425 1881 3425 1872 3425 1969 3426 1970 3426 1881 3426 1967 3427 1881 3427 1970 3427 1969 3428 1872 3428 1873 3428 1874 3429 1971 3429 1873 3429 1972 3430 1873 3430 1971 3430 1972 3431 1969 3431 1873 3431 1874 3432 1973 3432 1971 3432 1974 3433 1971 3433 1973 3433 1974 3434 1972 3434 1971 3434 1975 3435 1973 3435 1874 3435 1974 3436 1973 3436 1975 3436 1976 3437 1874 3437 1875 3437 1977 3438 1874 3438 1976 3438 1975 3439 1874 3439 1977 3439 1978 3440 1875 3440 1865 3440 1979 3441 1875 3441 1980 3441 1978 3442 1980 3442 1875 3442 1976 3443 1875 3443 1979 3443 1978 3444 1865 3444 1868 3444 1869 3445 1981 3445 1868 3445 1982 3446 1868 3446 1981 3446 1978 3447 1868 3447 1982 3447 1983 3448 1981 3448 1869 3448 1984 3449 1981 3449 1983 3449 1982 3450 1981 3450 1984 3450 1985 3451 1869 3451 1870 3451 1986 3452 1869 3452 1985 3452 1983 3453 1869 3453 1986 3453 1987 3454 1870 3454 1871 3454 1988 3455 1985 3455 1870 3455 1987 3456 1988 3456 1870 3456 1987 3457 1871 3457 1862 3457 1989 3458 1862 3458 1864 3458 1987 3459 1862 3459 1989 3459 1859 3460 1990 3460 1864 3460 1991 3461 1864 3461 1990 3461 1992 3462 1989 3462 1864 3462 1991 3463 1992 3463 1864 3463 1993 3464 1990 3464 1859 3464 1994 3465 1990 3465 1993 3465 1995 3466 1990 3466 1994 3466 1991 3467 1990 3467 1995 3467 1996 3468 1859 3468 1851 3468 1993 3469 1859 3469 1996 3469 1854 3470 1997 3470 1851 3470 1996 3471 1851 3471 1997 3471 1854 3472 1998 3472 1997 3472 1999 3473 1997 3473 1998 3473 1996 3474 1997 3474 1999 3474 1854 3475 2000 3475 1998 3475 2001 3476 1998 3476 2000 3476 2001 3477 1999 3477 1998 3477 2002 3478 2000 3478 1854 3478 2003 3479 2000 3479 2002 3479 2004 3480 2000 3480 2003 3480 2001 3481 2000 3481 2004 3481 2005 3482 1854 3482 1855 3482 2002 3483 1854 3483 2005 3483 2005 3484 1855 3484 1856 3484 1857 3485 2006 3485 1856 3485 2007 3486 1856 3486 2006 3486 2005 3487 1856 3487 2007 3487 1857 3488 2008 3488 2006 3488 2009 3489 2006 3489 2008 3489 2009 3490 2007 3490 2006 3490 2010 3491 2008 3491 1857 3491 2011 3492 2008 3492 2010 3492 2012 3493 2008 3493 2011 3493 2009 3494 2008 3494 2012 3494 2013 3495 1857 3495 1858 3495 2010 3496 1857 3496 2013 3496 2013 3497 1858 3497 1847 3497 1849 3498 2014 3498 1847 3498 2015 3499 1847 3499 2014 3499 2013 3500 1847 3500 2015 3500 1849 3501 2016 3501 2014 3501 2017 3502 2014 3502 2016 3502 2017 3503 2015 3503 2014 3503 2018 3504 2016 3504 1849 3504 2019 3505 2016 3505 2018 3505 2020 3506 2016 3506 2019 3506 2017 3507 2016 3507 2020 3507 2018 3508 1849 3508 1850 3508 1791 3509 2021 3509 1850 3509 2022 3510 1850 3510 2021 3510 2018 3511 1850 3511 2022 3511 2023 3512 2024 3512 2021 3512 2025 3513 2021 3513 2024 3513 1791 3514 2023 3514 2021 3514 2022 3515 2021 3515 2025 3515 2026 3516 2024 3516 2023 3516 2026 3517 2025 3517 2024 3517 2027 3518 2023 3518 1791 3518 2028 3519 2023 3519 2027 3519 2029 3520 2023 3520 2028 3520 2026 3521 2023 3521 2029 3521 2027 3522 1791 3522 1784 3522 2030 3523 1784 3523 1783 3523 2027 3524 1784 3524 2030 3524 1786 3525 1783 3525 1785 3525 2030 3526 1783 3526 1786 3526 2031 3527 1786 3527 1780 3527 2031 3528 2030 3528 1786 3528 2032 3529 1780 3529 1789 3529 2032 3530 2031 3530 1780 3530 2032 3531 1789 3531 1790 3531 2028 3532 2030 3532 2031 3532 2028 3533 2027 3533 2030 3533 2033 3534 2028 3534 2031 3534 2034 3535 2033 3535 2031 3535 2032 3536 2034 3536 2031 3536 2034 3537 2028 3537 2033 3537 2034 3538 2029 3538 2028 3538 2034 3539 2026 3539 2029 3539 2035 3540 2025 3540 2026 3540 2035 3541 2022 3541 2025 3541 2034 3542 2035 3542 2026 3542 2019 3543 2022 3543 2035 3543 2019 3544 2018 3544 2022 3544 2036 3545 2019 3545 2035 3545 2034 3546 2036 3546 2035 3546 2034 3547 2019 3547 2036 3547 2034 3548 2020 3548 2019 3548 2034 3549 2017 3549 2020 3549 2037 3550 2015 3550 2017 3550 2037 3551 2013 3551 2015 3551 2034 3552 2037 3552 2017 3552 2010 3553 2013 3553 2037 3553 2038 3554 2010 3554 2037 3554 2039 3555 2038 3555 2037 3555 2034 3556 2039 3556 2037 3556 2038 3557 2011 3557 2010 3557 2039 3558 2011 3558 2038 3558 2039 3559 2012 3559 2011 3559 2040 3560 2009 3560 2012 3560 2039 3561 2040 3561 2012 3561 2040 3562 2007 3562 2009 3562 2040 3563 2005 3563 2007 3563 2002 3564 2005 3564 2040 3564 2041 3565 2002 3565 2040 3565 2039 3566 2041 3566 2040 3566 2041 3567 2003 3567 2002 3567 2039 3568 2003 3568 2041 3568 2039 3569 2004 3569 2003 3569 2039 3570 2001 3570 2004 3570 2042 3571 1999 3571 2001 3571 2042 3572 1996 3572 1999 3572 2039 3573 2042 3573 2001 3573 1993 3574 1996 3574 2042 3574 1994 3575 1993 3575 2042 3575 2043 3576 1994 3576 2042 3576 2039 3577 2043 3577 2042 3577 2043 3578 2044 3578 1994 3578 2045 3579 1994 3579 2044 3579 2045 3580 1995 3580 1994 3580 2043 3581 2046 3581 2044 3581 2045 3582 2044 3582 2046 3582 2039 3583 2046 3583 2043 3583 2039 3584 2045 3584 2046 3584 2045 3585 1991 3585 1995 3585 1987 3586 1989 3586 1992 3586 2045 3587 1992 3587 1991 3587 1987 3588 1992 3588 2045 3588 2047 3589 1987 3589 2045 3589 2048 3590 2047 3590 2045 3590 2039 3591 2048 3591 2045 3591 1988 3592 1986 3592 1985 3592 2048 3593 1986 3593 1988 3593 2048 3594 1983 3594 1986 3594 2047 3595 1988 3595 1987 3595 2048 3596 1988 3596 2047 3596 2049 3597 1984 3597 1983 3597 2048 3598 2049 3598 1983 3598 1982 3599 1984 3599 2049 3599 1980 3600 2049 3600 2050 3600 2048 3601 2050 3601 2049 3601 1982 3602 2049 3602 1980 3602 2048 3603 1980 3603 2050 3603 2048 3604 1979 3604 1980 3604 1978 3605 1982 3605 1980 3605 2048 3606 1976 3606 1979 3606 2051 3607 1977 3607 1976 3607 2048 3608 2051 3608 1976 3608 1974 3609 1977 3609 2051 3609 1974 3610 1975 3610 1977 3610 2052 3611 2053 3611 2051 3611 1974 3612 2051 3612 2053 3612 2048 3613 2052 3613 2051 3613 2052 3614 1970 3614 2053 3614 1969 3615 2053 3615 1970 3615 1972 3616 2053 3616 1969 3616 1974 3617 2053 3617 1972 3617 2052 3618 1968 3618 1970 3618 1967 3619 1970 3619 1968 3619 2054 3620 1965 3620 1968 3620 2052 3621 2054 3621 1968 3621 2054 3622 1966 3622 1965 3622 1962 3623 1966 3623 2054 3623 2052 3624 2055 3624 2054 3624 1959 3625 2054 3625 2055 3625 1959 3626 1962 3626 2054 3626 2052 3627 1961 3627 2055 3627 1959 3628 2055 3628 1961 3628 2052 3629 1960 3629 1961 3629 2052 3630 1958 3630 1960 3630 2056 3631 1957 3631 1958 3631 2052 3632 2056 3632 1958 3632 1953 3633 1957 3633 2056 3633 1952 3634 2056 3634 2057 3634 2052 3635 2057 3635 2056 3635 1950 3636 2056 3636 1952 3636 1950 3637 1953 3637 2056 3637 2058 3638 1952 3638 2057 3638 2052 3639 2058 3639 2057 3639 2058 3640 1951 3640 1952 3640 2059 3641 1949 3641 1951 3641 2058 3642 2059 3642 1951 3642 2059 3643 1948 3643 1949 3643 1944 3644 1948 3644 2059 3644 1939 3645 2059 3645 2060 3645 2058 3646 2060 3646 2059 3646 1944 3647 2059 3647 1939 3647 2058 3648 1939 3648 2060 3648 2058 3649 1938 3649 1939 3649 1937 3650 1944 3650 1939 3650 2058 3651 1935 3651 1938 3651 2058 3652 1936 3652 1935 3652 1931 3653 1936 3653 2058 3653 1931 3654 1934 3654 1936 3654 2061 3655 2062 3655 2058 3655 1931 3656 2058 3656 2062 3656 2052 3657 2061 3657 2058 3657 2061 3658 1928 3658 2062 3658 1929 3659 2062 3659 1928 3659 1931 3660 2062 3660 1929 3660 2061 3661 1926 3661 1928 3661 1925 3662 1928 3662 1926 3662 1929 3663 1928 3663 1927 3663 2061 3664 1921 3664 1926 3664 2063 3665 1922 3665 1921 3665 2061 3666 2063 3666 1921 3666 1920 3667 1922 3667 2063 3667 2064 3668 2065 3668 2063 3668 1917 3669 2063 3669 2065 3669 2061 3670 2064 3670 2063 3670 1917 3671 1920 3671 2063 3671 2064 3672 1919 3672 2065 3672 1917 3673 2065 3673 1919 3673 2064 3674 1918 3674 1919 3674 2066 3675 1915 3675 1918 3675 2064 3676 2066 3676 1918 3676 2066 3677 1916 3677 1915 3677 1911 3678 1916 3678 2066 3678 1911 3679 1913 3679 1916 3679 2064 3680 2067 3680 2066 3680 1911 3681 2066 3681 2067 3681 2064 3682 1912 3682 2067 3682 1911 3683 2067 3683 1912 3683 2064 3684 1910 3684 1912 3684 1909 3685 1912 3685 1910 3685 2064 3686 1907 3686 1910 3686 2068 3687 1908 3687 1907 3687 2064 3688 2068 3688 1907 3688 1842 3689 1908 3689 2068 3689 2064 3690 2069 3690 2068 3690 1839 3691 2068 3691 2069 3691 1838 3692 1842 3692 2068 3692 1839 3693 1838 3693 2068 3693 2064 3694 2070 3694 2069 3694 2071 3695 2069 3695 2070 3695 2071 3696 1839 3696 2069 3696 2072 3697 2070 3697 2064 3697 2072 3698 2071 3698 2070 3698 2073 3699 2064 3699 2061 3699 2074 3700 2072 3700 2064 3700 2073 3701 2074 3701 2064 3701 2075 3702 2061 3702 2052 3702 2075 3703 2073 3703 2061 3703 2076 3704 2052 3704 2048 3704 2075 3705 2052 3705 2076 3705 2077 3706 2048 3706 2039 3706 2076 3707 2048 3707 2077 3707 2078 3708 2039 3708 2034 3708 2077 3709 2039 3709 2078 3709 1841 3710 1906 3710 1842 3710 2079 3711 1906 3711 1841 3711 2080 3712 1906 3712 2079 3712 1903 3713 1906 3713 2080 3713 2081 3714 1841 3714 1284 3714 2082 3715 1841 3715 2081 3715 2079 3716 1841 3716 2082 3716 2072 3717 1839 3717 2071 3717 2083 3718 1840 3718 1839 3718 2072 3719 2083 3719 1839 3719 2083 3720 1835 3720 1840 3720 2083 3721 1832 3721 1835 3721 2083 3722 1831 3722 1832 3722 1826 3723 1831 3723 2083 3723 1826 3724 1825 3724 1831 3724 2084 3725 1826 3725 2083 3725 2072 3726 2084 3726 2083 3726 2072 3727 1826 3727 2084 3727 2072 3728 1827 3728 1826 3728 2072 3729 1824 3729 1827 3729 2085 3730 1822 3730 1824 3730 2085 3731 1820 3731 1822 3731 2072 3732 2085 3732 1824 3732 1814 3733 1820 3733 2085 3733 1814 3734 1813 3734 1820 3734 2086 3735 1814 3735 2085 3735 2072 3736 2086 3736 2085 3736 2072 3737 1814 3737 2086 3737 2072 3738 1815 3738 1814 3738 2072 3739 1811 3739 1815 3739 2087 3740 1809 3740 1811 3740 2087 3741 1806 3741 1809 3741 2072 3742 2087 3742 1811 3742 1801 3743 1806 3743 2087 3743 2088 3744 1801 3744 2087 3744 2032 3745 2088 3745 2087 3745 2072 3746 2032 3746 2087 3746 2088 3747 1802 3747 1801 3747 2032 3748 1802 3748 2088 3748 2032 3749 1803 3749 1802 3749 2089 3750 1800 3750 1803 3750 2032 3751 2089 3751 1803 3751 2089 3752 1799 3752 1800 3752 2089 3753 1793 3753 1799 3753 1788 3754 1793 3754 2089 3754 2090 3755 1788 3755 2089 3755 2032 3756 2090 3756 2089 3756 2090 3757 1790 3757 1788 3757 2032 3758 1790 3758 2090 3758 2091 3759 2034 3759 2032 3759 2091 3760 2078 3760 2034 3760 2092 3761 2032 3761 2072 3761 2092 3762 2091 3762 2032 3762 2074 3763 2092 3763 2072 3763 2093 3764 2078 3764 2091 3764 2094 3765 2078 3765 2093 3765 2094 3766 2077 3766 2078 3766 2095 3767 2091 3767 2092 3767 2096 3768 2093 3768 2091 3768 2095 3769 2096 3769 2091 3769 2097 3770 2092 3770 2074 3770 2097 3771 2095 3771 2092 3771 2098 3772 2074 3772 2073 3772 2098 3773 2097 3773 2074 3773 2099 3774 2098 3774 2073 3774 2075 3775 2099 3775 2073 3775 2100 3776 2093 3776 2096 3776 2101 3777 2094 3777 2093 3777 2100 3778 2101 3778 2093 3778 2102 3779 2096 3779 2095 3779 2102 3780 2100 3780 2096 3780 2103 3781 2095 3781 2097 3781 2103 3782 2102 3782 2095 3782 2104 3783 2097 3783 2098 3783 2105 3784 2103 3784 2097 3784 2104 3785 2105 3785 2097 3785 2106 3786 2098 3786 2099 3786 2106 3787 2104 3787 2098 3787 2107 3788 2099 3788 2075 3788 2108 3789 2099 3789 2107 3789 2106 3790 2099 3790 2108 3790 2109 3791 2076 3791 2077 3791 2094 3792 2109 3792 2077 3792 2110 3793 2075 3793 2076 3793 2109 3794 2110 3794 2076 3794 2110 3795 2107 3795 2075 3795 2111 3796 2107 3796 2110 3796 2111 3797 2108 3797 2107 3797 2112 3798 2110 3798 2109 3798 2112 3799 2111 3799 2110 3799 2113 3800 2109 3800 2094 3800 2114 3801 2112 3801 2109 3801 2113 3802 2114 3802 2109 3802 2101 3803 2113 3803 2094 3803 2115 3804 2108 3804 2111 3804 2116 3805 2106 3805 2108 3805 2116 3806 2108 3806 2115 3806 2117 3807 2111 3807 2112 3807 2117 3808 2115 3808 2111 3808 2118 3809 2112 3809 2114 3809 2118 3810 2117 3810 2112 3810 2119 3811 2114 3811 2113 3811 2119 3812 2118 3812 2114 3812 2120 3813 2113 3813 2101 3813 2120 3814 2119 3814 2113 3814 2121 3815 2101 3815 2100 3815 2121 3816 2120 3816 2101 3816 2122 3817 2100 3817 2102 3817 2122 3818 2121 3818 2100 3818 2123 3819 2102 3819 2103 3819 2123 3820 2122 3820 2102 3820 2124 3821 2103 3821 2105 3821 2124 3822 2123 3822 2103 3822 2125 3823 2105 3823 2104 3823 2125 3824 2124 3824 2105 3824 2126 3825 2104 3825 2106 3825 2126 3826 2125 3826 2104 3826 2116 3827 2126 3827 2106 3827 2127 3828 2115 3828 2117 3828 2128 3829 2116 3829 2115 3829 2127 3830 2128 3830 2115 3830 2129 3831 2117 3831 2118 3831 2129 3832 2127 3832 2117 3832 2130 3833 2118 3833 2119 3833 2130 3834 2129 3834 2118 3834 2130 3835 2119 3835 2120 3835 2131 3836 2120 3836 2121 3836 2131 3837 2130 3837 2120 3837 2132 3838 2121 3838 2122 3838 2132 3839 2131 3839 2121 3839 2133 3840 2122 3840 2123 3840 2132 3841 2122 3841 2133 3841 2134 3842 2123 3842 2124 3842 2134 3843 2133 3843 2123 3843 2135 3844 2124 3844 2125 3844 2135 3845 2134 3845 2124 3845 2135 3846 2125 3846 2126 3846 2136 3847 2126 3847 2116 3847 2136 3848 2135 3848 2126 3848 2128 3849 2136 3849 2116 3849 2137 3850 2133 3850 2134 3850 2138 3851 2132 3851 2133 3851 2138 3852 2133 3852 2137 3852 2139 3853 2134 3853 2135 3853 2139 3854 2137 3854 2134 3854 2140 3855 2135 3855 2136 3855 2140 3856 2139 3856 2135 3856 2141 3857 2136 3857 2128 3857 2141 3858 2140 3858 2136 3858 2141 3859 2128 3859 2127 3859 2142 3860 2127 3860 2129 3860 2142 3861 2141 3861 2127 3861 2143 3862 2129 3862 2130 3862 2144 3863 2142 3863 2129 3863 2145 3864 2129 3864 2143 3864 2146 3865 2129 3865 2145 3865 2146 3866 2144 3866 2129 3866 2147 3867 2130 3867 2131 3867 2148 3868 2130 3868 2147 3868 2149 3869 2130 3869 2148 3869 2143 3870 2130 3870 2149 3870 2150 3871 2131 3871 2132 3871 2147 3872 2131 3872 2151 3872 2150 3873 2151 3873 2131 3873 2138 3874 2150 3874 2132 3874 2152 3875 2137 3875 2139 3875 2153 3876 2138 3876 2137 3876 2153 3877 2137 3877 2152 3877 2154 3878 2139 3878 2140 3878 2155 3879 2139 3879 2154 3879 2152 3880 2139 3880 2155 3880 2156 3881 2140 3881 2141 3881 2154 3882 2140 3882 2156 3882 2157 3883 2141 3883 2142 3883 2158 3884 2141 3884 2157 3884 2156 3885 2141 3885 2158 3885 2159 3886 2142 3886 2144 3886 2160 3887 2142 3887 2159 3887 2157 3888 2142 3888 2160 3888 2161 3889 2162 3889 2163 3889 2164 3890 2163 3890 2162 3890 2165 3891 2163 3891 2166 3891 2167 3892 2166 3892 2163 3892 2165 3893 2161 3893 2163 3893 2167 3894 2163 3894 2164 3894 2145 3895 2168 3895 2162 3895 2169 3896 2162 3896 2168 3896 2161 3897 2145 3897 2162 3897 2169 3898 2164 3898 2162 3898 2143 3899 2170 3899 2168 3899 2171 3900 2168 3900 2170 3900 2145 3901 2143 3901 2168 3901 2171 3902 2169 3902 2168 3902 2149 3903 2172 3903 2170 3903 2173 3904 2170 3904 2172 3904 2143 3905 2149 3905 2170 3905 2173 3906 2171 3906 2170 3906 2147 3907 2174 3907 2172 3907 2175 3908 2172 3908 2174 3908 2148 3909 2147 3909 2172 3909 2149 3910 2148 3910 2172 3910 2175 3911 2173 3911 2172 3911 2151 3912 2176 3912 2174 3912 2177 3913 2174 3913 2176 3913 2147 3914 2151 3914 2174 3914 2177 3915 2175 3915 2174 3915 2178 3916 2179 3916 2176 3916 2180 3917 2176 3917 2179 3917 2151 3918 2178 3918 2176 3918 2180 3919 2177 3919 2176 3919 2181 3920 2182 3920 2179 3920 2183 3921 2179 3921 2182 3921 2181 3922 2179 3922 2178 3922 2183 3923 2180 3923 2179 3923 2184 3924 2185 3924 2182 3924 2186 3925 2182 3925 2185 3925 2187 3926 2184 3926 2182 3926 2181 3927 2187 3927 2182 3927 2186 3928 2183 3928 2182 3928 2188 3929 2189 3929 2185 3929 2190 3930 2185 3930 2189 3930 2184 3931 2188 3931 2185 3931 2191 3932 2186 3932 2185 3932 2190 3933 2191 3933 2185 3933 2192 3934 2193 3934 2189 3934 2194 3935 2189 3935 2193 3935 2195 3936 2192 3936 2189 3936 2188 3937 2195 3937 2189 3937 2194 3938 2190 3938 2189 3938 2196 3939 2166 3939 2193 3939 2167 3940 2193 3940 2166 3940 2192 3941 2196 3941 2193 3941 2167 3942 2194 3942 2193 3942 2196 3943 2165 3943 2166 3943 2150 3944 2178 3944 2151 3944 2197 3945 2181 3945 2178 3945 2198 3946 2178 3946 2150 3946 2199 3947 2197 3947 2178 3947 2198 3948 2199 3948 2178 3948 2200 3949 2145 3949 2161 3949 2201 3950 2146 3950 2145 3950 2201 3951 2145 3951 2200 3951 2202 3952 2161 3952 2165 3952 2202 3953 2200 3953 2161 3953 2202 3954 2165 3954 2196 3954 2203 3955 2196 3955 2192 3955 2203 3956 2202 3956 2196 3956 2203 3957 2192 3957 2195 3957 2204 3958 2195 3958 2188 3958 2204 3959 2203 3959 2195 3959 2204 3960 2188 3960 2184 3960 2197 3961 2184 3961 2187 3961 2197 3962 2204 3962 2184 3962 2197 3963 2187 3963 2181 3963 2159 3964 2144 3964 2146 3964 2205 3965 2146 3965 2206 3965 2201 3966 2206 3966 2146 3966 2207 3967 2146 3967 2205 3967 2159 3968 2146 3968 2207 3968 2208 3969 2150 3969 2138 3969 2209 3970 2210 3970 2150 3970 2198 3971 2150 3971 2210 3971 2211 3972 2209 3972 2150 3972 2211 3973 2150 3973 2208 3973 2208 3974 2138 3974 2153 3974 2212 3975 2164 3975 2169 3975 2213 3976 2167 3976 2164 3976 2214 3977 2213 3977 2164 3977 2212 3978 2214 3978 2164 3978 2215 3979 2169 3979 2171 3979 2212 3980 2169 3980 2215 3980 2216 3981 2171 3981 2173 3981 2216 3982 2215 3982 2171 3982 2217 3983 2173 3983 2175 3983 2217 3984 2216 3984 2173 3984 2218 3985 2175 3985 2177 3985 2219 3986 2217 3986 2175 3986 2218 3987 2219 3987 2175 3987 2220 3988 2177 3988 2180 3988 2220 3989 2218 3989 2177 3989 2221 3990 2180 3990 2183 3990 2221 3991 2220 3991 2180 3991 2222 3992 2183 3992 2186 3992 2222 3993 2221 3993 2183 3993 2223 3994 2186 3994 2191 3994 2223 3995 2222 3995 2186 3995 2224 3996 2191 3996 2190 3996 2224 3997 2223 3997 2191 3997 2225 3998 2190 3998 2194 3998 2225 3999 2224 3999 2190 3999 2226 4000 2194 4000 2167 4000 2227 4001 2225 4001 2194 4001 2226 4002 2227 4002 2194 4002 2213 4003 2226 4003 2167 4003 2228 4004 2215 4004 2216 4004 2229 4005 2212 4005 2215 4005 2215 4006 2228 4006 2230 4006 2229 4007 2215 4007 2231 4007 2232 4008 2216 4008 2217 4008 2232 4009 2228 4009 2216 4009 2233 4010 2217 4010 2219 4010 2233 4011 2232 4011 2217 4011 2233 4012 2219 4012 2218 4012 2233 4013 2218 4013 2220 4013 2234 4014 2220 4014 2221 4014 2234 4015 2233 4015 2220 4015 2235 4016 2221 4016 2222 4016 2234 4017 2221 4017 2236 4017 2237 4018 2236 4018 2221 4018 2237 4019 2221 4019 2235 4019 2235 4020 2222 4020 2223 4020 2238 4021 2223 4021 2224 4021 2238 4022 2235 4022 2223 4022 2238 4023 2224 4023 2225 4023 2239 4024 2225 4024 2227 4024 2238 4025 2225 4025 2239 4025 2239 4026 2227 4026 2226 4026 2240 4027 2226 4027 2213 4027 2239 4028 2226 4028 2240 4028 2240 4029 2213 4029 2214 4029 2229 4030 2214 4030 2212 4030 2240 4031 2214 4031 2229 4031 2241 4032 2234 4032 2236 4032 2242 4033 2241 4033 2236 4033 2243 4034 2236 4034 2244 4034 2237 4035 2244 4035 2236 4035 2245 4036 2236 4036 2243 4036 2242 4037 2236 4037 2245 4037 2246 4038 2247 4038 2228 4038 2248 4039 2228 4039 2247 4039 2232 4040 2246 4040 2228 4040 2228 4041 2249 4041 2250 4041 2251 4042 2249 4042 2228 4042 2230 4043 2231 4043 2215 4043 2251 4044 2228 4044 2248 4044 2252 4045 2253 4045 2247 4045 2254 4046 2247 4046 2253 4046 2246 4047 2252 4047 2247 4047 2254 4048 2248 4048 2247 4048 2255 4049 2253 4049 2252 4049 2256 4050 2253 4050 2255 4050 2257 4051 2253 4051 2256 4051 2254 4052 2253 4052 2257 4052 2258 4053 2252 4053 2246 4053 2259 4054 2255 4054 2252 4054 2259 4055 2252 4055 2258 4055 2260 4056 2246 4056 2232 4056 2260 4057 2258 4057 2246 4057 2261 4058 2232 4058 2233 4058 2261 4059 2260 4059 2232 4059 2262 4060 2233 4060 2234 4060 2263 4061 2261 4061 2233 4061 2262 4062 2263 4062 2233 4062 2264 4063 2265 4063 2234 4063 2266 4064 2234 4064 2265 4064 2241 4065 2264 4065 2234 4065 2266 4066 2262 4066 2234 4066 2267 4067 2265 4067 2264 4067 2267 4068 2268 4068 2265 4068 2269 4069 2265 4069 2268 4069 2269 4070 2266 4070 2265 4070 2242 4071 2264 4071 2241 4071 2270 4072 2267 4072 2264 4072 2271 4073 2264 4073 2242 4073 2270 4074 2264 4074 2271 4074 2267 4075 2272 4075 2268 4075 2273 4076 2268 4076 2272 4076 2273 4077 2269 4077 2268 4077 2274 4078 2275 4078 2272 4078 2276 4079 2272 4079 2275 4079 2267 4080 2274 4080 2272 4080 2276 4081 2273 4081 2272 4081 2256 4082 2255 4082 2275 4082 2277 4083 2275 4083 2255 4083 2274 4084 2256 4084 2275 4084 2278 4085 2276 4085 2275 4085 2277 4086 2278 4086 2275 4086 2259 4087 2277 4087 2255 4087 2279 4088 2256 4088 2274 4088 2280 4089 2256 4089 2279 4089 2257 4090 2256 4090 2280 4090 2281 4091 2274 4091 2267 4091 2282 4092 2274 4092 2281 4092 2279 4093 2274 4093 2282 4093 2281 4094 2267 4094 2270 4094 1654 4095 2258 4095 2260 4095 1655 4096 2259 4096 2258 4096 1655 4097 2258 4097 1654 4097 1653 4098 2260 4098 2261 4098 1653 4099 1654 4099 2260 4099 2283 4100 2261 4100 2263 4100 1653 4101 2261 4101 2283 4101 2284 4102 2263 4102 2262 4102 2285 4103 2283 4103 2263 4103 2286 4104 2285 4104 2263 4104 2284 4105 2286 4105 2263 4105 1662 4106 2262 4106 2266 4106 2287 4107 2284 4107 2262 4107 2288 4108 2287 4108 2262 4108 1662 4109 2288 4109 2262 4109 1662 4110 2266 4110 2269 4110 1661 4111 2269 4111 2273 4111 1661 4112 1662 4112 2269 4112 1660 4113 2273 4113 2276 4113 1660 4114 1661 4114 2273 4114 1659 4115 2276 4115 2278 4115 1660 4116 2276 4116 1659 4116 1657 4117 2278 4117 2277 4117 1658 4118 2278 4118 1657 4118 1659 4119 2278 4119 1658 4119 1656 4120 2277 4120 2259 4120 1657 4121 2277 4121 1656 4121 1656 4122 2259 4122 1655 4122 1653 4123 2283 4123 1652 4123 2289 4124 1652 4124 2283 4124 1588 4125 1647 4125 1652 4125 1646 4126 1652 4126 1647 4126 2290 4127 1588 4127 1652 4127 2289 4128 2290 4128 1652 4128 2289 4129 2283 4129 2285 4129 2291 4130 2285 4130 2286 4130 2289 4131 2285 4131 2290 4131 2292 4132 2290 4132 2285 4132 2291 4133 2292 4133 2285 4133 2293 4134 2286 4134 2284 4134 2293 4135 2291 4135 2286 4135 2294 4136 2284 4136 2287 4136 2294 4137 2295 4137 2284 4137 2296 4138 2284 4138 2295 4138 2296 4139 2293 4139 2284 4139 1584 4140 2287 4140 2288 4140 2294 4141 2287 4141 1584 4141 1666 4142 2288 4142 1662 4142 1665 4143 1584 4143 2288 4143 1666 4144 1665 4144 2288 4144 1648 4145 1647 4145 1588 4145 2292 4146 1588 4146 2290 4146 1590 4147 1591 4147 1588 4147 1648 4148 1588 4148 1591 4148 2297 4149 1589 4149 1588 4149 2298 4150 2297 4150 1588 4150 2299 4151 2298 4151 1588 4151 2300 4152 2299 4152 1588 4152 2292 4153 2300 4153 1588 4153 2301 4154 1648 4154 1591 4154 1642 4155 2301 4155 1591 4155 2302 4156 1649 4156 1648 4156 2303 4157 1650 4157 1649 4157 2302 4158 2303 4158 1649 4158 2304 4159 1648 4159 2301 4159 2304 4160 2302 4160 1648 4160 1651 4161 1650 4161 2301 4161 2305 4162 2301 4162 1650 4162 1642 4163 1651 4163 2301 4163 2304 4164 2301 4164 2305 4164 2303 4165 2305 4165 1650 4165 2306 4166 1645 4166 1651 4166 2307 4167 1641 4167 1645 4167 2308 4168 1645 4168 2306 4168 2307 4169 1645 4169 2308 4169 2309 4170 1651 4170 1642 4170 2310 4171 2306 4171 1651 4171 2309 4172 2310 4172 1651 4172 2311 4173 1642 4173 1641 4173 2312 4174 1642 4174 2311 4174 2312 4175 2309 4175 1642 4175 2313 4176 2311 4176 1641 4176 2313 4177 1641 4177 2307 4177 1594 4178 2314 4178 1674 4178 1678 4179 1674 4179 2314 4179 1678 4180 1673 4180 1674 4180 1594 4181 2315 4181 2314 4181 1148 4182 2314 4182 2315 4182 1148 4183 1678 4183 2314 4183 1594 4184 1149 4184 2315 4184 1148 4185 2315 4185 1149 4185 1144 4186 1149 4186 1594 4186 1151 4187 1675 4187 1148 4187 1150 4188 1151 4188 1148 4188 1152 4189 1720 4189 1151 4189 2316 4190 1718 4190 1887 4190 2316 4191 1719 4191 1718 4191 2316 4192 1887 4192 1888 4192 2317 4193 795 4193 1888 4193 2318 4194 1888 4194 795 4194 2319 4195 2317 4195 1888 4195 2320 4196 2319 4196 1888 4196 1886 4197 2320 4197 1888 4197 2321 4198 1888 4198 2322 4198 2318 4199 2322 4199 1888 4199 2316 4200 1888 4200 2321 4200 1026 4201 795 4201 794 4201 2317 4202 792 4202 795 4202 2318 4203 795 4203 1026 4203 1026 4204 794 4204 1025 4204 2317 4205 2323 4205 792 4205 791 4206 792 4206 2323 4206 791 4207 2323 4207 2317 4207 2324 4208 2317 4208 2319 4208 2325 4209 2317 4209 2324 4209 791 4210 2317 4210 2325 4210 2324 4211 2319 4211 2320 4211 2324 4212 2320 4212 1886 4212 2324 4213 1886 4213 1891 4213 2326 4214 1714 4214 1716 4214 2327 4215 1712 4215 1714 4215 2328 4216 2327 4216 1714 4216 2326 4217 2328 4217 1714 4217 1715 4218 2329 4218 1716 4218 2326 4219 1716 4219 2329 4219 2330 4220 2329 4220 1715 4220 2326 4221 2329 4221 2331 4221 2321 4222 2331 4222 2329 4222 2330 4223 2321 4223 2329 4223 2330 4224 1715 4224 1719 4224 2330 4225 1719 4225 2321 4225 2316 4226 2321 4226 1719 4226 2327 4227 1713 4227 1712 4227 2332 4228 2333 4228 1713 4228 1708 4229 1713 4229 2333 4229 2327 4230 2332 4230 1713 4230 2334 4231 2335 4231 1709 4231 2336 4232 1709 4232 2335 4232 1708 4233 2334 4233 1709 4233 1710 4234 1709 4234 2336 4234 2337 4235 2338 4235 2335 4235 2336 4236 2335 4236 2338 4236 2334 4237 2337 4237 2335 4237 2339 4238 2340 4238 2338 4238 2336 4239 2338 4239 2340 4239 2337 4240 2339 4240 2338 4240 2341 4241 2342 4241 2340 4241 2336 4242 2340 4242 2342 4242 2343 4243 2341 4243 2340 4243 2339 4244 2343 4244 2340 4244 2344 4245 2342 4245 2341 4245 2344 4246 2336 4246 2342 4246 1283 4247 1287 4247 2341 4247 2344 4248 2341 4248 1287 4248 2343 4249 1283 4249 2341 4249 1290 4250 1287 4250 1289 4250 2345 4251 1287 4251 1290 4251 2344 4252 1287 4252 2345 4252 1284 4253 1283 4253 2343 4253 2081 4254 2343 4254 2339 4254 2081 4255 1284 4255 2343 4255 2346 4256 2339 4256 2337 4256 2346 4257 2081 4257 2339 4257 1903 4258 2337 4258 2334 4258 2080 4259 2346 4259 2337 4259 1903 4260 2080 4260 2337 4260 1708 4261 2333 4261 2334 4261 1903 4262 2334 4262 2333 4262 1899 4263 2333 4263 2332 4263 1899 4264 1903 4264 2333 4264 2347 4265 2332 4265 2327 4265 2348 4266 1899 4266 2332 4266 2347 4267 2348 4267 2332 4267 2347 4268 2327 4268 2349 4268 2328 4269 2349 4269 2327 4269 1710 4270 2336 4270 2350 4270 2351 4271 2350 4271 2336 4271 2352 4272 1710 4272 2350 4272 2353 4273 2352 4273 2350 4273 2354 4274 2353 4274 2350 4274 2355 4275 2354 4275 2350 4275 2351 4276 2355 4276 2350 4276 2344 4277 2351 4277 2336 4277 2352 4278 1711 4278 1710 4278 2353 4279 1711 4279 2352 4279 2353 4280 1705 4280 1711 4280 2356 4281 1705 4281 2353 4281 2357 4282 1706 4282 1705 4282 2356 4283 2357 4283 1705 4283 2354 4284 2358 4284 2353 4284 2359 4285 2353 4285 2358 4285 2356 4286 2353 4286 2360 4286 2359 4287 2360 4287 2353 4287 2361 4288 2358 4288 2354 4288 1748 4289 2362 4289 2358 4289 1706 4290 2358 4290 2362 4290 2361 4291 1748 4291 2358 4291 2363 4292 2358 4292 1706 4292 2359 4293 2358 4293 2363 4293 2345 4294 2354 4294 2355 4294 2345 4295 2361 4295 2354 4295 2345 4296 2355 4296 2351 4296 2344 4297 2345 4297 2351 4297 1706 4298 2364 4298 1700 4298 2365 4299 1700 4299 2364 4299 2365 4300 1703 4300 1700 4300 1706 4301 2362 4301 2364 4301 2365 4302 2364 4302 2362 4302 2365 4303 2362 4303 1748 4303 1749 4304 1748 4304 2361 4304 2365 4305 1748 4305 1747 4305 2345 4306 1749 4306 2361 4306 2357 4307 2366 4307 1706 4307 2363 4308 1706 4308 2366 4308 1754 4309 1702 4309 1703 4309 1753 4310 1754 4310 1703 4310 1752 4311 1753 4311 1703 4311 1747 4312 1752 4312 1703 4312 2365 4313 1747 4313 1703 4313 2367 4314 1746 4314 1750 4314 2367 4315 1745 4315 1746 4315 2368 4316 1750 4316 1751 4316 2367 4317 1750 4317 2368 4317 2369 4318 1751 4318 1749 4318 2368 4319 1751 4319 2369 4319 2345 4320 1290 4320 1749 4320 2369 4321 1749 4321 1290 4321 1741 4322 1740 4322 1745 4322 2367 4323 1741 4323 1745 4323 2369 4324 1295 4324 1742 4324 2369 4325 1291 4325 1295 4325 2368 4326 1742 4326 1743 4326 2368 4327 2369 4327 1742 4327 2367 4328 1743 4328 1741 4328 2367 4329 2368 4329 1743 4329 2370 4330 1738 4330 1297 4330 2371 4331 1739 4331 1738 4331 2372 4332 2371 4332 1738 4332 2370 4333 2372 4333 1738 4333 2370 4334 1297 4334 1296 4334 1298 4335 2370 4335 1296 4335 2373 4336 1739 4336 2371 4336 1737 4337 1739 4337 2373 4337 2372 4338 2373 4338 2371 4338 1733 4339 1734 4339 2373 4339 1737 4340 2373 4340 1734 4340 2372 4341 1733 4341 2373 4341 1737 4342 1734 4342 1732 4342 1735 4343 1733 4343 2372 4343 2370 4344 1735 4344 2372 4344 1298 4345 1735 4345 2370 4345 1298 4346 1300 4346 1735 4346 1756 4347 1731 4347 1303 4347 2374 4348 1730 4348 1731 4348 1755 4349 2374 4349 1731 4349 1756 4350 1755 4350 1731 4350 1756 4351 1303 4351 1301 4351 1304 4352 1756 4352 1301 4352 1757 4353 1730 4353 2374 4353 1725 4354 1730 4354 1757 4354 1757 4355 2374 4355 1755 4355 1290 4356 1288 4356 1291 4356 2369 4357 1290 4357 1291 4357 2360 4358 2366 4358 2357 4358 2359 4359 2366 4359 2360 4359 2359 4360 2363 4360 2366 4360 2356 4361 2360 4361 2357 4361 1281 4362 1286 4362 1285 4362 2375 4363 2376 4363 1278 4363 2377 4364 1278 4364 2376 4364 1844 4365 2375 4365 1278 4365 1267 4366 1278 4366 2377 4366 1267 4367 1279 4367 1278 4367 1846 4368 2376 4368 2375 4368 2378 4369 2377 4369 2376 4369 1846 4370 2378 4370 2376 4370 1846 4371 2375 4371 1844 4371 2378 4372 2379 4372 2377 4372 2380 4373 2377 4373 2379 4373 823 4374 1267 4374 2377 4374 819 4375 823 4375 2377 4375 2380 4376 819 4376 2377 4376 1846 4377 2379 4377 2378 4377 1846 4378 2380 4378 2379 4378 826 4379 1267 4379 823 4379 821 4380 826 4380 823 4380 817 4381 819 4381 2380 4381 1846 4382 817 4382 2380 4382 1867 4383 812 4383 813 4383 1867 4384 1161 4384 812 4384 1867 4385 813 4385 814 4385 1861 4386 814 4386 816 4386 1861 4387 1867 4387 814 4387 1853 4388 816 4388 815 4388 1853 4389 1861 4389 816 4389 1845 4390 815 4390 817 4390 1845 4391 1853 4391 815 4391 1846 4392 1845 4392 817 4392 976 4393 986 4393 974 4393 977 4394 987 4394 976 4394 960 4395 972 4395 959 4395 944 4396 956 4396 943 4396 930 4397 940 4397 929 4397 921 4398 925 4398 920 4398 911 4399 917 4399 910 4399 896 4400 907 4400 895 4400 983 4401 987 4401 977 4401 980 4402 977 4402 975 4402 980 4403 983 4403 977 4403 980 4404 975 4404 978 4404 969 4405 972 4405 960 4405 963 4406 960 4406 958 4406 966 4407 969 4407 960 4407 966 4408 960 4408 963 4408 952 4409 956 4409 944 4409 949 4410 944 4410 941 4410 949 4411 952 4411 944 4411 949 4412 941 4412 947 4412 937 4413 940 4413 930 4413 934 4414 930 4414 927 4414 934 4415 937 4415 930 4415 934 4416 927 4416 932 4416 924 4417 925 4417 921 4417 922 4418 921 4418 918 4418 923 4419 924 4419 921 4419 923 4420 921 4420 922 4420 913 4421 917 4421 911 4421 913 4422 916 4422 917 4422 912 4423 911 4423 908 4423 913 4424 911 4424 912 4424 905 4425 907 4425 896 4425 902 4426 896 4426 897 4426 902 4427 905 4427 896 4427 894 4428 902 4428 897 4428 901 4429 900 4429 902 4429 899 4430 901 4430 902 4430 894 4431 899 4431 902 4431 2346 4432 2082 4432 2081 4432 2079 4433 2082 4433 2346 4433 2080 4434 2079 4434 2346 4434 2348 4435 1900 4435 1899 4435 2349 4436 1898 4436 1900 4436 1896 4437 1898 4437 2349 4437 2347 4438 1900 4438 2348 4438 2347 4439 2349 4439 1900 4439 2381 4440 1896 4440 2349 4440 2328 4441 2381 4441 2349 4441 2381 4442 2382 4442 1896 4442 2328 4443 1896 4443 2382 4443 2383 4444 1896 4444 2328 4444 2384 4445 1896 4445 2383 4445 2385 4446 1896 4446 2384 4446 2386 4447 1897 4447 1896 4447 2385 4448 2386 4448 1896 4448 2328 4449 2382 4449 2381 4449 2326 4450 2331 4450 2387 4450 2322 4451 2387 4451 2331 4451 2383 4452 2326 4452 2387 4452 2388 4453 2383 4453 2387 4453 2389 4454 2388 4454 2387 4454 869 4455 2389 4455 2387 4455 2322 4456 869 4456 2387 4456 2321 4457 2322 4457 2331 4457 2383 4458 2328 4458 2326 4458 2390 4459 2383 4459 2388 4459 2390 4460 2384 4460 2383 4460 2390 4461 2388 4461 2389 4461 869 4462 2391 4462 2389 4462 2392 4463 2389 4463 2391 4463 2390 4464 2389 4464 2392 4464 871 4465 2393 4465 2391 4465 788 4466 2391 4466 2393 4466 869 4467 871 4467 2391 4467 2394 4468 2391 4468 788 4468 2392 4469 2391 4469 2394 4469 871 4470 2395 4470 2393 4470 2396 4471 2393 4471 2395 4471 785 4472 788 4472 2393 4472 2396 4473 785 4473 2393 4473 871 4474 2397 4474 2395 4474 2396 4475 2395 4475 2397 4475 891 4476 2397 4476 871 4476 2396 4477 2397 4477 785 4477 891 4478 785 4478 2397 4478 2322 4479 867 4479 869 4479 2398 4480 2385 4480 2384 4480 2398 4481 2384 4481 2399 4481 2390 4482 2399 4482 2384 4482 2386 4483 2385 4483 2398 4483 2398 4484 1897 4484 2386 4484 2399 4485 1891 4485 1897 4485 2398 4486 2399 4486 1897 4486 2400 4487 2324 4487 1891 4487 2399 4488 2400 4488 1891 4488 2325 4489 2324 4489 2400 4489 2390 4490 2400 4490 2399 4490 2401 4491 2325 4491 2400 4491 2392 4492 2401 4492 2400 4492 2390 4493 2392 4493 2400 4493 2401 4494 2402 4494 2325 4494 791 4495 2325 4495 2402 4495 2392 4496 2402 4496 2401 4496 2403 4497 791 4497 2402 4497 2403 4498 2402 4498 2392 4498 2392 4499 2404 4499 2403 4499 2403 4500 789 4500 791 4500 2403 4501 2404 4501 789 4501 2394 4502 789 4502 2404 4502 2394 4503 788 4503 789 4503 2392 4504 2394 4504 2404 4504 873 4505 887 4505 872 4505 2405 4506 868 4506 867 4506 2322 4507 2405 4507 867 4507 883 4508 887 4508 873 4508 877 4509 873 4509 870 4509 877 4510 883 4510 873 4510 877 4511 870 4511 874 4511 877 4512 884 4512 883 4512 881 4513 880 4513 884 4513 877 4514 881 4514 884 4514 2318 4515 868 4515 2405 4515 2318 4516 1026 4516 868 4516 2318 4517 2405 4517 2322 4517 1586 4518 1589 4518 2297 4518 2406 4519 2297 4519 2298 4519 2406 4520 1586 4520 2297 4520 2407 4521 2298 4521 2299 4521 2406 4522 2298 4522 2407 4522 2407 4523 2299 4523 2300 4523 2292 4524 2408 4524 2300 4524 2409 4525 2300 4525 2408 4525 2409 4526 2410 4526 2300 4526 2407 4527 2300 4527 2410 4527 2291 4528 2408 4528 2292 4528 2409 4529 2408 4529 2291 4529 2411 4530 1587 4530 1586 4530 1584 4531 1583 4531 1587 4531 2295 4532 1584 4532 1587 4532 2412 4533 2295 4533 1587 4533 2413 4534 2412 4534 1587 4534 2414 4535 2413 4535 1587 4535 2415 4536 2414 4536 1587 4536 2411 4537 2415 4537 1587 4537 2406 4538 2411 4538 1586 4538 1665 4539 1582 4539 1584 4539 1668 4540 1581 4540 1582 4540 1668 4541 1582 4541 1665 4541 2294 4542 1584 4542 2295 4542 2296 4543 2295 4543 2412 4543 2416 4544 2412 4544 2413 4544 2416 4545 2296 4545 2412 4545 2407 4546 2413 4546 2414 4546 2407 4547 2416 4547 2413 4547 2406 4548 2414 4548 2415 4548 2406 4549 2407 4549 2414 4549 2406 4550 2415 4550 2411 4550 2417 4551 1669 4551 1581 4551 1668 4552 2417 4552 1581 4552 1624 4553 1579 4553 1631 4553 1624 4554 1576 4554 1579 4554 1624 4555 1631 4555 1632 4555 1624 4556 1632 4556 1627 4556 1620 4557 1624 4557 1627 4557 2418 4558 1667 4558 1669 4558 2419 4559 1668 4559 1667 4559 2418 4560 2419 4560 1667 4560 2420 4561 1669 4561 2417 4561 2421 4562 2418 4562 1669 4562 2420 4563 2421 4563 1669 4563 2422 4564 2417 4564 1668 4564 2423 4565 2417 4565 2422 4565 2423 4566 2420 4566 2417 4566 2419 4567 2422 4567 1668 4567 2409 4568 2291 4568 2293 4568 2410 4569 2293 4569 2296 4569 2409 4570 2293 4570 2410 4570 2416 4571 2410 4571 2296 4571 2407 4572 2410 4572 2416 4572 2424 4573 2422 4573 2419 4573 2425 4574 2423 4574 2422 4574 2424 4575 2425 4575 2422 4575 2426 4576 2419 4576 2418 4576 2427 4577 2419 4577 2428 4577 2426 4578 2428 4578 2419 4578 2429 4579 2419 4579 2427 4579 2430 4580 2419 4580 2429 4580 2424 4581 2419 4581 2430 4581 2431 4582 2418 4582 2421 4582 2426 4583 2418 4583 2431 4583 2432 4584 2421 4584 2420 4584 2432 4585 2431 4585 2421 4585 2432 4586 2420 4586 2423 4586 2425 4587 2432 4587 2423 4587 2425 4588 2431 4588 2432 4588 2428 4589 2431 4589 2425 4589 2426 4590 2431 4590 2428 4590 2427 4591 2428 4591 2425 4591 2429 4592 2427 4592 2425 4592 2430 4593 2429 4593 2425 4593 2424 4594 2430 4594 2425 4594 2433 4595 2305 4595 2303 4595 2434 4596 2304 4596 2305 4596 2433 4597 2434 4597 2305 4597 2435 4598 2303 4598 2302 4598 2435 4599 2433 4599 2303 4599 2436 4600 2302 4600 2304 4600 2435 4601 2302 4601 2436 4601 2434 4602 2436 4602 2304 4602 2435 4603 2436 4603 2434 4603 2435 4604 2434 4604 2433 4604 2437 4605 2312 4605 2311 4605 2438 4606 2437 4606 2311 4606 2313 4607 2438 4607 2311 4607 2439 4608 2306 4608 2310 4608 2440 4609 2306 4609 2439 4609 2440 4610 2308 4610 2306 4610 2441 4611 2310 4611 2309 4611 2442 4612 2439 4612 2310 4612 2441 4613 2442 4613 2310 4613 2443 4614 2309 4614 2312 4614 2443 4615 2441 4615 2309 4615 2437 4616 2443 4616 2312 4616 2440 4617 2439 4617 2442 4617 2444 4618 2442 4618 2441 4618 2445 4619 2440 4619 2442 4619 2444 4620 2445 4620 2442 4620 2444 4621 2441 4621 2443 4621 2446 4622 2443 4622 2437 4622 2446 4623 2444 4623 2443 4623 2438 4624 2447 4624 2437 4624 2446 4625 2437 4625 2447 4625 2313 4626 2447 4626 2438 4626 2448 4627 2447 4627 2313 4627 2449 4628 2447 4628 2448 4628 2446 4629 2447 4629 2449 4629 2450 4630 2307 4630 2308 4630 2440 4631 2450 4631 2308 4631 2448 4632 2313 4632 2307 4632 2450 4633 2448 4633 2307 4633 2449 4634 2448 4634 2450 4634 2445 4635 2450 4635 2440 4635 2445 4636 2449 4636 2450 4636 2451 4637 2449 4637 2445 4637 2452 4638 2446 4638 2449 4638 2451 4639 2452 4639 2449 4639 2453 4640 2445 4640 2444 4640 2451 4641 2445 4641 2454 4641 2453 4642 2454 4642 2445 4642 2455 4643 2444 4643 2446 4643 2453 4644 2444 4644 2455 4644 2452 4645 2456 4645 2446 4645 2455 4646 2446 4646 2456 4646 2454 4647 2456 4647 2452 4647 2453 4648 2456 4648 2454 4648 2453 4649 2455 4649 2456 4649 2451 4650 2454 4650 2452 4650 2457 4651 1536 4651 1537 4651 1615 4652 1536 4652 2457 4652 2458 4653 1537 4653 1538 4653 2457 4654 1537 4654 2458 4654 1611 4655 2458 4655 1538 4655 1258 4656 1214 4656 1597 4656 2459 4657 1597 4657 1596 4657 1254 4658 1597 4658 1255 4658 2459 4659 1255 4659 1597 4659 1253 4660 1597 4660 1254 4660 1258 4661 1597 4661 1253 4661 2460 4662 2459 4662 1596 4662 1602 4663 2460 4663 1596 4663 1256 4664 1255 4664 2459 4664 2460 4665 2461 4665 2459 4665 2462 4666 2459 4666 2461 4666 1256 4667 2459 4667 2462 4667 1602 4668 2461 4668 2460 4668 2463 4669 2462 4669 2461 4669 1602 4670 2463 4670 2461 4670 2463 4671 2464 4671 2462 4671 1256 4672 2462 4672 2464 4672 2463 4673 2465 4673 2464 4673 1256 4674 2464 4674 2465 4674 2466 4675 2465 4675 2463 4675 1251 4676 1256 4676 2465 4676 2467 4677 1251 4677 2465 4677 2468 4678 2467 4678 2465 4678 2466 4679 2469 4679 2465 4679 2468 4680 2465 4680 2469 4680 2470 4681 2463 4681 1602 4681 2471 4682 2466 4682 2463 4682 2470 4683 2471 4683 2463 4683 2472 4684 1602 4684 1601 4684 2470 4685 1602 4685 2473 4685 2472 4686 2473 4686 1602 4686 2474 4687 2475 4687 1601 4687 2466 4688 1601 4688 2475 4688 1606 4689 2474 4689 1601 4689 2476 4690 1601 4690 2466 4690 2472 4691 1601 4691 2476 4691 2467 4692 1247 4692 1251 4692 2467 4693 1248 4693 1247 4693 1249 4694 1248 4694 2477 4694 2467 4695 2477 4695 1248 4695 2478 4696 1249 4696 2477 4696 2479 4697 2478 4697 2477 4697 2480 4698 2479 4698 2477 4698 2481 4699 2480 4699 2477 4699 2467 4700 2481 4700 2477 4700 2482 4701 1249 4701 2478 4701 1377 4702 1249 4702 2483 4702 2482 4703 2483 4703 1249 4703 1243 4704 1249 4704 1378 4704 2482 4705 2478 4705 2479 4705 2484 4706 2479 4706 2480 4706 2485 4707 2479 4707 2484 4707 2485 4708 2482 4708 2479 4708 2481 4709 2484 4709 2480 4709 2486 4710 2487 4710 2484 4710 2485 4711 2484 4711 2487 4711 2481 4712 2486 4712 2484 4712 2483 4713 2487 4713 2486 4713 2483 4714 2488 4714 2487 4714 2485 4715 2487 4715 2488 4715 2489 4716 2486 4716 2481 4716 2490 4717 2486 4717 2489 4717 2483 4718 2486 4718 2490 4718 2467 4719 2491 4719 2481 4719 2492 4720 2481 4720 2491 4720 2492 4721 2489 4721 2481 4721 2468 4722 2491 4722 2467 4722 2469 4723 2492 4723 2491 4723 2468 4724 2469 4724 2491 4724 2469 4725 2489 4725 2492 4725 2493 4726 2489 4726 2469 4726 2490 4727 2489 4727 2493 4727 2466 4728 2494 4728 2469 4728 2495 4729 2469 4729 2494 4729 2495 4730 2493 4730 2469 4730 2466 4731 2475 4731 2494 4731 2495 4732 2494 4732 2475 4732 2495 4733 2475 4733 2474 4733 1607 4734 2474 4734 1606 4734 2495 4735 2474 4735 2496 4735 1373 4736 2496 4736 2474 4736 1607 4737 1373 4737 2474 4737 2471 4738 2497 4738 2466 4738 2476 4739 2466 4739 2497 4739 2498 4740 2490 4740 2493 4740 2499 4741 2498 4741 2493 4741 2500 4742 2499 4742 2493 4742 2496 4743 2500 4743 2493 4743 2495 4744 2496 4744 2493 4744 1377 4745 2490 4745 2498 4745 1377 4746 2483 4746 2490 4746 1379 4747 2498 4747 2499 4747 1379 4748 1377 4748 2498 4748 1375 4749 2499 4749 2500 4749 1375 4750 1379 4750 2499 4750 1376 4751 2500 4751 2496 4751 1376 4752 1375 4752 2500 4752 1373 4753 1376 4753 2496 4753 2482 4754 2488 4754 2483 4754 2485 4755 2488 4755 2482 4755 2501 4756 1374 4756 1373 4756 2502 4757 2501 4757 1373 4757 2503 4758 1373 4758 1607 4758 2504 4759 2502 4759 1373 4759 2503 4760 2504 4760 1373 4760 2505 4761 1369 4761 1374 4761 2506 4762 1372 4762 1369 4762 2507 4763 2506 4763 1369 4763 2505 4764 2507 4764 1369 4764 2508 4765 1374 4765 2501 4765 2508 4766 2505 4766 1374 4766 2508 4767 2501 4767 2502 4767 2509 4768 1243 4768 1380 4768 2510 4769 1244 4769 1243 4769 2511 4770 2510 4770 1243 4770 2512 4771 2511 4771 1243 4771 2509 4772 2512 4772 1243 4772 2509 4773 1380 4773 1381 4773 1231 4774 2513 4774 1381 4774 2514 4775 1381 4775 2513 4775 2514 4776 2509 4776 1381 4776 2515 4777 2513 4777 1231 4777 2516 4778 2514 4778 2513 4778 2515 4779 2516 4779 2513 4779 1238 4780 2515 4780 1231 4780 2517 4781 1233 4781 1382 4781 2518 4782 1234 4782 1233 4782 2519 4783 2518 4783 1233 4783 2520 4784 2519 4784 1233 4784 2517 4785 2520 4785 1233 4785 2517 4786 1382 4786 1383 4786 2521 4787 1383 4787 1384 4787 2521 4788 2517 4788 1383 4788 1385 4789 2521 4789 1384 4789 2522 4790 1368 4790 1366 4790 2523 4791 1366 4791 1608 4791 2523 4792 2522 4792 1366 4792 2524 4793 1372 4793 2506 4793 2524 4794 1605 4794 1372 4794 2524 4795 2506 4795 2507 4795 2524 4796 2507 4796 2505 4796 2524 4797 2505 4797 2508 4797 2525 4798 1547 4798 1368 4798 2526 4799 2525 4799 1368 4799 2526 4800 1368 4800 2527 4800 2522 4801 2527 4801 1368 4801 2528 4802 1546 4802 1547 4802 2529 4803 1567 4803 1546 4803 2530 4804 1546 4804 2528 4804 2529 4805 1546 4805 2530 4805 2528 4806 1547 4806 2525 4806 2531 4807 1570 4807 1567 4807 2531 4808 1567 4808 2529 4808 2532 4809 1608 4809 1609 4809 2532 4810 2523 4810 1608 4810 2531 4811 1609 4811 1570 4811 2533 4812 2532 4812 1609 4812 2531 4813 2533 4813 1609 4813 2503 4814 1607 4814 1605 4814 2524 4815 2503 4815 1605 4815 2503 4816 2502 4816 2504 4816 2508 4817 2502 4817 2503 4817 2524 4818 2508 4818 2503 4818 1240 4819 1244 4819 2510 4819 2534 4820 2510 4820 2511 4820 2535 4821 2510 4821 2534 4821 1240 4822 2510 4822 2535 4822 2536 4823 2511 4823 2512 4823 2534 4824 2511 4824 2536 4824 2514 4825 2512 4825 2509 4825 2536 4826 2512 4826 2514 4826 2536 4827 2514 4827 2516 4827 2537 4828 2536 4828 2516 4828 2515 4829 2537 4829 2516 4829 2534 4830 2536 4830 2537 4830 2534 4831 2537 4831 2515 4831 2535 4832 2534 4832 2515 4832 2535 4833 2515 4833 1238 4833 1237 4834 2535 4834 1238 4834 1240 4835 2535 4835 1237 4835 2538 4836 1234 4836 2518 4836 1229 4837 1234 4837 2538 4837 2539 4838 2518 4838 2519 4838 2538 4839 2518 4839 2539 4839 2540 4840 2519 4840 2520 4840 2539 4841 2519 4841 2540 4841 2521 4842 2520 4842 2517 4842 2540 4843 2520 4843 2521 4843 2521 4844 1385 4844 1386 4844 2540 4845 2521 4845 1387 4845 1386 4846 1387 4846 2521 4846 2539 4847 1387 4847 1388 4847 2539 4848 2540 4848 1387 4848 1389 4849 1331 4849 2539 4849 2539 4850 1388 4850 1389 4850 2538 4851 2539 4851 1331 4851 1229 4852 2538 4852 1331 4852 2473 4853 2497 4853 2471 4853 2472 4854 2497 4854 2473 4854 2472 4855 2476 4855 2497 4855 2470 4856 2473 4856 2471 4856 696 4857 665 4857 680 4857 663 4858 662 4858 665 4858 696 4859 663 4859 665 4859 2541 4860 2542 4860 1088 4860 333 4861 1088 4861 2542 4861 2543 4862 2541 4862 1088 4862 1089 4863 2543 4863 1088 4863 2544 4864 2545 4864 2542 4864 333 4865 2542 4865 2545 4865 2541 4866 2544 4866 2542 4866 2546 4867 2545 4867 2544 4867 2547 4868 2545 4868 2546 4868 2547 4869 333 4869 2545 4869 2548 4870 2544 4870 2541 4870 2546 4871 2544 4871 2548 4871 2548 4872 2541 4872 2543 4872 2549 4873 2550 4873 2543 4873 2548 4874 2543 4874 2550 4874 2543 4875 1089 4875 2551 4875 2552 4876 1089 4876 601 4876 2552 4877 601 4877 596 4877 596 4878 2553 4878 2552 4878 2554 4879 2550 4879 2549 4879 2555 4880 2550 4880 2554 4880 2556 4881 2550 4881 2555 4881 2556 4882 2548 4882 2550 4882 2551 4883 2549 4883 2543 4883 2557 4884 2549 4884 2551 4884 2554 4885 2549 4885 2557 4885 2557 4886 2551 4886 1089 4886 2552 4887 2553 4887 1089 4887 2558 4888 1089 4888 2553 4888 2557 4889 1089 4889 2558 4889 596 4890 572 4890 2553 4890 2558 4891 2553 4891 572 4891 1085 4892 2559 4892 1080 4892 2560 4893 1080 4893 2559 4893 2561 4894 1081 4894 1080 4894 2562 4895 2561 4895 1080 4895 2560 4896 2562 4896 1080 4896 1085 4897 2563 4897 2559 4897 2564 4898 2559 4898 2563 4898 2565 4899 2560 4899 2559 4899 2564 4900 2565 4900 2559 4900 1086 4901 2566 4901 2563 4901 2567 4902 2563 4902 2566 4902 1085 4903 1086 4903 2563 4903 2567 4904 2564 4904 2563 4904 1084 4905 2566 4905 1086 4905 2568 4906 2567 4906 2566 4906 2569 4907 2568 4907 2566 4907 1084 4908 2569 4908 2566 4908 1083 4909 698 4909 403 4909 663 4910 698 4910 1083 4910 696 4911 698 4911 663 4911 663 4912 1083 4912 1082 4912 2570 4913 1082 4913 1081 4913 2571 4914 663 4914 1082 4914 2570 4915 2571 4915 1082 4915 2572 4916 1081 4916 2561 4916 2570 4917 1081 4917 2572 4917 2572 4918 2561 4918 2562 4918 2573 4919 2562 4919 2560 4919 2572 4920 2562 4920 2573 4920 2565 4921 2574 4921 2560 4921 2573 4922 2560 4922 2574 4922 240 4923 663 4923 469 4923 2575 4924 693 4924 663 4924 2571 4925 2575 4925 663 4925 188 4926 621 4926 663 4926 188 4927 663 4927 240 4927 192 4928 469 4928 484 4928 240 4929 469 4929 192 4929 190 4930 484 4930 529 4930 2576 4931 506 4931 484 4931 2577 4932 2576 4932 484 4932 1069 4933 2577 4933 484 4933 1070 4934 1069 4934 484 4934 510 4935 1070 4935 484 4935 498 4936 510 4936 484 4936 192 4937 484 4937 190 4937 191 4938 529 4938 572 4938 190 4939 529 4939 191 4939 506 4940 2576 4940 2578 4940 2578 4941 509 4941 506 4941 1068 4942 509 4942 2578 4942 1068 4943 2578 4943 2576 4943 1068 4944 2576 4944 2577 4944 2579 4945 2577 4945 1069 4945 2579 4946 1068 4946 2577 4946 1070 4947 510 4947 357 4947 2579 4948 1069 4948 1071 4948 693 4949 2575 4949 2580 4949 2580 4950 697 4950 693 4950 1079 4951 697 4951 2580 4951 1079 4952 2580 4952 2575 4952 1079 4953 2575 4953 2571 4953 2570 4954 1079 4954 2571 4954 187 4955 572 4955 621 4955 1090 4956 2558 4956 572 4956 1091 4957 1090 4957 572 4957 602 4958 1091 4958 572 4958 586 4959 602 4959 572 4959 187 4960 191 4960 572 4960 188 4961 187 4961 621 4961 2557 4962 2558 4962 1090 4962 1091 4963 602 4963 331 4963 1092 4964 2557 4964 1090 4964 2554 4965 2557 4965 1092 4965 2581 4966 2554 4966 1092 4966 332 4967 2581 4967 1092 4967 2581 4968 2582 4968 2554 4968 2555 4969 2554 4969 2582 4969 332 4970 2582 4970 2581 4970 2583 4971 2555 4971 2582 4971 332 4972 2583 4972 2582 4972 2584 4973 2555 4973 2583 4973 2585 4974 2556 4974 2555 4974 2584 4975 2585 4975 2555 4975 2586 4976 2584 4976 2583 4976 332 4977 2586 4977 2583 4977 2587 4978 2588 4978 2589 4978 2590 4979 2589 4979 2588 4979 2548 4980 2587 4980 2589 4980 2546 4981 2548 4981 2589 4981 2586 4982 2589 4982 2584 4982 2591 4983 2584 4983 2589 4983 2592 4984 2546 4984 2589 4984 2586 4985 2592 4985 2589 4985 2590 4986 2593 4986 2589 4986 2591 4987 2589 4987 2593 4987 288 4988 2594 4988 2588 4988 2590 4989 2588 4989 2594 4989 2587 4990 288 4990 2588 4990 2595 4991 2594 4991 288 4991 2595 4992 2590 4992 2594 4992 2596 4993 288 4993 287 4993 2587 4994 289 4994 288 4994 2596 4995 2595 4995 288 4995 291 4996 2597 4996 287 4996 2596 4997 287 4997 2597 4997 2598 4998 2597 4998 291 4998 2598 4999 2599 4999 2597 4999 2596 5000 2597 5000 2599 5000 2600 5001 291 5001 298 5001 2600 5002 2598 5002 291 5002 299 5003 2601 5003 298 5003 2602 5004 298 5004 2601 5004 2602 5005 2600 5005 298 5005 299 5006 2603 5006 2601 5006 2602 5007 2601 5007 2603 5007 2604 5008 2605 5008 2603 5008 2606 5009 2603 5009 2605 5009 299 5010 2604 5010 2603 5010 2602 5011 2603 5011 2606 5011 2604 5012 2607 5012 2605 5012 2608 5013 2605 5013 2607 5013 2608 5014 2606 5014 2605 5014 2609 5015 2610 5015 2607 5015 2611 5016 2607 5016 2610 5016 2604 5017 2609 5017 2607 5017 2611 5018 2608 5018 2607 5018 2612 5019 2613 5019 2610 5019 2611 5020 2610 5020 2613 5020 2614 5021 2612 5021 2610 5021 2609 5022 2614 5022 2610 5022 2615 5023 2613 5023 2612 5023 2616 5024 2613 5024 2615 5024 2617 5025 2611 5025 2613 5025 2616 5026 2617 5026 2613 5026 2618 5027 2612 5027 2614 5027 2618 5028 2615 5028 2612 5028 2619 5029 2614 5029 2609 5029 2618 5030 2614 5030 2619 5030 2604 5031 2620 5031 2609 5031 2621 5032 2609 5032 2620 5032 2622 5033 2609 5033 2621 5033 2619 5034 2609 5034 2622 5034 2623 5035 2624 5035 2620 5035 2621 5036 2620 5036 2624 5036 2625 5037 2620 5037 2604 5037 2625 5038 2623 5038 2620 5038 2626 5039 2627 5039 2624 5039 2628 5040 2624 5040 2627 5040 2629 5041 2624 5041 2623 5041 2629 5042 2626 5042 2624 5042 2621 5043 2624 5043 2628 5043 2630 5044 2631 5044 2627 5044 2632 5045 2627 5045 2631 5045 2626 5046 2630 5046 2627 5046 2632 5047 2628 5047 2627 5047 2633 5048 2634 5048 2631 5048 2635 5049 2631 5049 2634 5049 2630 5050 2633 5050 2631 5050 2632 5051 2631 5051 2635 5051 2636 5052 2637 5052 2634 5052 2638 5053 2634 5053 2637 5053 2639 5054 2636 5054 2634 5054 2640 5055 2639 5055 2634 5055 2633 5056 2640 5056 2634 5056 2641 5057 2634 5057 2638 5057 2635 5058 2634 5058 2641 5058 2642 5059 2643 5059 2637 5059 2638 5060 2637 5060 2643 5060 2636 5061 2642 5061 2637 5061 2644 5062 2645 5062 2643 5062 2646 5063 2643 5063 2645 5063 2647 5064 2644 5064 2643 5064 2642 5065 2647 5065 2643 5065 2638 5066 2643 5066 2646 5066 2648 5067 2645 5067 2644 5067 2648 5068 2646 5068 2645 5068 2649 5069 2644 5069 2647 5069 2650 5070 2651 5070 2644 5070 2648 5071 2644 5071 2651 5071 2649 5072 2650 5072 2644 5072 2649 5073 2647 5073 2642 5073 2652 5074 2642 5074 2636 5074 2652 5075 2649 5075 2642 5075 2653 5076 2636 5076 2639 5076 2653 5077 2652 5077 2636 5077 2654 5078 2655 5078 2639 5078 2656 5079 2639 5079 2655 5079 2657 5080 2654 5080 2639 5080 2658 5081 2657 5081 2639 5081 2640 5082 2658 5082 2639 5082 2656 5083 2653 5083 2639 5083 2659 5084 2660 5084 2655 5084 2661 5085 2655 5085 2660 5085 2662 5086 2659 5086 2655 5086 2654 5087 2662 5087 2655 5087 2661 5088 2656 5088 2655 5088 2659 5089 2663 5089 2660 5089 2664 5090 2660 5090 2663 5090 2661 5091 2660 5091 2664 5091 2659 5092 2665 5092 2663 5092 2664 5093 2663 5093 2665 5093 2666 5094 2665 5094 2659 5094 2667 5095 2665 5095 2666 5095 2667 5096 2668 5096 2665 5096 2669 5097 2665 5097 2668 5097 2669 5098 2664 5098 2665 5098 2670 5099 2659 5099 2662 5099 2670 5100 2666 5100 2659 5100 2671 5101 2662 5101 2654 5101 2670 5102 2662 5102 2671 5102 2672 5103 2654 5103 2657 5103 2673 5104 2654 5104 2672 5104 2671 5105 2654 5105 2673 5105 2674 5106 2675 5106 2657 5106 2672 5107 2657 5107 2675 5107 2676 5108 2657 5108 2604 5108 2658 5109 2604 5109 2657 5109 2676 5110 2677 5110 2657 5110 2674 5111 2657 5111 2677 5111 2674 5112 2574 5112 2675 5112 2678 5113 2675 5113 2574 5113 2672 5114 2675 5114 2678 5114 2679 5115 2574 5115 2565 5115 2674 5116 2573 5116 2574 5116 2679 5117 2678 5117 2574 5117 2680 5118 2565 5118 2564 5118 2679 5119 2565 5119 2680 5119 2567 5120 2681 5120 2564 5120 2682 5121 2564 5121 2681 5121 2683 5122 2564 5122 2682 5122 2680 5123 2564 5123 2683 5123 2684 5124 2685 5124 2681 5124 2682 5125 2681 5125 2685 5125 2567 5126 2684 5126 2681 5126 2686 5127 2685 5127 2684 5127 2682 5128 2685 5128 2686 5128 2567 5129 2687 5129 2684 5129 2688 5130 2684 5130 2687 5130 2688 5131 2686 5131 2684 5131 286 5132 284 5132 2687 5132 2689 5133 2687 5133 284 5133 286 5134 2687 5134 2567 5134 2689 5135 2688 5135 2687 5135 2690 5136 2691 5136 284 5136 2692 5137 284 5137 2691 5137 2693 5138 2690 5138 284 5138 2694 5139 2693 5139 284 5139 290 5140 2694 5140 284 5140 2692 5141 2689 5141 284 5141 2695 5142 2691 5142 2690 5142 2695 5143 2696 5143 2691 5143 2692 5144 2691 5144 2696 5144 2695 5145 2690 5145 2693 5145 2697 5146 2693 5146 2694 5146 2695 5147 2693 5147 2697 5147 2698 5148 2694 5148 290 5148 2698 5149 2697 5149 2694 5149 2699 5150 290 5150 289 5150 2698 5151 290 5151 2699 5151 2700 5152 289 5152 2587 5152 2699 5153 289 5153 2700 5153 2701 5154 2702 5154 2587 5154 2703 5155 2587 5155 2702 5155 2548 5156 2701 5156 2587 5156 2700 5157 2587 5157 2703 5157 2704 5158 2705 5158 2702 5158 2706 5159 2702 5159 2705 5159 2701 5160 2704 5160 2702 5160 2706 5161 2703 5161 2702 5161 2704 5162 2707 5162 2705 5162 2708 5163 2705 5163 2707 5163 2709 5164 2705 5164 2708 5164 2709 5165 2710 5165 2705 5165 2711 5166 2705 5166 2710 5166 2711 5167 2706 5167 2705 5167 2712 5168 2707 5168 2704 5168 2712 5169 2708 5169 2707 5169 2713 5170 2704 5170 2701 5170 2712 5171 2704 5171 2713 5171 2714 5172 2701 5172 2548 5172 2715 5173 2701 5173 2714 5173 2713 5174 2701 5174 2715 5174 2714 5175 2548 5175 2556 5175 2716 5176 2556 5176 2585 5176 2714 5177 2556 5177 2716 5177 2717 5178 2585 5178 2584 5178 2717 5179 2716 5179 2585 5179 2717 5180 2584 5180 2591 5180 2718 5181 2567 5181 2568 5181 2719 5182 286 5182 2567 5182 2719 5183 2567 5183 2718 5183 2569 5184 2604 5184 2568 5184 2720 5185 2568 5185 2604 5185 2720 5186 2718 5186 2568 5186 2721 5187 2604 5187 299 5187 2722 5188 2676 5188 2604 5188 2723 5189 2722 5189 2604 5189 2569 5190 2723 5190 2604 5190 2724 5191 2625 5191 2604 5191 2658 5192 2724 5192 2604 5192 2721 5193 2720 5193 2604 5193 2725 5194 299 5194 285 5194 2721 5195 299 5195 2725 5195 2726 5196 285 5196 286 5196 2726 5197 2725 5197 285 5197 2719 5198 2726 5198 286 5198 1075 5199 2677 5199 2676 5199 2727 5200 2674 5200 2677 5200 1079 5201 2677 5201 1075 5201 2677 5202 1079 5202 2728 5202 1077 5203 2676 5203 2722 5203 1077 5204 1075 5204 2676 5204 1076 5205 2722 5205 2723 5205 1076 5206 1077 5206 2722 5206 1087 5207 2723 5207 2569 5207 1087 5208 1076 5208 2723 5208 1087 5209 2569 5209 1084 5209 2572 5210 2573 5210 2674 5210 2572 5211 2674 5211 2727 5211 1067 5212 2623 5212 2625 5212 2729 5213 2629 5213 2623 5213 1068 5214 2623 5214 1067 5214 2623 5215 1068 5215 2730 5215 1072 5216 2625 5216 2724 5216 1072 5217 1067 5217 2625 5217 1073 5218 2724 5218 2658 5218 1072 5219 2724 5219 1073 5219 313 5220 2658 5220 2640 5220 313 5221 1073 5221 2658 5221 317 5222 2640 5222 2633 5222 317 5223 313 5223 2640 5223 1065 5224 2633 5224 2630 5224 1065 5225 317 5225 2633 5225 2731 5226 2630 5226 2626 5226 2731 5227 1065 5227 2630 5227 2732 5228 2626 5228 2629 5228 2732 5229 2731 5229 2626 5229 2732 5230 2629 5230 2729 5230 2547 5231 2546 5231 2592 5231 334 5232 2592 5232 2586 5232 334 5233 2547 5233 2592 5233 334 5234 2586 5234 332 5234 2591 5235 2593 5235 2590 5235 2591 5236 2590 5236 2595 5236 2733 5237 2591 5237 2595 5237 2710 5238 2733 5238 2595 5238 2734 5239 2710 5239 2595 5239 2596 5240 2734 5240 2595 5240 2710 5241 2591 5241 2733 5241 2710 5242 2717 5242 2591 5242 2710 5243 2716 5243 2717 5243 2713 5244 2714 5244 2716 5244 2735 5245 2713 5245 2716 5245 2710 5246 2735 5246 2716 5246 2713 5247 2715 5247 2714 5247 2710 5248 2713 5248 2735 5248 2710 5249 2712 5249 2713 5249 2709 5250 2708 5250 2712 5250 2709 5251 2712 5251 2710 5251 2736 5252 2695 5252 2697 5252 2737 5253 2697 5253 2698 5253 2737 5254 2736 5254 2697 5254 2695 5255 2738 5255 2696 5255 2739 5256 2696 5256 2738 5256 2739 5257 2692 5257 2696 5257 2695 5258 2740 5258 2738 5258 2739 5259 2738 5259 2740 5259 2695 5260 2741 5260 2740 5260 2742 5261 2740 5261 2741 5261 2742 5262 2743 5262 2739 5262 2739 5263 2740 5263 2742 5263 2711 5264 2710 5264 2741 5264 2742 5265 2741 5265 2710 5265 2695 5266 2711 5266 2741 5266 2744 5267 2742 5267 2710 5267 2734 5268 2744 5268 2710 5268 2745 5269 2703 5269 2706 5269 2746 5270 2700 5270 2703 5270 2746 5271 2703 5271 2745 5271 2747 5272 2706 5272 2711 5272 2748 5273 2745 5273 2706 5273 2747 5274 2748 5274 2706 5274 2747 5275 2711 5275 2695 5275 2736 5276 2747 5276 2695 5276 2749 5277 2699 5277 2700 5277 2746 5278 2749 5278 2700 5278 2749 5279 2698 5279 2699 5279 2750 5280 2737 5280 2698 5280 2749 5281 2750 5281 2698 5281 2751 5282 2745 5282 2748 5282 2752 5283 2746 5283 2745 5283 2751 5284 2752 5284 2745 5284 2753 5285 2748 5285 2747 5285 2754 5286 2751 5286 2748 5286 2754 5287 2748 5287 2753 5287 2755 5288 2747 5288 2736 5288 2753 5289 2747 5289 2755 5289 2755 5290 2736 5290 2737 5290 2756 5291 2737 5291 2750 5291 2755 5292 2737 5292 2756 5292 2757 5293 2750 5293 2749 5293 2758 5294 2756 5294 2750 5294 2757 5295 2758 5295 2750 5295 2752 5296 2749 5296 2746 5296 2752 5297 2757 5297 2749 5297 2759 5298 2686 5298 2688 5298 2680 5299 2682 5299 2686 5299 2760 5300 2680 5300 2686 5300 2759 5301 2760 5301 2686 5301 2759 5302 2688 5302 2689 5302 2761 5303 2689 5303 2692 5303 2759 5304 2689 5304 2761 5304 2761 5305 2692 5305 2739 5305 2680 5306 2683 5306 2682 5306 2759 5307 2680 5307 2760 5307 2759 5308 2679 5308 2680 5308 2668 5309 2678 5309 2679 5309 2671 5310 2672 5310 2678 5310 2762 5311 2671 5311 2678 5311 2668 5312 2762 5312 2678 5312 2759 5313 2668 5313 2679 5313 2671 5314 2673 5314 2672 5314 2668 5315 2671 5315 2762 5315 2668 5316 2670 5316 2671 5316 2667 5317 2666 5317 2670 5317 2667 5318 2670 5318 2668 5318 2650 5319 2763 5319 2651 5319 2764 5320 2651 5320 2763 5320 2764 5321 2648 5321 2651 5321 2650 5322 2765 5322 2763 5322 2764 5323 2763 5323 2765 5323 2650 5324 2766 5324 2765 5324 2767 5325 2765 5325 2766 5325 2768 5326 2764 5326 2765 5326 2767 5327 2768 5327 2765 5327 2669 5328 2668 5328 2766 5328 2767 5329 2766 5329 2668 5329 2650 5330 2669 5330 2766 5330 2759 5331 2767 5331 2668 5331 2769 5332 2664 5332 2669 5332 2770 5333 2661 5333 2664 5333 2769 5334 2770 5334 2664 5334 2771 5335 2669 5335 2650 5335 2772 5336 2769 5336 2669 5336 2771 5337 2772 5337 2669 5337 2771 5338 2650 5338 2649 5338 2773 5339 2649 5339 2652 5339 2773 5340 2771 5340 2649 5340 2774 5341 2652 5341 2653 5341 2773 5342 2652 5342 2774 5342 2764 5343 2646 5343 2648 5343 2635 5344 2638 5344 2646 5344 2775 5345 2635 5345 2646 5345 2776 5346 2775 5346 2646 5346 2764 5347 2776 5347 2646 5347 2635 5348 2641 5348 2638 5348 2776 5349 2635 5349 2775 5349 2776 5350 2632 5350 2635 5350 2776 5351 2628 5351 2632 5351 2619 5352 2621 5352 2628 5352 2777 5353 2619 5353 2628 5353 2776 5354 2777 5354 2628 5354 2619 5355 2622 5355 2621 5355 2776 5356 2619 5356 2777 5356 2776 5357 2618 5357 2619 5357 2616 5358 2615 5358 2618 5358 2616 5359 2618 5359 2776 5359 2778 5360 2606 5360 2608 5360 2779 5361 2602 5361 2606 5361 2778 5362 2779 5362 2606 5362 2780 5363 2608 5363 2611 5363 2781 5364 2778 5364 2608 5364 2780 5365 2781 5365 2608 5365 2780 5366 2611 5366 2617 5366 2782 5367 2783 5367 2617 5367 2784 5368 2617 5368 2783 5368 2785 5369 2782 5369 2617 5369 2776 5370 2785 5370 2617 5370 2616 5371 2776 5371 2617 5371 2784 5372 2780 5372 2617 5372 2786 5373 2783 5373 2782 5373 2787 5374 2783 5374 2786 5374 2788 5375 2783 5375 2787 5375 2598 5376 2783 5376 2788 5376 2789 5377 2783 5377 2598 5377 2784 5378 2783 5378 2789 5378 2790 5379 2782 5379 2785 5379 2786 5380 2782 5380 2790 5380 2790 5381 2785 5381 2776 5381 2790 5382 2776 5382 2764 5382 2768 5383 2790 5383 2764 5383 227 5384 2743 5384 2742 5384 2759 5385 2743 5385 2767 5385 228 5386 2767 5386 2743 5386 2761 5387 2739 5387 2743 5387 2759 5388 2761 5388 2743 5388 228 5389 2743 5389 227 5389 226 5390 2742 5390 2744 5390 226 5391 227 5391 2742 5391 2786 5392 2790 5392 2744 5392 225 5393 2744 5393 2790 5393 2787 5394 2786 5394 2744 5394 2734 5395 2787 5395 2744 5395 225 5396 226 5396 2744 5396 223 5397 2790 5397 2768 5397 225 5398 2790 5398 223 5398 224 5399 2768 5399 2767 5399 224 5400 223 5400 2768 5400 224 5401 2767 5401 228 5401 2788 5402 2787 5402 2734 5402 2788 5403 2734 5403 2599 5403 2596 5404 2599 5404 2734 5404 187 5405 189 5405 191 5405 239 5406 240 5406 192 5406 2598 5407 2788 5407 2599 5407 2791 5408 2598 5408 2600 5408 2792 5409 2789 5409 2598 5409 2791 5410 2792 5410 2598 5410 2791 5411 2600 5411 2602 5411 2779 5412 2791 5412 2602 5412 2793 5413 2789 5413 2792 5413 2794 5414 2784 5414 2789 5414 2793 5415 2794 5415 2789 5415 2795 5416 2792 5416 2791 5416 2796 5417 2793 5417 2792 5417 2796 5418 2792 5418 2795 5418 2797 5419 2791 5419 2779 5419 2795 5420 2791 5420 2797 5420 2797 5421 2779 5421 2778 5421 2798 5422 2778 5422 2781 5422 2797 5423 2778 5423 2798 5423 2799 5424 2781 5424 2780 5424 2800 5425 2798 5425 2781 5425 2799 5426 2800 5426 2781 5426 2794 5427 2780 5427 2784 5427 2794 5428 2799 5428 2780 5428 1116 5429 2801 5429 2802 5429 2803 5430 2802 5430 2801 5430 1114 5431 1116 5431 2802 5431 2804 5432 1114 5432 2802 5432 2805 5433 2804 5433 2802 5433 2805 5434 2802 5434 2803 5434 1117 5435 2806 5435 2801 5435 2807 5436 2801 5436 2806 5436 1116 5437 1117 5437 2801 5437 2807 5438 2803 5438 2801 5438 1115 5439 2806 5439 1117 5439 1115 5440 2804 5440 2806 5440 2808 5441 2806 5441 2804 5441 2808 5442 2807 5442 2806 5442 1115 5443 1114 5443 2804 5443 2805 5444 2808 5444 2804 5444 2809 5445 2653 5445 2656 5445 2810 5446 2774 5446 2653 5446 2809 5447 2810 5447 2653 5447 2809 5448 2656 5448 2661 5448 2770 5449 2809 5449 2661 5449 2811 5450 2774 5450 2810 5450 2812 5451 2773 5451 2774 5451 2811 5452 2812 5452 2774 5452 2813 5453 2810 5453 2809 5453 2814 5454 2811 5454 2810 5454 2814 5455 2810 5455 2813 5455 2815 5456 2809 5456 2770 5456 2813 5457 2809 5457 2815 5457 2815 5458 2770 5458 2769 5458 2816 5459 2769 5459 2772 5459 2815 5460 2769 5460 2816 5460 2817 5461 2772 5461 2771 5461 2818 5462 2816 5462 2772 5462 2817 5463 2818 5463 2772 5463 2812 5464 2771 5464 2773 5464 2812 5465 2817 5465 2771 5465 1066 5466 2721 5466 2725 5466 316 5467 2725 5467 2726 5467 1066 5468 2725 5468 316 5468 1074 5469 2718 5469 2720 5469 333 5470 2719 5470 2718 5470 333 5471 2718 5471 1074 5471 1078 5472 2720 5472 2721 5472 1078 5473 1074 5473 2720 5473 1066 5474 1078 5474 2721 5474 329 5475 2726 5475 2719 5475 329 5476 316 5476 2726 5476 333 5477 329 5477 2719 5477 334 5478 333 5478 2547 5478 2728 5479 2727 5479 2677 5479 2570 5480 2727 5480 2728 5480 2570 5481 2572 5481 2727 5481 2570 5482 2728 5482 1079 5482 2819 5483 1071 5483 1065 5483 2731 5484 2819 5484 1065 5484 2732 5485 1071 5485 2819 5485 2732 5486 2579 5486 1071 5486 2732 5487 2819 5487 2731 5487 2730 5488 1068 5488 2579 5488 2730 5489 2729 5489 2623 5489 2730 5490 2579 5490 2729 5490 2732 5491 2729 5491 2579 5491 2820 5492 2816 5492 2818 5492 2821 5493 2816 5493 2820 5493 2815 5494 2816 5494 2821 5494 2822 5495 2818 5495 2817 5495 2823 5496 2824 5496 2818 5496 2820 5497 2818 5497 2824 5497 2822 5498 2823 5498 2818 5498 2825 5499 2817 5499 2812 5499 2825 5500 2822 5500 2817 5500 2825 5501 2812 5501 2811 5501 2826 5502 2825 5502 2811 5502 2814 5503 2826 5503 2811 5503 2827 5504 2824 5504 2823 5504 2821 5505 2820 5505 2824 5505 2828 5506 2821 5506 2824 5506 2827 5507 2828 5507 2824 5507 2829 5508 2823 5508 2822 5508 2830 5509 2827 5509 2823 5509 2829 5510 2830 5510 2823 5510 2831 5511 2822 5511 2825 5511 2831 5512 2829 5512 2822 5512 2826 5513 2832 5513 2825 5513 2833 5514 2825 5514 2832 5514 2833 5515 2831 5515 2825 5515 2814 5516 2832 5516 2826 5516 2834 5517 2832 5517 2835 5517 2814 5518 2835 5518 2832 5518 2833 5519 2832 5519 2834 5519 2836 5520 2837 5520 2821 5520 2813 5521 2821 5521 2837 5521 2828 5522 2836 5522 2821 5522 2813 5523 2815 5523 2821 5523 2838 5524 2835 5524 2837 5524 2814 5525 2837 5525 2835 5525 2836 5526 2838 5526 2837 5526 2814 5527 2813 5527 2837 5527 2839 5528 2834 5528 2835 5528 2838 5529 2839 5529 2835 5529 2840 5530 2834 5530 2839 5530 2841 5531 2833 5531 2834 5531 2840 5532 2841 5532 2834 5532 2842 5533 2839 5533 2838 5533 2842 5534 2840 5534 2839 5534 2843 5535 2838 5535 2836 5535 2842 5536 2838 5536 2843 5536 2828 5537 2844 5537 2836 5537 2845 5538 2836 5538 2844 5538 2843 5539 2836 5539 2845 5539 2846 5540 2844 5540 2828 5540 2845 5541 2844 5541 2846 5541 2847 5542 2828 5542 2827 5542 2846 5543 2828 5543 2847 5543 2848 5544 2827 5544 2830 5544 2847 5545 2827 5545 2848 5545 2849 5546 2830 5546 2829 5546 2848 5547 2830 5547 2849 5547 2850 5548 2829 5548 2831 5548 2849 5549 2829 5549 2850 5549 2833 5550 2851 5550 2831 5550 2852 5551 2831 5551 2851 5551 2850 5552 2831 5552 2852 5552 2853 5553 2851 5553 2833 5553 2852 5554 2851 5554 2853 5554 2853 5555 2833 5555 2841 5555 2853 5556 2841 5556 2840 5556 2849 5557 2853 5557 2840 5557 2848 5558 2849 5558 2840 5558 2842 5559 2848 5559 2840 5559 2850 5560 2852 5560 2853 5560 2849 5561 2850 5561 2853 5561 2846 5562 2847 5562 2848 5562 2842 5563 2846 5563 2848 5563 2843 5564 2845 5564 2846 5564 2842 5565 2843 5565 2846 5565 2854 5566 2798 5566 2800 5566 2855 5567 2798 5567 2854 5567 2797 5568 2798 5568 2855 5568 2856 5569 2800 5569 2799 5569 2857 5570 2858 5570 2800 5570 2854 5571 2800 5571 2858 5571 2856 5572 2857 5572 2800 5572 2859 5573 2799 5573 2794 5573 2859 5574 2856 5574 2799 5574 2859 5575 2794 5575 2793 5575 2860 5576 2859 5576 2793 5576 2796 5577 2860 5577 2793 5577 2861 5578 2858 5578 2857 5578 2855 5579 2854 5579 2858 5579 2862 5580 2855 5580 2858 5580 2861 5581 2862 5581 2858 5581 2863 5582 2857 5582 2856 5582 2864 5583 2861 5583 2857 5583 2863 5584 2864 5584 2857 5584 2865 5585 2856 5585 2859 5585 2865 5586 2863 5586 2856 5586 2860 5587 2866 5587 2859 5587 2867 5588 2859 5588 2866 5588 2867 5589 2865 5589 2859 5589 2796 5590 2866 5590 2860 5590 2868 5591 2866 5591 2869 5591 2796 5592 2869 5592 2866 5592 2867 5593 2866 5593 2868 5593 2870 5594 2871 5594 2855 5594 2795 5595 2855 5595 2871 5595 2862 5596 2870 5596 2855 5596 2795 5597 2797 5597 2855 5597 2872 5598 2869 5598 2871 5598 2796 5599 2871 5599 2869 5599 2870 5600 2872 5600 2871 5600 2796 5601 2795 5601 2871 5601 2873 5602 2868 5602 2869 5602 2872 5603 2873 5603 2869 5603 2874 5604 2868 5604 2873 5604 2875 5605 2867 5605 2868 5605 2874 5606 2875 5606 2868 5606 2876 5607 2873 5607 2872 5607 2876 5608 2874 5608 2873 5608 2877 5609 2872 5609 2870 5609 2876 5610 2872 5610 2877 5610 2862 5611 2878 5611 2870 5611 2879 5612 2870 5612 2878 5612 2877 5613 2870 5613 2879 5613 2880 5614 2878 5614 2862 5614 2879 5615 2878 5615 2880 5615 2881 5616 2862 5616 2861 5616 2880 5617 2862 5617 2881 5617 2882 5618 2861 5618 2864 5618 2881 5619 2861 5619 2882 5619 2883 5620 2864 5620 2863 5620 2882 5621 2864 5621 2883 5621 2884 5622 2863 5622 2865 5622 2883 5623 2863 5623 2884 5623 2867 5624 2885 5624 2865 5624 2886 5625 2865 5625 2885 5625 2884 5626 2865 5626 2886 5626 2887 5627 2885 5627 2867 5627 2886 5628 2885 5628 2887 5628 2887 5629 2867 5629 2875 5629 2888 5630 2803 5630 2807 5630 2889 5631 2805 5631 2803 5631 2888 5632 2889 5632 2803 5632 2890 5633 2807 5633 2808 5633 2888 5634 2807 5634 2891 5634 2890 5635 2891 5635 2807 5635 2892 5636 2808 5636 2805 5636 2890 5637 2808 5637 2892 5637 2893 5638 2892 5638 2805 5638 2889 5639 2893 5639 2805 5639 2890 5640 2892 5640 2893 5640 2894 5641 2893 5641 2889 5641 2895 5642 2890 5642 2893 5642 2894 5643 2895 5643 2893 5643 2888 5644 2891 5644 2889 5644 2896 5645 2889 5645 2891 5645 2896 5646 2894 5646 2889 5646 2897 5647 2891 5647 2890 5647 2896 5648 2891 5648 2897 5648 2895 5649 2897 5649 2890 5649 2896 5650 2897 5650 2895 5650 2896 5651 2895 5651 2894 5651 2887 5652 2875 5652 2874 5652 2883 5653 2887 5653 2874 5653 2882 5654 2883 5654 2874 5654 2876 5655 2882 5655 2874 5655 2884 5656 2886 5656 2887 5656 2883 5657 2884 5657 2887 5657 2880 5658 2881 5658 2882 5658 2876 5659 2880 5659 2882 5659 2877 5660 2879 5660 2880 5660 2876 5661 2877 5661 2880 5661 2898 5662 2756 5662 2758 5662 2899 5663 2756 5663 2898 5663 2755 5664 2756 5664 2899 5664 2900 5665 2758 5665 2757 5665 2901 5666 2902 5666 2758 5666 2898 5667 2758 5667 2902 5667 2900 5668 2901 5668 2758 5668 2903 5669 2757 5669 2752 5669 2903 5670 2900 5670 2757 5670 2903 5671 2752 5671 2751 5671 2904 5672 2903 5672 2751 5672 2754 5673 2904 5673 2751 5673 2905 5674 2902 5674 2901 5674 2899 5675 2898 5675 2902 5675 2906 5676 2899 5676 2902 5676 2905 5677 2906 5677 2902 5677 2907 5678 2901 5678 2900 5678 2908 5679 2905 5679 2901 5679 2907 5680 2908 5680 2901 5680 2909 5681 2900 5681 2903 5681 2909 5682 2907 5682 2900 5682 2904 5683 2910 5683 2903 5683 2911 5684 2903 5684 2910 5684 2911 5685 2909 5685 2903 5685 2754 5686 2910 5686 2904 5686 2912 5687 2910 5687 2913 5687 2754 5688 2913 5688 2910 5688 2911 5689 2910 5689 2912 5689 2914 5690 2915 5690 2899 5690 2753 5691 2899 5691 2915 5691 2906 5692 2914 5692 2899 5692 2753 5693 2755 5693 2899 5693 2916 5694 2913 5694 2915 5694 2754 5695 2915 5695 2913 5695 2914 5696 2916 5696 2915 5696 2754 5697 2753 5697 2915 5697 2917 5698 2912 5698 2913 5698 2916 5699 2917 5699 2913 5699 2918 5700 2912 5700 2917 5700 2919 5701 2911 5701 2912 5701 2918 5702 2919 5702 2912 5702 2920 5703 2917 5703 2916 5703 2920 5704 2918 5704 2917 5704 2921 5705 2916 5705 2914 5705 2920 5706 2916 5706 2921 5706 2906 5707 2922 5707 2914 5707 2923 5708 2914 5708 2922 5708 2921 5709 2914 5709 2923 5709 2924 5710 2922 5710 2906 5710 2923 5711 2922 5711 2924 5711 2925 5712 2906 5712 2905 5712 2924 5713 2906 5713 2925 5713 2926 5714 2905 5714 2908 5714 2925 5715 2905 5715 2926 5715 2927 5716 2908 5716 2907 5716 2926 5717 2908 5717 2927 5717 2928 5718 2907 5718 2909 5718 2927 5719 2907 5719 2928 5719 2911 5720 2929 5720 2909 5720 2930 5721 2909 5721 2929 5721 2928 5722 2909 5722 2930 5722 2931 5723 2929 5723 2911 5723 2930 5724 2929 5724 2931 5724 2931 5725 2911 5725 2919 5725 2931 5726 2919 5726 2918 5726 2927 5727 2931 5727 2918 5727 2926 5728 2927 5728 2918 5728 2920 5729 2926 5729 2918 5729 2928 5730 2930 5730 2931 5730 2927 5731 2928 5731 2931 5731 2924 5732 2925 5732 2926 5732 2920 5733 2924 5733 2926 5733 2921 5734 2923 5734 2924 5734 2920 5735 2921 5735 2924 5735 2932 5736 2933 5736 2934 5736 2935 5737 2934 5737 2933 5737 2936 5738 2932 5738 2934 5738 2935 5739 2936 5739 2934 5739 2932 5740 2937 5740 2933 5740 2938 5741 2933 5741 2937 5741 2938 5742 2935 5742 2933 5742 2939 5743 2940 5743 2937 5743 2941 5744 2937 5744 2940 5744 2932 5745 2939 5745 2937 5745 2941 5746 2938 5746 2937 5746 2939 5747 2942 5747 2940 5747 2943 5748 2940 5748 2942 5748 2943 5749 2941 5749 2940 5749 2939 5750 2944 5750 2942 5750 2945 5751 2942 5751 2944 5751 2945 5752 2943 5752 2942 5752 2946 5753 2947 5753 2944 5753 2948 5754 2944 5754 2947 5754 2949 5755 2946 5755 2944 5755 2939 5756 2949 5756 2944 5756 2948 5757 2945 5757 2944 5757 2950 5758 2951 5758 2947 5758 2952 5759 2947 5759 2951 5759 2953 5760 2950 5760 2947 5760 2954 5761 2953 5761 2947 5761 2946 5762 2954 5762 2947 5762 2952 5763 2948 5763 2947 5763 2955 5764 2951 5764 2950 5764 2955 5765 2952 5765 2951 5765 2953 5766 2956 5766 2950 5766 2957 5767 2950 5767 2956 5767 2957 5768 2955 5768 2950 5768 2958 5769 2959 5769 2956 5769 2960 5770 2956 5770 2959 5770 2953 5771 2958 5771 2956 5771 2957 5772 2956 5772 2960 5772 2961 5773 2962 5773 2959 5773 2963 5774 2959 5774 2962 5774 2958 5775 2961 5775 2959 5775 2963 5776 2960 5776 2959 5776 2964 5777 2962 5777 2961 5777 2965 5778 2962 5778 2964 5778 2963 5779 2962 5779 2965 5779 2964 5780 2961 5780 2958 5780 2966 5781 2958 5781 2953 5781 2967 5782 2958 5782 2966 5782 2967 5783 2964 5783 2958 5783 2968 5784 2953 5784 2954 5784 2969 5785 2966 5785 2953 5785 2968 5786 2969 5786 2953 5786 2970 5787 2954 5787 2946 5787 2971 5788 2968 5788 2954 5788 2970 5789 2971 5789 2954 5789 2972 5790 2946 5790 2949 5790 2972 5791 2970 5791 2946 5791 2973 5792 2949 5792 2939 5792 2973 5793 2972 5793 2949 5793 2974 5794 2939 5794 2932 5794 2975 5795 2973 5795 2939 5795 2974 5796 2975 5796 2939 5796 2976 5797 2932 5797 2936 5797 2976 5798 2974 5798 2932 5798 2977 5799 2936 5799 2935 5799 2976 5800 2936 5800 2977 5800 2978 5801 2935 5801 2938 5801 2979 5802 2977 5802 2935 5802 2978 5803 2979 5803 2935 5803 2980 5804 2938 5804 2941 5804 2980 5805 2978 5805 2938 5805 2980 5806 2941 5806 2981 5806 2982 5807 2981 5807 2941 5807 2943 5808 2982 5808 2941 5808 2983 5809 2984 5809 2977 5809 2985 5810 2977 5810 2984 5810 2979 5811 2983 5811 2977 5811 2985 5812 2976 5812 2977 5812 2986 5813 2987 5813 2984 5813 2985 5814 2984 5814 2987 5814 2988 5815 2986 5815 2984 5815 2983 5816 2988 5816 2984 5816 2989 5817 2987 5817 2986 5817 2990 5818 2985 5818 2987 5818 2989 5819 2991 5819 2987 5819 2992 5820 2987 5820 2991 5820 2992 5821 2990 5821 2987 5821 2989 5822 2986 5822 2988 5822 2993 5823 2988 5823 2983 5823 2994 5824 2989 5824 2988 5824 2993 5825 2994 5825 2988 5825 2995 5826 2983 5826 2979 5826 2993 5827 2983 5827 2995 5827 2995 5828 2979 5828 2978 5828 2996 5829 2966 5829 2969 5829 2997 5830 2967 5830 2966 5830 2996 5831 2997 5831 2966 5831 2998 5832 2969 5832 2968 5832 2998 5833 2996 5833 2969 5833 2999 5834 2968 5834 2971 5834 2999 5835 2998 5835 2968 5835 3000 5836 2971 5836 2970 5836 3000 5837 2999 5837 2971 5837 3001 5838 2970 5838 2972 5838 3001 5839 3000 5839 2970 5839 3001 5840 2972 5840 2973 5840 3002 5841 2973 5841 2975 5841 3002 5842 3001 5842 2973 5842 3003 5843 2975 5843 2974 5843 3003 5844 3002 5844 2975 5844 3004 5845 2974 5845 2976 5845 3004 5846 3003 5846 2974 5846 2985 5847 3004 5847 2976 5847 2997 5848 2964 5848 2967 5848 3005 5849 2964 5849 2997 5849 3006 5850 2964 5850 3005 5850 3006 5851 2965 5851 2964 5851 3005 5852 2997 5852 3007 5852 3008 5853 3007 5853 2997 5853 3009 5854 3005 5854 3007 5854 3010 5855 3011 5855 3007 5855 3009 5856 3007 5856 3011 5856 3008 5857 3010 5857 3007 5857 3012 5858 2997 5858 2996 5858 3013 5859 3008 5859 2997 5859 3014 5860 3013 5860 2997 5860 3015 5861 3014 5861 2997 5861 3012 5862 3015 5862 2997 5862 3016 5863 2996 5863 2998 5863 3016 5864 3012 5864 2996 5864 3017 5865 2998 5865 2999 5865 3017 5866 3016 5866 2998 5866 3018 5867 2999 5867 3000 5867 3018 5868 3017 5868 2999 5868 3019 5869 3000 5869 3001 5869 3020 5870 3018 5870 3000 5870 3019 5871 3020 5871 3000 5871 3021 5872 3001 5872 3002 5872 3021 5873 3019 5873 3001 5873 3022 5874 3002 5874 3003 5874 3023 5875 3021 5875 3002 5875 3022 5876 3023 5876 3002 5876 3024 5877 3003 5877 3004 5877 3024 5878 3022 5878 3003 5878 3025 5879 3004 5879 2985 5879 3025 5880 3024 5880 3004 5880 3026 5881 3025 5881 2985 5881 2990 5882 3026 5882 2985 5882 3006 5883 3005 5883 3009 5883 2978 5884 2991 5884 2989 5884 2981 5885 2992 5885 2991 5885 2980 5886 2991 5886 2978 5886 2980 5887 2981 5887 2991 5887 2995 5888 2989 5888 2994 5888 2995 5889 2978 5889 2989 5889 2993 5890 2995 5890 2994 5890 3010 5891 3027 5891 3011 5891 3009 5892 3011 5892 3027 5892 3009 5893 3027 5893 3010 5893 3028 5894 3010 5894 3008 5894 3028 5895 3009 5895 3010 5895 3029 5896 3008 5896 3013 5896 3029 5897 3028 5897 3008 5897 3030 5898 3013 5898 3014 5898 3029 5899 3013 5899 3030 5899 3031 5900 3014 5900 3015 5900 3032 5901 3014 5901 3031 5901 3032 5902 3030 5902 3014 5902 3033 5903 3015 5903 3012 5903 3033 5904 3031 5904 3015 5904 3034 5905 3012 5905 3016 5905 3035 5906 3012 5906 3034 5906 3033 5907 3012 5907 3035 5907 3036 5908 3016 5908 3017 5908 3034 5909 3016 5909 3036 5909 3036 5910 3017 5910 3018 5910 3020 5911 3037 5911 3018 5911 3038 5912 3018 5912 3037 5912 3036 5913 3018 5913 3038 5913 3039 5914 3040 5914 3037 5914 3038 5915 3037 5915 3040 5915 3020 5916 3039 5916 3037 5916 3041 5917 3040 5917 3039 5917 3042 5918 3038 5918 3040 5918 3042 5919 3040 5919 3041 5919 3041 5920 3039 5920 3020 5920 3043 5921 3020 5921 3019 5921 3041 5922 3020 5922 3043 5922 3043 5923 3019 5923 3021 5923 3044 5924 3045 5924 3021 5924 3046 5925 3021 5925 3045 5925 3023 5926 3044 5926 3021 5926 3047 5927 3021 5927 3046 5927 3048 5928 3043 5928 3021 5928 3049 5929 3048 5929 3021 5929 3047 5930 3049 5930 3021 5930 3050 5931 3045 5931 3044 5931 3046 5932 3045 5932 3050 5932 3051 5933 3044 5933 3023 5933 3046 5934 3050 5934 3044 5934 3051 5935 3046 5935 3044 5935 3051 5936 3023 5936 3022 5936 3052 5937 3022 5937 3024 5937 3052 5938 3051 5938 3022 5938 3052 5939 3024 5939 3025 5939 3053 5940 3025 5940 3026 5940 3053 5941 3052 5941 3025 5941 3054 5942 3026 5942 2990 5942 3055 5943 3026 5943 3054 5943 3053 5944 3026 5944 3055 5944 3056 5945 2990 5945 2992 5945 3056 5946 3054 5946 2990 5946 2981 5947 3056 5947 2992 5947 3056 5948 3055 5948 3054 5948 3056 5949 3057 5949 3055 5949 3053 5950 3055 5950 3057 5950 3058 5951 3057 5951 3056 5951 3059 5952 3053 5952 3057 5952 3058 5953 3059 5953 3057 5953 2982 5954 3056 5954 2981 5954 2982 5955 3060 5955 3056 5955 3058 5956 3056 5956 3060 5956 3047 5957 3046 5957 3051 5957 3047 5958 3051 5958 3052 5958 3061 5959 3052 5959 3053 5959 3062 5960 3047 5960 3052 5960 3062 5961 3052 5961 3061 5961 3059 5962 3061 5962 3053 5962 3063 5963 3043 5963 3048 5963 3064 5964 3043 5964 3065 5964 3063 5965 3065 5965 3043 5965 3066 5966 3043 5966 3064 5966 3041 5967 3043 5967 3066 5967 3049 5968 3047 5968 3063 5968 3063 5969 3048 5969 3049 5969 3062 5970 3067 5970 3047 5970 3063 5971 3047 5971 3067 5971 3068 5972 3069 5972 3070 5972 3071 5973 3070 5973 3069 5973 3036 5974 3068 5974 3070 5974 3072 5975 3036 5975 3070 5975 3073 5976 3072 5976 3070 5976 3071 5977 3073 5977 3070 5977 3074 5978 3075 5978 3069 5978 3076 5979 3069 5979 3075 5979 3068 5980 3074 5980 3069 5980 3076 5981 3071 5981 3069 5981 3074 5982 3077 5982 3075 5982 3078 5983 3075 5983 3077 5983 3076 5984 3075 5984 3078 5984 3062 5985 3079 5985 3077 5985 3080 5986 3077 5986 3079 5986 3074 5987 3062 5987 3077 5987 3080 5988 3078 5988 3077 5988 3062 5989 3081 5989 3079 5989 3082 5990 3079 5990 3081 5990 3082 5991 3080 5991 3079 5991 3062 5992 3061 5992 3081 5992 3083 5993 3081 5993 3061 5993 3082 5994 3081 5994 3083 5994 3084 5995 3061 5995 3059 5995 3084 5996 3083 5996 3061 5996 3058 5997 3084 5997 3059 5997 3085 5998 3067 5998 3062 5998 3063 5999 3067 5999 3085 5999 3086 6000 3062 6000 3074 6000 3087 6001 3062 6001 3086 6001 3085 6002 3062 6002 3087 6002 3088 6003 3074 6003 3068 6003 3086 6004 3074 6004 3088 6004 3036 6005 3089 6005 3068 6005 3090 6006 3068 6006 3089 6006 3091 6007 3068 6007 3090 6007 3088 6008 3068 6008 3091 6008 3092 6009 3093 6009 3089 6009 3094 6010 3089 6010 3093 6010 3038 6011 3092 6011 3089 6011 3036 6012 3038 6012 3089 6012 3090 6013 3089 6013 3095 6013 3094 6014 3095 6014 3089 6014 3041 6015 3093 6015 3092 6015 3096 6016 3094 6016 3093 6016 3041 6017 3096 6017 3093 6017 3042 6018 3092 6018 3038 6018 3042 6019 3041 6019 3092 6019 3072 6020 3034 6020 3036 6020 3097 6021 3035 6021 3034 6021 3098 6022 3097 6022 3034 6022 3072 6023 3098 6023 3034 6023 3031 6024 3035 6024 3097 6024 3033 6025 3035 6025 3031 6025 3099 6026 3097 6026 3098 6026 3031 6027 3097 6027 3099 6027 3100 6028 3098 6028 3072 6028 3099 6029 3098 6029 3100 6029 3100 6030 3072 6030 3073 6030 3101 6031 3073 6031 3071 6031 3100 6032 3073 6032 3101 6032 3101 6033 3071 6033 3076 6033 3102 6034 3076 6034 3078 6034 3103 6035 3078 6035 3080 6035 3103 6036 3102 6036 3078 6036 3102 6037 3101 6037 3076 6037 3103 6038 3080 6038 3082 6038 3103 6039 3082 6039 3083 6039 3060 6040 3083 6040 3084 6040 3060 6041 3103 6041 3083 6041 3058 6042 3060 6042 3084 6042 235 6043 3101 6043 3102 6043 3104 6044 3101 6044 3105 6044 236 6045 3105 6045 3101 6045 3099 6046 3100 6046 3101 6046 3031 6047 3099 6047 3101 6047 3106 6048 3031 6048 3101 6048 3104 6049 3106 6049 3101 6049 236 6050 3101 6050 235 6050 233 6051 3102 6051 3103 6051 234 6052 235 6052 3102 6052 233 6053 234 6053 3102 6053 232 6054 3103 6054 3060 6054 232 6055 233 6055 3103 6055 3107 6056 3108 6056 3060 6056 232 6057 3060 6057 3108 6057 2982 6058 3107 6058 3060 6058 3109 6059 3110 6059 3108 6059 231 6060 3108 6060 3110 6060 3107 6061 3109 6061 3108 6061 231 6062 232 6062 3108 6062 3105 6063 3111 6063 3110 6063 229 6064 3110 6064 3111 6064 3109 6065 3105 6065 3110 6065 230 6066 231 6066 3110 6066 229 6067 230 6067 3110 6067 236 6068 3111 6068 3105 6068 236 6069 229 6069 3111 6069 3112 6070 3104 6070 3105 6070 3109 6071 3112 6071 3105 6071 2960 6072 3031 6072 3106 6072 2963 6073 3032 6073 3031 6073 2963 6074 3031 6074 2960 6074 2957 6075 3106 6075 3104 6075 2957 6076 2960 6076 3106 6076 2955 6077 3104 6077 3112 6077 2957 6078 3104 6078 2955 6078 2952 6079 3112 6079 3109 6079 2955 6080 3112 6080 2952 6080 2948 6081 3109 6081 3107 6081 2952 6082 3109 6082 2948 6082 2945 6083 3107 6083 2982 6083 2948 6084 3107 6084 2945 6084 2945 6085 2982 6085 2943 6085 13 6086 12 6086 73 6086 13 6087 73 6087 74 6087 19 6088 20 6088 74 6088 3113 6089 74 6089 20 6089 13 6090 74 6090 3113 6090 5 6091 3114 6091 20 6091 3113 6092 20 6092 3114 6092 76 6093 3115 6093 59 6093 60 6094 59 6094 3115 6094 60 6095 3115 6095 76 6095 3116 6096 76 6096 50 6096 3116 6097 60 6097 76 6097 51 6098 3117 6098 50 6098 3116 6099 50 6099 3117 6099 39 6100 3118 6100 28 6100 29 6101 28 6101 3118 6101 38 6102 39 6102 28 6102 39 6103 3119 6103 3118 6103 29 6104 3118 6104 3119 6104 3120 6105 3119 6105 39 6105 3120 6106 29 6106 3119 6106 40 6107 3121 6107 39 6107 3120 6108 39 6108 3121 6108 3122 6109 3123 6109 3124 6109 3125 6110 3124 6110 3123 6110 3126 6111 3122 6111 3124 6111 3127 6112 3124 6112 3125 6112 3128 6113 3124 6113 3127 6113 3128 6114 3126 6114 3124 6114 3129 6115 3130 6115 3123 6115 3125 6116 3123 6116 3130 6116 3122 6117 3129 6117 3123 6117 3131 6118 3130 6118 3129 6118 3132 6119 3130 6119 3131 6119 3125 6120 3130 6120 3132 6120 3133 6121 3134 6121 3129 6121 3135 6122 3129 6122 3134 6122 3136 6123 3133 6123 3129 6123 3122 6124 3136 6124 3129 6124 3137 6125 3131 6125 3129 6125 3135 6126 3137 6126 3129 6126 3138 6127 3134 6127 3133 6127 3139 6128 3140 6128 3134 6128 3141 6129 3134 6129 3140 6129 3138 6130 3139 6130 3134 6130 3141 6131 3135 6131 3134 6131 3142 6132 3133 6132 3136 6132 3142 6133 3138 6133 3133 6133 3143 6134 3136 6134 3122 6134 3143 6135 3142 6135 3136 6135 3144 6136 3143 6136 3122 6136 3145 6137 3144 6137 3122 6137 3146 6138 3145 6138 3122 6138 3126 6139 3146 6139 3122 6139 3147 6140 3148 6140 3149 6140 3150 6141 3149 6141 3148 6141 3151 6142 3147 6142 3149 6142 3152 6143 3149 6143 3150 6143 3153 6144 3149 6144 3152 6144 3153 6145 3151 6145 3149 6145 3154 6146 3155 6146 3148 6146 3156 6147 3148 6147 3155 6147 3147 6148 3154 6148 3148 6148 3156 6149 3157 6149 3148 6149 3150 6150 3148 6150 3157 6150 3158 6151 3155 6151 3154 6151 3156 6152 3155 6152 3158 6152 3159 6153 3160 6153 3154 6153 3158 6154 3154 6154 3160 6154 3161 6155 3159 6155 3154 6155 3147 6156 3161 6156 3154 6156 3162 6157 3160 6157 3159 6157 3163 6158 3160 6158 3164 6158 3162 6159 3164 6159 3160 6159 3165 6160 3158 6160 3160 6160 3166 6161 3165 6161 3160 6161 3167 6162 3166 6162 3160 6162 3168 6163 3167 6163 3160 6163 3163 6164 3168 6164 3160 6164 3169 6165 3159 6165 3161 6165 3169 6166 3162 6166 3159 6166 3170 6167 3161 6167 3147 6167 3170 6168 3169 6168 3161 6168 3171 6169 3170 6169 3147 6169 3151 6170 3171 6170 3147 6170 3172 6171 3173 6171 3174 6171 3175 6172 3174 6172 3173 6172 3176 6173 3172 6173 3174 6173 3177 6174 3174 6174 3175 6174 3178 6175 3174 6175 3177 6175 3178 6176 3176 6176 3174 6176 3179 6177 3180 6177 3173 6177 3181 6178 3173 6178 3180 6178 3172 6179 3179 6179 3173 6179 3175 6180 3173 6180 3181 6180 3182 6181 3180 6181 3179 6181 3181 6182 3180 6182 3182 6182 3183 6183 3184 6183 3179 6183 3185 6184 3179 6184 3184 6184 3186 6185 3183 6185 3179 6185 3172 6186 3186 6186 3179 6186 3182 6187 3179 6187 3187 6187 3188 6188 3187 6188 3179 6188 3189 6189 3188 6189 3179 6189 3185 6190 3189 6190 3179 6190 3190 6191 3184 6191 3183 6191 3191 6192 3184 6192 3192 6192 3190 6193 3192 6193 3184 6193 3191 6194 3193 6194 3184 6194 3194 6195 3184 6195 3193 6195 3194 6196 3185 6196 3184 6196 3195 6197 3183 6197 3186 6197 3195 6198 3190 6198 3183 6198 3196 6199 3186 6199 3172 6199 3196 6200 3195 6200 3186 6200 3197 6201 3196 6201 3172 6201 3176 6202 3197 6202 3172 6202 3181 6203 3187 6203 3198 6203 3199 6204 3198 6204 3187 6204 3175 6205 3181 6205 3198 6205 3200 6206 3198 6206 3199 6206 3201 6207 3198 6207 3200 6207 3201 6208 3175 6208 3198 6208 3181 6209 3182 6209 3187 6209 3202 6210 3199 6210 3187 6210 3203 6211 3202 6211 3187 6211 3188 6212 3203 6212 3187 6212 3199 6213 3204 6213 3205 6213 3206 6214 3205 6214 3204 6214 3200 6215 3199 6215 3205 6215 3201 6216 3200 6216 3205 6216 3207 6217 3205 6217 3208 6217 3209 6218 3208 6218 3205 6218 3207 6219 3201 6219 3205 6219 3210 6220 3209 6220 3205 6220 3211 6221 3205 6221 3206 6221 3212 6222 3205 6222 3211 6222 3212 6223 3213 6223 3205 6223 3210 6224 3205 6224 3213 6224 3214 6225 3215 6225 3204 6225 3216 6226 3204 6226 3215 6226 3217 6227 3214 6227 3204 6227 3218 6228 3217 6228 3204 6228 3199 6229 3218 6229 3204 6229 3216 6230 3219 6230 3204 6230 3220 6231 3204 6231 3219 6231 3221 6232 3206 6232 3204 6232 3220 6233 3221 6233 3204 6233 3222 6234 3215 6234 3214 6234 3223 6235 3215 6235 3222 6235 3224 6236 3215 6236 3223 6236 3225 6237 3216 6237 3215 6237 3226 6238 3225 6238 3215 6238 3224 6239 3226 6239 3215 6239 3199 6240 3214 6240 3217 6240 3227 6241 3214 6241 3199 6241 3228 6242 3222 6242 3214 6242 3229 6243 3214 6243 3227 6243 3229 6244 3228 6244 3214 6244 3199 6245 3217 6245 3218 6245 3202 6246 3230 6246 3199 6246 3231 6247 3199 6247 3230 6247 3232 6248 3227 6248 3199 6248 3231 6249 3232 6249 3199 6249 3233 6250 3234 6250 3222 6250 3223 6251 3222 6251 3234 6251 3235 6252 3233 6252 3222 6252 3236 6253 3235 6253 3222 6253 3228 6254 3236 6254 3222 6254 3223 6255 3234 6255 3233 6255 3223 6256 3233 6256 3235 6256 3237 6257 3140 6257 3235 6257 3238 6258 3235 6258 3140 6258 3236 6259 3237 6259 3235 6259 3223 6260 3235 6260 3238 6260 3239 6261 3140 6261 3139 6261 3237 6262 3240 6262 3140 6262 3141 6263 3140 6263 3240 6263 3241 6264 3238 6264 3140 6264 3239 6265 3241 6265 3140 6265 3138 6266 3239 6266 3139 6266 3242 6267 3243 6267 3131 6267 3132 6268 3131 6268 3243 6268 3244 6269 3242 6269 3131 6269 3137 6270 3244 6270 3131 6270 3245 6271 3246 6271 3243 6271 3247 6272 3243 6272 3246 6272 3248 6273 3245 6273 3243 6273 3242 6274 3248 6274 3243 6274 3132 6275 3243 6275 3247 6275 3065 6276 3249 6276 3246 6276 3250 6277 3246 6277 3249 6277 3064 6278 3065 6278 3246 6278 3245 6279 3064 6279 3246 6279 3251 6280 3247 6280 3246 6280 3252 6281 3253 6281 3246 6281 3251 6282 3246 6282 3253 6282 3250 6283 3252 6283 3246 6283 3254 6284 3164 6284 3249 6284 3255 6285 3249 6285 3164 6285 3065 6286 3256 6286 3249 6286 3257 6287 3249 6287 3256 6287 3257 6288 3254 6288 3249 6288 3258 6289 3250 6289 3249 6289 3255 6290 3258 6290 3249 6290 3254 6291 3163 6291 3164 6291 3162 6292 3255 6292 3164 6292 3156 6293 3158 6293 3165 6293 3259 6294 3260 6294 3165 6294 3157 6295 3165 6295 3260 6295 3166 6296 3259 6296 3165 6296 3156 6297 3165 6297 3157 6297 3261 6298 3262 6298 3260 6298 3263 6299 3260 6299 3262 6299 3259 6300 3261 6300 3260 6300 3264 6301 3157 6301 3260 6301 3264 6302 3260 6302 3263 6302 3263 6303 3262 6303 3261 6303 3265 6304 3261 6304 3259 6304 3265 6305 3263 6305 3261 6305 3166 6306 3266 6306 3259 6306 3265 6307 3259 6307 3266 6307 3267 6308 3268 6308 3266 6308 3269 6309 3266 6309 3268 6309 3270 6310 3267 6310 3266 6310 3166 6311 3270 6311 3266 6311 3265 6312 3266 6312 3269 6312 3269 6313 3268 6313 3267 6313 3271 6314 3272 6314 3267 6314 3273 6315 3267 6315 3272 6315 3274 6316 3271 6316 3267 6316 3270 6317 3274 6317 3267 6317 3273 6318 3269 6318 3267 6318 3275 6319 3276 6319 3272 6319 3277 6320 3272 6320 3276 6320 3278 6321 3275 6321 3272 6321 3271 6322 3278 6322 3272 6322 3277 6323 3273 6323 3272 6323 3279 6324 3192 6324 3276 6324 3280 6325 3276 6325 3192 6325 3275 6326 3279 6326 3276 6326 3281 6327 3277 6327 3276 6327 3280 6328 3281 6328 3276 6328 3191 6329 3192 6329 3279 6329 3190 6330 3280 6330 3192 6330 3095 6331 3230 6331 3202 6331 3282 6332 3230 6332 3248 6332 3094 6333 3248 6333 3230 6333 3283 6334 3231 6334 3230 6334 3282 6335 3283 6335 3230 6335 3094 6336 3230 6336 3095 6336 3090 6337 3202 6337 3203 6337 3090 6338 3095 6338 3202 6338 3284 6339 3279 6339 3203 6339 3091 6340 3203 6340 3279 6340 3188 6341 3284 6341 3203 6341 3091 6342 3090 6342 3203 6342 3088 6343 3279 6343 3275 6343 3285 6344 3191 6344 3279 6344 3284 6345 3285 6345 3279 6345 3088 6346 3091 6346 3279 6346 3086 6347 3275 6347 3278 6347 3086 6348 3088 6348 3275 6348 3087 6349 3278 6349 3271 6349 3087 6350 3086 6350 3278 6350 3257 6351 3256 6351 3271 6351 3085 6352 3271 6352 3256 6352 3286 6353 3271 6353 3274 6353 3287 6354 3257 6354 3271 6354 3286 6355 3287 6355 3271 6355 3085 6356 3087 6356 3271 6356 3063 6357 3256 6357 3065 6357 3063 6358 3085 6358 3256 6358 3066 6359 3064 6359 3245 6359 3094 6360 3245 6360 3248 6360 3288 6361 3245 6361 3094 6361 3041 6362 3245 6362 3288 6362 3041 6363 3066 6363 3245 6363 3282 6364 3248 6364 3242 6364 3289 6365 3274 6365 3270 6365 3167 6366 3274 6366 3290 6366 3291 6367 3290 6367 3274 6367 3292 6368 3274 6368 3167 6368 3292 6369 3286 6369 3274 6369 3291 6370 3274 6370 3289 6370 3293 6371 3270 6371 3166 6371 3293 6372 3289 6372 3270 6372 3167 6373 3290 6373 3166 6373 3294 6374 3166 6374 3290 6374 3294 6375 3293 6375 3166 6375 3291 6376 3294 6376 3290 6376 3295 6377 3227 6377 3232 6377 3296 6378 3229 6378 3227 6378 3297 6379 3227 6379 3295 6379 3297 6380 3296 6380 3227 6380 3298 6381 3232 6381 3231 6381 3298 6382 3295 6382 3232 6382 3299 6383 3300 6383 3231 6383 3298 6384 3231 6384 3300 6384 3283 6385 3299 6385 3231 6385 3299 6386 3301 6386 3300 6386 3302 6387 3300 6387 3301 6387 3302 6388 3298 6388 3300 6388 3141 6389 3240 6389 3301 6389 3303 6390 3301 6390 3240 6390 3299 6391 3141 6391 3301 6391 3304 6392 3302 6392 3301 6392 3303 6393 3304 6393 3301 6393 3305 6394 3240 6394 3237 6394 3306 6395 3303 6395 3240 6395 3307 6396 3306 6396 3240 6396 3305 6397 3307 6397 3240 6397 3305 6398 3237 6398 3236 6398 3308 6399 3236 6399 3228 6399 3308 6400 3305 6400 3236 6400 3308 6401 3228 6401 3229 6401 3308 6402 3229 6402 3296 6402 3309 6403 3167 6403 3168 6403 3310 6404 3292 6404 3167 6404 3309 6405 3310 6405 3167 6405 3311 6406 3168 6406 3163 6406 3312 6407 3309 6407 3168 6407 3312 6408 3168 6408 3311 6408 3313 6409 3163 6409 3254 6409 3311 6410 3163 6410 3313 6410 3313 6411 3254 6411 3257 6411 3314 6412 3257 6412 3287 6412 3313 6413 3257 6413 3314 6413 3315 6414 3287 6414 3286 6414 3316 6415 3314 6415 3287 6415 3315 6416 3316 6416 3287 6416 3310 6417 3286 6417 3292 6417 3310 6418 3315 6418 3286 6418 3317 6419 3193 6419 3191 6419 3318 6420 3194 6420 3193 6420 3317 6421 3318 6421 3193 6421 3319 6422 3191 6422 3285 6422 3320 6423 3317 6423 3191 6423 3320 6424 3191 6424 3319 6424 3321 6425 3285 6425 3284 6425 3319 6426 3285 6426 3321 6426 3321 6427 3284 6427 3188 6427 3322 6428 3188 6428 3189 6428 3321 6429 3188 6429 3322 6429 3323 6430 3189 6430 3185 6430 3324 6431 3322 6431 3189 6431 3323 6432 3324 6432 3189 6432 3318 6433 3185 6433 3194 6433 3318 6434 3323 6434 3185 6434 3325 6435 3242 6435 3244 6435 3326 6436 3282 6436 3242 6436 3325 6437 3326 6437 3242 6437 3327 6438 3244 6438 3137 6438 3328 6439 3325 6439 3244 6439 3328 6440 3244 6440 3327 6440 3329 6441 3137 6441 3135 6441 3327 6442 3137 6442 3329 6442 3329 6443 3135 6443 3141 6443 3330 6444 3141 6444 3299 6444 3329 6445 3141 6445 3330 6445 3331 6446 3299 6446 3283 6446 3332 6447 3330 6447 3299 6447 3331 6448 3332 6448 3299 6448 3326 6449 3283 6449 3282 6449 3326 6450 3331 6450 3283 6450 3224 6451 3238 6451 3241 6451 3224 6452 3223 6452 3238 6452 3142 6453 3241 6453 3239 6453 3333 6454 3334 6454 3241 6454 3145 6455 3241 6455 3334 6455 3142 6456 3333 6456 3241 6456 3146 6457 3241 6457 3145 6457 3335 6458 3241 6458 3146 6458 3335 6459 3224 6459 3241 6459 3142 6460 3239 6460 3138 6460 3125 6461 3132 6461 3247 6461 3336 6462 3247 6462 3251 6462 3336 6463 3125 6463 3247 6463 3337 6464 3253 6464 3252 6464 3336 6465 3251 6465 3253 6465 3338 6466 3253 6466 3339 6466 3340 6467 3339 6467 3253 6467 3338 6468 3336 6468 3253 6468 3337 6469 3340 6469 3253 6469 3341 6470 3252 6470 3250 6470 3342 6471 3343 6471 3252 6471 3344 6472 3252 6472 3343 6472 3345 6473 3346 6473 3252 6473 3347 6474 3252 6474 3346 6474 3341 6475 3345 6475 3252 6475 3348 6476 3342 6476 3252 6476 3347 6477 3348 6477 3252 6477 3349 6478 3337 6478 3252 6478 3344 6479 3349 6479 3252 6479 3350 6480 3250 6480 3258 6480 3350 6481 3351 6481 3250 6481 3352 6482 3250 6482 3351 6482 3353 6483 3250 6483 3352 6483 3354 6484 3250 6484 3353 6484 3355 6485 3341 6485 3250 6485 3354 6486 3355 6486 3250 6486 3356 6487 3258 6487 3255 6487 3356 6488 3350 6488 3258 6488 3356 6489 3255 6489 3162 6489 3169 6490 3356 6490 3162 6490 3150 6491 3157 6491 3264 6491 3357 6492 3264 6492 3263 6492 3357 6493 3263 6493 3265 6493 3358 6494 3264 6494 3359 6494 3153 6495 3359 6495 3264 6495 3358 6496 3150 6496 3264 6496 3360 6497 3153 6497 3264 6497 3360 6498 3264 6498 3357 6498 3361 6499 3269 6499 3273 6499 3361 6500 3265 6500 3269 6500 3362 6501 3273 6501 3277 6501 3363 6502 3361 6502 3273 6502 3364 6503 3363 6503 3273 6503 3365 6504 3364 6504 3273 6504 3362 6505 3365 6505 3273 6505 3366 6506 3277 6506 3281 6506 3367 6507 3368 6507 3277 6507 3369 6508 3277 6508 3368 6508 3366 6509 3367 6509 3277 6509 3370 6510 3277 6510 3369 6510 3371 6511 3277 6511 3370 6511 3372 6512 3362 6512 3277 6512 3373 6513 3372 6513 3277 6513 3374 6514 3373 6514 3277 6514 3371 6515 3374 6515 3277 6515 3366 6516 3281 6516 3280 6516 3195 6517 3280 6517 3190 6517 3195 6518 3366 6518 3280 6518 3096 6519 3288 6519 3094 6519 3041 6520 3288 6520 3096 6520 2963 6521 3030 6521 3032 6521 3006 6522 3029 6522 3030 6522 3006 6523 3030 6523 2965 6523 2963 6524 2965 6524 3030 6524 3029 6525 3009 6525 3028 6525 3006 6526 3009 6526 3029 6526 3375 6527 3295 6527 3298 6527 3375 6528 3297 6528 3295 6528 3376 6529 3298 6529 3302 6529 3376 6530 3375 6530 3298 6530 3377 6531 3302 6531 3304 6531 3144 6532 3306 6532 3302 6532 3378 6533 3302 6533 3306 6533 3144 6534 3302 6534 3377 6534 3378 6535 3376 6535 3302 6535 3379 6536 3304 6536 3303 6536 3379 6537 3377 6537 3304 6537 3380 6538 3303 6538 3306 6538 3381 6539 3303 6539 3380 6539 3381 6540 3379 6540 3303 6540 3378 6541 3306 6541 3307 6541 3144 6542 3380 6542 3306 6542 3382 6543 3307 6543 3305 6543 3383 6544 3378 6544 3307 6544 3384 6545 3307 6545 3382 6545 3384 6546 3383 6546 3307 6546 3382 6547 3305 6547 3308 6547 3385 6548 3386 6548 3387 6548 3388 6549 3387 6549 3386 6549 3389 6550 3385 6550 3387 6550 3390 6551 3387 6551 3388 6551 3391 6552 3387 6552 3390 6552 3389 6553 3387 6553 3391 6553 3385 6554 3392 6554 3386 6554 3393 6555 3386 6555 3392 6555 3394 6556 3388 6556 3386 6556 3393 6557 3394 6557 3386 6557 3395 6558 3396 6558 3392 6558 3393 6559 3392 6559 3396 6559 3385 6560 3395 6560 3392 6560 3397 6561 3398 6561 3396 6561 3399 6562 3396 6562 3398 6562 3395 6563 3397 6563 3396 6563 3399 6564 3393 6564 3396 6564 3400 6565 3401 6565 3398 6565 3399 6566 3398 6566 3401 6566 3397 6567 3400 6567 3398 6567 3402 6568 3401 6568 3400 6568 3402 6569 3403 6569 3401 6569 3404 6570 3401 6570 3403 6570 3399 6571 3401 6571 3404 6571 3405 6572 3400 6572 3397 6572 3406 6573 3402 6573 3400 6573 3405 6574 3406 6574 3400 6574 3385 6575 3397 6575 3395 6575 3389 6576 3397 6576 3385 6576 3389 6577 3405 6577 3397 6577 3407 6578 3408 6578 3403 6578 3404 6579 3403 6579 3408 6579 3402 6580 3407 6580 3403 6580 3390 6581 3388 6581 3408 6581 3394 6582 3408 6582 3388 6582 3407 6583 3390 6583 3408 6583 3394 6584 3404 6584 3408 6584 3402 6585 3390 6585 3407 6585 3406 6586 3390 6586 3402 6586 3406 6587 3391 6587 3390 6587 3409 6588 3404 6588 3394 6588 3410 6589 3399 6589 3404 6589 3410 6590 3404 6590 3409 6590 3411 6591 3394 6591 3393 6591 3409 6592 3394 6592 3411 6592 3412 6593 3393 6593 3399 6593 3411 6594 3393 6594 3412 6594 3410 6595 3412 6595 3399 6595 3413 6596 3414 6596 3415 6596 3416 6597 3415 6597 3414 6597 3417 6598 3413 6598 3415 6598 3418 6599 3415 6599 3416 6599 3419 6600 3415 6600 3418 6600 3417 6601 3415 6601 3419 6601 3413 6602 3420 6602 3414 6602 3421 6603 3414 6603 3420 6603 3422 6604 3416 6604 3414 6604 3422 6605 3414 6605 3421 6605 3423 6606 3424 6606 3420 6606 3425 6607 3420 6607 3424 6607 3413 6608 3423 6608 3420 6608 3425 6609 3421 6609 3420 6609 3426 6610 3427 6610 3424 6610 3428 6611 3424 6611 3427 6611 3423 6612 3426 6612 3424 6612 3425 6613 3424 6613 3428 6613 3429 6614 3430 6614 3427 6614 3431 6615 3427 6615 3430 6615 3426 6616 3429 6616 3427 6616 3431 6617 3428 6617 3427 6617 3432 6618 3430 6618 3429 6618 3432 6619 3433 6619 3430 6619 3434 6620 3430 6620 3433 6620 3431 6621 3430 6621 3434 6621 3435 6622 3429 6622 3426 6622 3436 6623 3432 6623 3429 6623 3435 6624 3436 6624 3429 6624 3413 6625 3426 6625 3423 6625 3417 6626 3426 6626 3413 6626 3417 6627 3435 6627 3426 6627 3437 6628 3438 6628 3433 6628 3439 6629 3433 6629 3438 6629 3432 6630 3437 6630 3433 6630 3439 6631 3434 6631 3433 6631 3418 6632 3416 6632 3438 6632 3440 6633 3438 6633 3416 6633 3437 6634 3418 6634 3438 6634 3440 6635 3439 6635 3438 6635 3422 6636 3440 6636 3416 6636 3432 6637 3418 6637 3437 6637 3436 6638 3418 6638 3432 6638 3436 6639 3419 6639 3418 6639 3441 6640 3422 6640 3421 6640 3442 6641 3421 6641 3425 6641 3442 6642 3441 6642 3421 6642 3443 6643 3434 6643 3439 6643 3444 6644 3431 6644 3434 6644 3444 6645 3434 6645 3443 6645 3445 6646 3439 6646 3440 6646 3443 6647 3439 6647 3445 6647 3446 6648 3440 6648 3422 6648 3445 6649 3440 6649 3446 6649 3441 6650 3446 6650 3422 6650 3447 6651 3428 6651 3431 6651 3448 6652 3425 6652 3428 6652 3447 6653 3448 6653 3428 6653 3444 6654 3447 6654 3431 6654 3448 6655 3442 6655 3425 6655 3449 6656 3450 6656 3451 6656 3452 6657 3451 6657 3450 6657 3453 6658 3449 6658 3451 6658 3454 6659 3451 6659 3452 6659 3455 6660 3451 6660 3454 6660 3453 6661 3451 6661 3455 6661 3449 6662 3456 6662 3450 6662 3457 6663 3450 6663 3456 6663 3458 6664 3452 6664 3450 6664 3458 6665 3450 6665 3457 6665 3459 6666 3460 6666 3456 6666 3461 6667 3456 6667 3460 6667 3449 6668 3459 6668 3456 6668 3461 6669 3457 6669 3456 6669 3462 6670 3463 6670 3460 6670 3464 6671 3460 6671 3463 6671 3459 6672 3462 6672 3460 6672 3461 6673 3460 6673 3464 6673 3465 6674 3466 6674 3463 6674 3467 6675 3463 6675 3466 6675 3462 6676 3465 6676 3463 6676 3467 6677 3464 6677 3463 6677 3468 6678 3466 6678 3465 6678 3468 6679 3469 6679 3466 6679 3470 6680 3466 6680 3469 6680 3467 6681 3466 6681 3470 6681 3471 6682 3465 6682 3462 6682 3472 6683 3468 6683 3465 6683 3471 6684 3472 6684 3465 6684 3449 6685 3462 6685 3459 6685 3453 6686 3462 6686 3449 6686 3453 6687 3471 6687 3462 6687 3473 6688 3474 6688 3469 6688 3475 6689 3469 6689 3474 6689 3468 6690 3473 6690 3469 6690 3475 6691 3470 6691 3469 6691 3454 6692 3452 6692 3474 6692 3476 6693 3474 6693 3452 6693 3473 6694 3454 6694 3474 6694 3476 6695 3475 6695 3474 6695 3458 6696 3476 6696 3452 6696 3468 6697 3454 6697 3473 6697 3472 6698 3454 6698 3468 6698 3472 6699 3455 6699 3454 6699 3477 6700 3458 6700 3457 6700 3478 6701 3457 6701 3461 6701 3477 6702 3457 6702 3478 6702 3479 6703 3470 6703 3475 6703 3480 6704 3467 6704 3470 6704 3480 6705 3470 6705 3479 6705 3481 6706 3475 6706 3476 6706 3479 6707 3475 6707 3481 6707 3482 6708 3476 6708 3458 6708 3481 6709 3476 6709 3482 6709 3477 6710 3482 6710 3458 6710 3483 6711 3464 6711 3467 6711 3484 6712 3461 6712 3464 6712 3484 6713 3464 6713 3483 6713 3480 6714 3483 6714 3467 6714 3484 6715 3478 6715 3461 6715 3485 6716 3314 6716 3316 6716 3486 6717 3314 6717 3485 6717 3313 6718 3314 6718 3486 6718 3487 6719 3316 6719 3315 6719 3488 6720 3489 6720 3316 6720 3485 6721 3316 6721 3489 6721 3487 6722 3488 6722 3316 6722 3490 6723 3315 6723 3310 6723 3490 6724 3487 6724 3315 6724 3490 6725 3310 6725 3309 6725 3491 6726 3490 6726 3309 6726 3312 6727 3491 6727 3309 6727 3492 6728 3489 6728 3488 6728 3486 6729 3485 6729 3489 6729 3493 6730 3486 6730 3489 6730 3492 6731 3493 6731 3489 6731 3494 6732 3488 6732 3487 6732 3495 6733 3492 6733 3488 6733 3494 6734 3495 6734 3488 6734 3496 6735 3487 6735 3490 6735 3496 6736 3494 6736 3487 6736 3491 6737 3497 6737 3490 6737 3498 6738 3490 6738 3497 6738 3498 6739 3496 6739 3490 6739 3312 6740 3497 6740 3491 6740 3499 6741 3497 6741 3500 6741 3312 6742 3500 6742 3497 6742 3498 6743 3497 6743 3499 6743 3501 6744 3502 6744 3486 6744 3311 6745 3486 6745 3502 6745 3493 6746 3501 6746 3486 6746 3311 6747 3313 6747 3486 6747 3503 6748 3500 6748 3502 6748 3312 6749 3502 6749 3500 6749 3501 6750 3503 6750 3502 6750 3312 6751 3311 6751 3502 6751 3504 6752 3499 6752 3500 6752 3503 6753 3504 6753 3500 6753 3505 6754 3499 6754 3504 6754 3506 6755 3498 6755 3499 6755 3505 6756 3506 6756 3499 6756 3507 6757 3504 6757 3503 6757 3507 6758 3505 6758 3504 6758 3508 6759 3503 6759 3501 6759 3507 6760 3503 6760 3508 6760 3493 6761 3509 6761 3501 6761 3510 6762 3501 6762 3509 6762 3508 6763 3501 6763 3510 6763 3511 6764 3509 6764 3493 6764 3510 6765 3509 6765 3511 6765 3512 6766 3493 6766 3492 6766 3511 6767 3493 6767 3512 6767 3513 6768 3492 6768 3495 6768 3512 6769 3492 6769 3513 6769 3514 6770 3495 6770 3494 6770 3513 6771 3495 6771 3514 6771 3515 6772 3494 6772 3496 6772 3514 6773 3494 6773 3515 6773 3498 6774 3516 6774 3496 6774 3517 6775 3496 6775 3516 6775 3515 6776 3496 6776 3517 6776 3518 6777 3516 6777 3498 6777 3517 6778 3516 6778 3518 6778 3518 6779 3498 6779 3506 6779 3519 6780 3391 6780 3406 6780 3520 6781 3389 6781 3391 6781 3519 6782 3520 6782 3391 6782 3521 6783 3406 6783 3405 6783 3519 6784 3406 6784 3522 6784 3521 6785 3522 6785 3406 6785 3523 6786 3405 6786 3389 6786 3521 6787 3405 6787 3523 6787 3524 6788 3523 6788 3389 6788 3520 6789 3524 6789 3389 6789 3521 6790 3523 6790 3524 6790 3525 6791 3524 6791 3520 6791 3526 6792 3521 6792 3524 6792 3525 6793 3526 6793 3524 6793 3519 6794 3522 6794 3520 6794 3527 6795 3520 6795 3522 6795 3527 6796 3525 6796 3520 6796 3528 6797 3522 6797 3521 6797 3527 6798 3522 6798 3528 6798 3526 6799 3528 6799 3521 6799 3527 6800 3528 6800 3526 6800 3527 6801 3526 6801 3525 6801 3518 6802 3506 6802 3505 6802 3514 6803 3518 6803 3505 6803 3513 6804 3514 6804 3505 6804 3507 6805 3513 6805 3505 6805 3515 6806 3517 6806 3518 6806 3514 6807 3515 6807 3518 6807 3511 6808 3512 6808 3513 6808 3507 6809 3511 6809 3513 6809 3508 6810 3510 6810 3511 6810 3507 6811 3508 6811 3511 6811 3529 6812 3322 6812 3324 6812 3530 6813 3322 6813 3529 6813 3321 6814 3322 6814 3530 6814 3531 6815 3324 6815 3323 6815 3532 6816 3533 6816 3324 6816 3529 6817 3324 6817 3533 6817 3531 6818 3532 6818 3324 6818 3534 6819 3323 6819 3318 6819 3534 6820 3531 6820 3323 6820 3534 6821 3318 6821 3317 6821 3535 6822 3534 6822 3317 6822 3320 6823 3535 6823 3317 6823 3536 6824 3533 6824 3532 6824 3530 6825 3529 6825 3533 6825 3537 6826 3530 6826 3533 6826 3536 6827 3537 6827 3533 6827 3538 6828 3532 6828 3531 6828 3539 6829 3536 6829 3532 6829 3538 6830 3539 6830 3532 6830 3540 6831 3531 6831 3534 6831 3540 6832 3538 6832 3531 6832 3535 6833 3541 6833 3534 6833 3542 6834 3534 6834 3541 6834 3542 6835 3540 6835 3534 6835 3320 6836 3541 6836 3535 6836 3543 6837 3541 6837 3544 6837 3320 6838 3544 6838 3541 6838 3542 6839 3541 6839 3543 6839 3545 6840 3546 6840 3530 6840 3319 6841 3530 6841 3546 6841 3537 6842 3545 6842 3530 6842 3319 6843 3321 6843 3530 6843 3547 6844 3544 6844 3546 6844 3320 6845 3546 6845 3544 6845 3545 6846 3547 6846 3546 6846 3320 6847 3319 6847 3546 6847 3548 6848 3543 6848 3544 6848 3547 6849 3548 6849 3544 6849 3549 6850 3543 6850 3548 6850 3550 6851 3542 6851 3543 6851 3549 6852 3550 6852 3543 6852 3551 6853 3548 6853 3547 6853 3551 6854 3549 6854 3548 6854 3552 6855 3547 6855 3545 6855 3551 6856 3547 6856 3552 6856 3537 6857 3553 6857 3545 6857 3554 6858 3545 6858 3553 6858 3552 6859 3545 6859 3554 6859 3555 6860 3553 6860 3537 6860 3554 6861 3553 6861 3555 6861 3556 6862 3537 6862 3536 6862 3555 6863 3537 6863 3556 6863 3557 6864 3536 6864 3539 6864 3556 6865 3536 6865 3557 6865 3558 6866 3539 6866 3538 6866 3557 6867 3539 6867 3558 6867 3559 6868 3538 6868 3540 6868 3558 6869 3538 6869 3559 6869 3542 6870 3560 6870 3540 6870 3561 6871 3540 6871 3560 6871 3559 6872 3540 6872 3561 6872 3562 6873 3560 6873 3542 6873 3561 6874 3560 6874 3562 6874 3562 6875 3542 6875 3550 6875 3563 6876 3455 6876 3472 6876 3564 6877 3453 6877 3455 6877 3563 6878 3564 6878 3455 6878 3565 6879 3472 6879 3471 6879 3563 6880 3472 6880 3566 6880 3565 6881 3566 6881 3472 6881 3567 6882 3471 6882 3453 6882 3565 6883 3471 6883 3567 6883 3568 6884 3567 6884 3453 6884 3564 6885 3568 6885 3453 6885 3565 6886 3567 6886 3568 6886 3569 6887 3568 6887 3564 6887 3570 6888 3565 6888 3568 6888 3569 6889 3570 6889 3568 6889 3563 6890 3566 6890 3564 6890 3571 6891 3564 6891 3566 6891 3571 6892 3569 6892 3564 6892 3572 6893 3566 6893 3565 6893 3571 6894 3566 6894 3572 6894 3570 6895 3572 6895 3565 6895 3571 6896 3572 6896 3570 6896 3571 6897 3570 6897 3569 6897 3562 6898 3550 6898 3549 6898 3558 6899 3562 6899 3549 6899 3557 6900 3558 6900 3549 6900 3551 6901 3557 6901 3549 6901 3559 6902 3561 6902 3562 6902 3558 6903 3559 6903 3562 6903 3555 6904 3556 6904 3557 6904 3551 6905 3555 6905 3557 6905 3552 6906 3554 6906 3555 6906 3551 6907 3552 6907 3555 6907 3573 6908 3330 6908 3332 6908 3574 6909 3330 6909 3573 6909 3329 6910 3330 6910 3574 6910 3575 6911 3332 6911 3331 6911 3576 6912 3577 6912 3332 6912 3573 6913 3332 6913 3577 6913 3575 6914 3576 6914 3332 6914 3578 6915 3331 6915 3326 6915 3578 6916 3575 6916 3331 6916 3578 6917 3326 6917 3325 6917 3579 6918 3578 6918 3325 6918 3328 6919 3579 6919 3325 6919 3580 6920 3577 6920 3576 6920 3574 6921 3573 6921 3577 6921 3581 6922 3574 6922 3577 6922 3580 6923 3581 6923 3577 6923 3582 6924 3576 6924 3575 6924 3583 6925 3580 6925 3576 6925 3582 6926 3583 6926 3576 6926 3584 6927 3575 6927 3578 6927 3584 6928 3582 6928 3575 6928 3579 6929 3585 6929 3578 6929 3586 6930 3578 6930 3585 6930 3586 6931 3584 6931 3578 6931 3328 6932 3585 6932 3579 6932 3587 6933 3585 6933 3588 6933 3328 6934 3588 6934 3585 6934 3586 6935 3585 6935 3587 6935 3589 6936 3590 6936 3574 6936 3327 6937 3574 6937 3590 6937 3581 6938 3589 6938 3574 6938 3327 6939 3329 6939 3574 6939 3591 6940 3588 6940 3590 6940 3328 6941 3590 6941 3588 6941 3589 6942 3591 6942 3590 6942 3328 6943 3327 6943 3590 6943 3592 6944 3587 6944 3588 6944 3591 6945 3592 6945 3588 6945 3593 6946 3587 6946 3592 6946 3594 6947 3586 6947 3587 6947 3593 6948 3594 6948 3587 6948 3595 6949 3592 6949 3591 6949 3595 6950 3593 6950 3592 6950 3596 6951 3591 6951 3589 6951 3595 6952 3591 6952 3596 6952 3581 6953 3597 6953 3589 6953 3598 6954 3589 6954 3597 6954 3596 6955 3589 6955 3598 6955 3599 6956 3597 6956 3581 6956 3598 6957 3597 6957 3599 6957 3600 6958 3581 6958 3580 6958 3599 6959 3581 6959 3600 6959 3601 6960 3580 6960 3583 6960 3600 6961 3580 6961 3601 6961 3602 6962 3583 6962 3582 6962 3601 6963 3583 6963 3602 6963 3603 6964 3582 6964 3584 6964 3602 6965 3582 6965 3603 6965 3586 6966 3604 6966 3584 6966 3605 6967 3584 6967 3604 6967 3603 6968 3584 6968 3605 6968 3606 6969 3604 6969 3586 6969 3605 6970 3604 6970 3606 6970 3606 6971 3586 6971 3594 6971 3607 6972 3419 6972 3436 6972 3608 6973 3417 6973 3419 6973 3607 6974 3608 6974 3419 6974 3609 6975 3436 6975 3435 6975 3607 6976 3436 6976 3610 6976 3609 6977 3610 6977 3436 6977 3611 6978 3435 6978 3417 6978 3609 6979 3435 6979 3611 6979 3612 6980 3611 6980 3417 6980 3608 6981 3612 6981 3417 6981 3609 6982 3611 6982 3612 6982 3613 6983 3612 6983 3608 6983 3614 6984 3609 6984 3612 6984 3613 6985 3614 6985 3612 6985 3607 6986 3610 6986 3608 6986 3615 6987 3608 6987 3610 6987 3615 6988 3613 6988 3608 6988 3616 6989 3610 6989 3609 6989 3615 6990 3610 6990 3616 6990 3614 6991 3616 6991 3609 6991 3615 6992 3616 6992 3614 6992 3615 6993 3614 6993 3613 6993 3606 6994 3594 6994 3593 6994 3602 6995 3606 6995 3593 6995 3601 6996 3602 6996 3593 6996 3595 6997 3601 6997 3593 6997 3603 6998 3605 6998 3606 6998 3602 6999 3603 6999 3606 6999 3599 7000 3600 7000 3601 7000 3595 7001 3599 7001 3601 7001 3596 7002 3598 7002 3599 7002 3595 7003 3596 7003 3599 7003 3617 7004 3618 7004 3619 7004 3620 7005 3619 7005 3618 7005 3621 7006 3617 7006 3619 7006 3622 7007 3619 7007 1050 7007 3620 7008 1050 7008 3619 7008 3622 7009 3621 7009 3619 7009 3617 7010 3623 7010 3618 7010 3620 7011 3618 7011 3623 7011 3617 7012 3624 7012 3623 7012 3625 7013 3623 7013 3624 7013 3625 7014 3620 7014 3623 7014 3626 7015 3627 7015 3624 7015 3628 7016 3624 7016 3627 7016 3617 7017 3626 7017 3624 7017 3629 7018 3630 7018 3624 7018 3631 7019 3624 7019 3630 7019 3632 7020 3625 7020 3624 7020 3633 7021 3632 7021 3624 7021 3631 7022 3633 7022 3624 7022 3628 7023 3629 7023 3624 7023 3634 7024 3635 7024 3627 7024 3636 7025 3627 7025 3635 7025 3626 7026 3634 7026 3627 7026 3637 7027 3627 7027 3636 7027 3638 7028 3627 7028 3637 7028 3638 7029 3628 7029 3627 7029 3639 7030 3635 7030 3634 7030 3636 7031 3635 7031 3639 7031 3640 7032 3634 7032 3626 7032 3641 7033 3639 7033 3634 7033 1112 7034 3641 7034 3634 7034 3642 7035 1112 7035 3634 7035 3640 7036 3642 7036 3634 7036 3643 7037 3626 7037 3617 7037 3644 7038 3626 7038 3643 7038 1109 7039 3640 7039 3626 7039 1108 7040 1109 7040 3626 7040 3644 7041 1108 7041 3626 7041 1051 7042 3643 7042 3617 7042 1052 7043 1051 7043 3617 7043 3621 7044 1052 7044 3617 7044 3645 7045 1050 7045 3639 7045 3630 7046 3639 7046 1050 7046 3646 7047 3645 7047 3639 7047 3641 7048 3646 7048 3639 7048 3630 7049 3636 7049 3639 7049 3647 7050 3648 7050 1050 7050 1049 7051 1050 7051 3648 7051 3645 7052 3647 7052 1050 7052 3649 7053 3622 7053 1050 7053 1048 7054 3649 7054 1050 7054 3620 7055 3630 7055 1050 7055 3644 7056 3650 7056 3651 7056 3652 7057 3651 7057 3650 7057 3653 7058 3651 7058 3654 7058 3655 7059 3654 7059 3651 7059 3653 7060 3644 7060 3651 7060 3652 7061 3655 7061 3651 7061 3644 7062 3643 7062 3650 7062 3656 7063 3650 7063 3643 7063 3657 7064 3652 7064 3650 7064 3657 7065 3650 7065 3656 7065 1051 7066 3658 7066 3643 7066 3659 7067 3643 7067 3658 7067 3656 7068 3643 7068 3659 7068 1051 7069 3660 7069 3658 7069 3659 7070 3658 7070 3660 7070 1051 7071 3661 7071 3660 7071 3662 7072 3660 7072 3661 7072 3659 7073 3660 7073 3662 7073 3663 7074 3664 7074 3661 7074 3665 7075 3661 7075 3664 7075 1051 7076 3663 7076 3661 7076 3666 7077 3662 7077 3661 7077 3665 7078 3666 7078 3661 7078 3653 7079 3654 7079 3664 7079 3655 7080 3664 7080 3654 7080 3663 7081 3653 7081 3664 7081 3655 7082 3665 7082 3664 7082 3667 7083 3668 7083 3669 7083 3670 7084 3669 7084 3668 7084 3667 7085 3669 7085 3646 7085 3671 7086 3646 7086 3669 7086 3670 7087 3671 7087 3669 7087 3672 7088 3673 7088 3668 7088 3674 7089 3668 7089 3673 7089 3667 7090 3672 7090 3668 7090 3675 7091 3670 7091 3668 7091 3675 7092 3668 7092 3674 7092 1049 7093 3676 7093 3673 7093 3677 7094 3673 7094 3676 7094 3672 7095 1049 7095 3673 7095 3674 7096 3673 7096 3677 7096 1049 7097 3648 7097 3676 7097 3677 7098 3676 7098 3648 7098 3678 7099 3648 7099 3647 7099 3677 7100 3648 7100 3678 7100 3679 7101 3647 7101 3645 7101 3680 7102 3678 7102 3647 7102 3679 7103 3680 7103 3647 7103 3671 7104 3645 7104 3646 7104 3671 7105 3679 7105 3645 7105 3641 7106 3667 7106 3646 7106 1048 7107 1044 7107 3681 7107 1045 7108 3681 7108 1044 7108 3682 7109 1048 7109 3681 7109 1045 7110 3682 7110 3681 7110 1000 7111 1049 7111 3672 7111 1034 7112 3672 7112 3667 7112 1034 7113 1000 7113 3672 7113 3641 7114 3683 7114 3667 7114 1034 7115 3667 7115 3683 7115 1028 7116 3683 7116 3641 7116 1034 7117 3683 7117 1028 7117 3684 7118 3641 7118 1112 7118 3684 7119 1028 7119 3641 7119 1110 7120 1112 7120 3642 7120 1111 7121 3684 7121 1112 7121 1113 7122 3642 7122 3640 7122 1110 7123 3642 7123 1113 7123 1097 7124 3640 7124 1109 7124 1113 7125 3640 7125 1097 7125 1107 7126 1097 7126 1109 7126 1033 7127 1108 7127 3644 7127 1032 7128 1108 7128 1033 7128 1027 7129 3644 7129 3653 7129 1033 7130 3644 7130 1027 7130 1021 7131 3653 7131 3663 7131 1021 7132 1027 7132 3653 7132 1018 7133 3663 7133 1051 7133 1018 7134 1021 7134 3663 7134 1052 7135 1040 7135 1039 7135 1041 7136 1040 7136 1052 7136 3685 7137 1052 7137 3621 7137 1038 7138 1041 7138 1052 7138 3685 7139 1038 7139 1052 7139 3686 7140 3621 7140 3622 7140 3686 7141 3685 7141 3621 7141 3687 7142 3622 7142 3649 7142 3687 7143 3686 7143 3622 7143 3688 7144 3649 7144 1048 7144 3689 7145 3687 7145 3649 7145 3688 7146 3689 7146 3649 7146 3682 7147 3688 7147 1048 7147 1111 7148 1028 7148 3684 7148 1062 7149 3690 7149 3691 7149 3692 7150 3691 7150 3690 7150 1064 7151 1062 7151 3691 7151 3693 7152 1064 7152 3691 7152 3692 7153 3693 7153 3691 7153 1061 7154 3694 7154 3690 7154 3695 7155 3690 7155 3694 7155 1062 7156 1061 7156 3690 7156 3692 7157 3690 7157 3695 7157 1063 7158 3694 7158 1061 7158 3695 7159 3694 7159 3696 7159 1063 7160 3696 7160 3694 7160 3697 7161 1057 7161 1064 7161 3698 7162 3697 7162 1064 7162 3699 7163 3698 7163 1064 7163 3693 7164 3699 7164 1064 7164 3700 7165 1057 7165 3697 7165 1055 7166 1057 7166 3700 7166 3701 7167 3700 7167 3697 7167 3698 7168 3701 7168 3697 7168 3702 7169 3703 7169 3700 7169 1055 7170 3700 7170 3703 7170 3701 7171 3702 7171 3700 7171 3704 7172 3703 7172 3702 7172 1063 7173 3703 7173 3704 7173 1063 7174 1055 7174 3703 7174 3705 7175 3702 7175 3701 7175 3705 7176 3704 7176 3702 7176 3705 7177 3701 7177 3698 7177 3705 7178 3698 7178 3699 7178 3705 7179 3699 7179 3693 7179 3692 7180 3706 7180 3693 7180 3707 7181 3693 7181 3706 7181 3708 7182 3705 7182 3693 7182 3707 7183 3708 7183 3693 7183 3696 7184 3709 7184 3706 7184 3704 7185 3706 7185 3709 7185 3695 7186 3696 7186 3706 7186 3692 7187 3695 7187 3706 7187 3710 7188 3706 7188 3704 7188 3711 7189 3712 7189 3706 7189 3707 7190 3706 7190 3712 7190 3710 7191 3711 7191 3706 7191 1063 7192 3709 7192 3696 7192 1063 7193 3704 7193 3709 7193 3713 7194 3704 7194 3705 7194 3713 7195 3710 7195 3704 7195 3714 7196 3713 7196 3705 7196 3715 7197 3714 7197 3705 7197 3708 7198 3715 7198 3705 7198 3716 7199 3712 7199 3711 7199 3717 7200 3707 7200 3712 7200 3717 7201 3712 7201 3716 7201 3718 7202 3711 7202 3710 7202 3718 7203 3716 7203 3711 7203 3719 7204 3710 7204 3713 7204 3719 7205 3718 7205 3710 7205 3720 7206 3713 7206 3714 7206 3720 7207 3719 7207 3713 7207 3721 7208 3714 7208 3715 7208 3721 7209 3720 7209 3714 7209 3722 7210 3715 7210 3708 7210 3722 7211 3721 7211 3715 7211 3723 7212 3708 7212 3707 7212 3723 7213 3722 7213 3708 7213 3717 7214 3723 7214 3707 7214 3717 7215 3716 7215 3718 7215 3723 7216 3718 7216 3719 7216 3717 7217 3718 7217 3723 7217 3722 7218 3719 7218 3720 7218 3723 7219 3719 7219 3722 7219 3722 7220 3720 7220 3721 7220 3637 7221 3636 7221 3630 7221 3724 7222 3630 7222 3620 7222 3725 7223 3630 7223 3726 7223 3629 7224 3726 7224 3630 7224 3725 7225 3637 7225 3630 7225 3724 7226 3631 7226 3630 7226 3727 7227 3620 7227 3625 7227 3724 7228 3620 7228 3727 7228 3728 7229 3729 7229 3726 7229 3730 7230 3726 7230 3729 7230 3731 7231 3725 7231 3726 7231 3728 7232 3726 7232 3629 7232 3731 7233 3726 7233 3730 7233 3638 7234 3637 7234 3729 7234 3732 7235 3729 7235 3637 7235 3728 7236 3638 7236 3729 7236 3732 7237 3730 7237 3729 7237 3733 7238 3637 7238 3725 7238 3732 7239 3637 7239 3733 7239 3731 7240 3733 7240 3725 7240 3734 7241 3625 7241 3632 7241 3727 7242 3625 7242 3735 7242 3736 7243 3735 7243 3625 7243 3736 7244 3625 7244 3734 7244 3737 7245 3632 7245 3633 7245 3737 7246 3734 7246 3632 7246 3738 7247 3735 7247 3633 7247 3739 7248 3633 7248 3735 7248 3631 7249 3738 7249 3633 7249 3737 7250 3633 7250 3739 7250 3738 7251 3727 7251 3735 7251 3736 7252 3739 7252 3735 7252 3740 7253 3629 7253 3628 7253 3741 7254 3728 7254 3629 7254 3741 7255 3629 7255 3740 7255 3742 7256 3628 7256 3638 7256 3742 7257 3740 7257 3628 7257 3743 7258 3638 7258 3728 7258 3742 7259 3638 7259 3743 7259 3741 7260 3743 7260 3728 7260 3744 7261 3727 7261 3738 7261 3745 7262 3724 7262 3727 7262 3745 7263 3727 7263 3744 7263 3746 7264 3738 7264 3631 7264 3746 7265 3744 7265 3738 7265 3747 7266 3631 7266 3724 7266 3746 7267 3631 7267 3747 7267 3745 7268 3747 7268 3724 7268 3732 7269 3733 7269 3730 7269 3731 7270 3730 7270 3733 7270 3737 7271 3739 7271 3734 7271 3736 7272 3734 7272 3739 7272 3742 7273 3743 7273 3740 7273 3741 7274 3740 7274 3743 7274 3746 7275 3747 7275 3744 7275 3745 7276 3744 7276 3747 7276 3748 7277 3662 7277 3666 7277 3749 7278 3662 7278 3748 7278 3659 7279 3662 7279 3749 7279 3750 7280 3666 7280 3665 7280 3751 7281 3752 7281 3666 7281 3748 7282 3666 7282 3752 7282 3750 7283 3751 7283 3666 7283 3753 7284 3665 7284 3655 7284 3753 7285 3750 7285 3665 7285 3753 7286 3655 7286 3652 7286 3754 7287 3753 7287 3652 7287 3657 7288 3754 7288 3652 7288 3755 7289 3752 7289 3751 7289 3749 7290 3748 7290 3752 7290 3756 7291 3749 7291 3752 7291 3755 7292 3756 7292 3752 7292 3757 7293 3751 7293 3750 7293 3758 7294 3755 7294 3751 7294 3757 7295 3758 7295 3751 7295 3759 7296 3750 7296 3753 7296 3759 7297 3757 7297 3750 7297 3754 7298 3760 7298 3753 7298 3761 7299 3753 7299 3760 7299 3761 7300 3759 7300 3753 7300 3657 7301 3760 7301 3754 7301 3762 7302 3760 7302 3763 7302 3657 7303 3763 7303 3760 7303 3761 7304 3760 7304 3762 7304 3764 7305 3765 7305 3749 7305 3656 7306 3749 7306 3765 7306 3756 7307 3764 7307 3749 7307 3656 7308 3659 7308 3749 7308 3766 7309 3763 7309 3765 7309 3657 7310 3765 7310 3763 7310 3764 7311 3766 7311 3765 7311 3657 7312 3656 7312 3765 7312 3767 7313 3762 7313 3763 7313 3766 7314 3767 7314 3763 7314 3768 7315 3762 7315 3767 7315 3769 7316 3761 7316 3762 7316 3768 7317 3769 7317 3762 7317 3770 7318 3767 7318 3766 7318 3770 7319 3768 7319 3767 7319 3771 7320 3766 7320 3764 7320 3770 7321 3766 7321 3771 7321 3756 7322 3772 7322 3764 7322 3773 7323 3764 7323 3772 7323 3771 7324 3764 7324 3773 7324 3774 7325 3772 7325 3756 7325 3773 7326 3772 7326 3774 7326 3775 7327 3756 7327 3755 7327 3774 7328 3756 7328 3775 7328 3776 7329 3755 7329 3758 7329 3775 7330 3755 7330 3776 7330 3777 7331 3758 7331 3757 7331 3776 7332 3758 7332 3777 7332 3778 7333 3757 7333 3759 7333 3777 7334 3757 7334 3778 7334 3761 7335 3779 7335 3759 7335 3780 7336 3759 7336 3779 7336 3778 7337 3759 7337 3780 7337 3781 7338 3779 7338 3761 7338 3780 7339 3779 7339 3781 7339 3781 7340 3761 7340 3769 7340 3781 7341 3769 7341 3768 7341 3777 7342 3781 7342 3768 7342 3776 7343 3777 7343 3768 7343 3770 7344 3776 7344 3768 7344 3778 7345 3780 7345 3781 7345 3777 7346 3778 7346 3781 7346 3774 7347 3775 7347 3776 7347 3770 7348 3774 7348 3776 7348 3771 7349 3773 7349 3774 7349 3770 7350 3771 7350 3774 7350 3782 7351 3678 7351 3680 7351 3783 7352 3678 7352 3782 7352 3677 7353 3678 7353 3783 7353 3784 7354 3680 7354 3679 7354 3785 7355 3786 7355 3680 7355 3782 7356 3680 7356 3786 7356 3784 7357 3785 7357 3680 7357 3787 7358 3679 7358 3671 7358 3787 7359 3784 7359 3679 7359 3787 7360 3671 7360 3670 7360 3788 7361 3787 7361 3670 7361 3675 7362 3788 7362 3670 7362 3789 7363 3786 7363 3785 7363 3783 7364 3782 7364 3786 7364 3790 7365 3783 7365 3786 7365 3789 7366 3790 7366 3786 7366 3791 7367 3785 7367 3784 7367 3792 7368 3789 7368 3785 7368 3791 7369 3792 7369 3785 7369 3793 7370 3784 7370 3787 7370 3793 7371 3791 7371 3784 7371 3788 7372 3794 7372 3787 7372 3795 7373 3787 7373 3794 7373 3795 7374 3793 7374 3787 7374 3675 7375 3794 7375 3788 7375 3796 7376 3794 7376 3797 7376 3675 7377 3797 7377 3794 7377 3795 7378 3794 7378 3796 7378 3798 7379 3799 7379 3783 7379 3674 7380 3783 7380 3799 7380 3790 7381 3798 7381 3783 7381 3674 7382 3677 7382 3783 7382 3800 7383 3797 7383 3799 7383 3675 7384 3799 7384 3797 7384 3798 7385 3800 7385 3799 7385 3675 7386 3674 7386 3799 7386 3801 7387 3796 7387 3797 7387 3800 7388 3801 7388 3797 7388 3802 7389 3796 7389 3801 7389 3803 7390 3795 7390 3796 7390 3802 7391 3803 7391 3796 7391 3804 7392 3801 7392 3800 7392 3804 7393 3802 7393 3801 7393 3805 7394 3800 7394 3798 7394 3804 7395 3800 7395 3805 7395 3790 7396 3806 7396 3798 7396 3807 7397 3798 7397 3806 7397 3805 7398 3798 7398 3807 7398 3808 7399 3806 7399 3790 7399 3807 7400 3806 7400 3808 7400 3809 7401 3790 7401 3789 7401 3808 7402 3790 7402 3809 7402 3810 7403 3789 7403 3792 7403 3809 7404 3789 7404 3810 7404 3811 7405 3792 7405 3791 7405 3810 7406 3792 7406 3811 7406 3812 7407 3791 7407 3793 7407 3811 7408 3791 7408 3812 7408 3795 7409 3813 7409 3793 7409 3814 7410 3793 7410 3813 7410 3812 7411 3793 7411 3814 7411 3815 7412 3813 7412 3795 7412 3814 7413 3813 7413 3815 7413 3815 7414 3795 7414 3803 7414 3815 7415 3803 7415 3802 7415 3811 7416 3815 7416 3802 7416 3810 7417 3811 7417 3802 7417 3804 7418 3810 7418 3802 7418 3812 7419 3814 7419 3815 7419 3811 7420 3812 7420 3815 7420 3808 7421 3809 7421 3810 7421 3804 7422 3808 7422 3810 7422 3805 7423 3807 7423 3808 7423 3804 7424 3805 7424 3808 7424 1035 7425 1041 7425 1038 7425 3816 7426 1038 7426 3685 7426 3816 7427 1037 7427 1038 7427 3817 7428 3685 7428 3686 7428 3817 7429 3816 7429 3685 7429 3817 7430 3686 7430 3687 7430 3818 7431 3687 7431 3689 7431 3818 7432 3817 7432 3687 7432 3819 7433 3689 7433 3688 7433 3818 7434 3689 7434 3820 7434 3819 7435 3820 7435 3689 7435 3821 7436 3688 7436 3682 7436 3819 7437 3688 7437 3821 7437 1046 7438 3682 7438 1045 7438 3821 7439 3682 7439 1046 7439 1046 7440 1047 7440 1036 7440 3822 7441 1036 7441 1037 7441 3823 7442 1046 7442 1036 7442 3822 7443 3823 7443 1036 7443 3824 7444 1037 7444 3816 7444 3825 7445 3822 7445 1037 7445 3824 7446 3825 7446 1037 7446 3826 7447 3816 7447 3817 7447 3826 7448 3824 7448 3816 7448 3818 7449 3820 7449 3817 7449 3827 7450 3817 7450 3820 7450 3827 7451 3826 7451 3817 7451 3828 7452 3820 7452 3819 7452 3827 7453 3820 7453 3828 7453 3829 7454 3821 7454 1046 7454 3823 7455 3829 7455 1046 7455 3830 7456 3819 7456 3821 7456 3829 7457 3830 7457 3821 7457 3831 7458 3828 7458 3819 7458 3830 7459 3831 7459 3819 7459 3832 7460 3828 7460 3831 7460 3833 7461 3827 7461 3828 7461 3832 7462 3833 7462 3828 7462 3834 7463 3831 7463 3830 7463 3834 7464 3832 7464 3831 7464 3835 7465 3830 7465 3829 7465 3834 7466 3830 7466 3835 7466 3823 7467 3836 7467 3829 7467 3837 7468 3829 7468 3836 7468 3835 7469 3829 7469 3837 7469 3838 7470 3836 7470 3823 7470 3837 7471 3836 7471 3838 7471 3839 7472 3823 7472 3822 7472 3840 7473 3823 7473 3839 7473 3840 7474 3838 7474 3823 7474 3839 7475 3822 7475 3825 7475 3841 7476 3825 7476 3824 7476 3839 7477 3825 7477 3841 7477 3842 7478 3824 7478 3826 7478 3841 7479 3824 7479 3842 7479 3827 7480 3843 7480 3826 7480 3844 7481 3826 7481 3843 7481 3842 7482 3826 7482 3844 7482 3845 7483 3843 7483 3827 7483 3844 7484 3843 7484 3845 7484 3845 7485 3827 7485 3833 7485 3845 7486 3833 7486 3832 7486 3841 7487 3845 7487 3832 7487 3839 7488 3841 7488 3832 7488 3834 7489 3839 7489 3832 7489 3842 7490 3844 7490 3845 7490 3841 7491 3842 7491 3845 7491 3840 7492 3839 7492 3838 7492 3834 7493 3838 7493 3839 7493 3835 7494 3837 7494 3838 7494 3834 7495 3835 7495 3838 7495 3846 7496 1414 7496 3847 7496 1433 7497 3847 7497 1414 7497 3848 7498 3847 7498 3849 7498 1439 7499 3849 7499 3847 7499 3848 7500 3846 7500 3847 7500 1439 7501 3847 7501 1433 7501 3846 7502 1415 7502 1414 7502 1430 7503 1433 7503 1414 7503 3850 7504 3851 7504 1415 7504 3852 7505 1415 7505 3851 7505 3853 7506 3850 7506 1415 7506 3854 7507 3853 7507 1415 7507 3846 7508 3854 7508 1415 7508 3852 7509 1416 7509 1415 7509 3855 7510 3856 7510 3851 7510 1417 7511 3851 7511 3856 7511 3857 7512 3855 7512 3851 7512 3858 7513 3857 7513 3851 7513 3859 7514 3858 7514 3851 7514 3860 7515 3859 7515 3851 7515 3850 7516 3860 7516 3851 7516 1417 7517 3852 7517 3851 7517 3861 7518 3862 7518 3856 7518 3863 7519 3856 7519 3862 7519 3864 7520 3856 7520 3855 7520 3865 7521 3866 7521 3856 7521 3867 7522 3856 7522 3866 7522 3864 7523 3865 7523 3856 7523 3868 7524 3869 7524 3856 7524 3870 7525 3856 7525 3869 7525 3867 7526 3868 7526 3856 7526 3871 7527 3872 7527 3856 7527 3873 7528 3856 7528 3872 7528 3870 7529 3871 7529 3856 7529 3873 7530 3874 7530 3856 7530 3875 7531 3856 7531 3874 7531 3875 7532 3876 7532 3856 7532 3877 7533 3856 7533 3876 7533 3877 7534 3878 7534 3856 7534 3879 7535 3856 7535 3878 7535 3879 7536 3880 7536 3856 7536 3881 7537 3856 7537 3880 7537 3881 7538 3861 7538 3856 7538 3863 7539 1417 7539 3856 7539 3882 7540 3883 7540 3862 7540 1325 7541 3862 7541 3883 7541 3884 7542 3862 7542 3861 7542 3885 7543 3886 7543 3862 7543 3887 7544 3862 7544 3886 7544 3888 7545 3885 7545 3862 7545 3889 7546 3888 7546 3862 7546 3890 7547 3891 7547 3862 7547 3892 7548 3862 7548 3891 7548 3893 7549 3890 7549 3862 7549 3887 7550 3893 7550 3862 7550 3894 7551 3895 7551 3862 7551 3896 7552 3862 7552 3895 7552 3897 7553 3894 7553 3862 7553 3892 7554 3897 7554 3862 7554 3898 7555 3889 7555 3862 7555 3884 7556 3898 7556 3862 7556 3899 7557 3862 7557 3896 7557 3900 7558 3862 7558 3899 7558 3901 7559 3882 7559 3862 7559 3900 7560 3901 7560 3862 7560 1758 7561 3863 7561 3862 7561 1325 7562 1758 7562 3862 7562 3902 7563 3903 7563 3883 7563 1321 7564 3883 7564 3903 7564 3902 7565 3883 7565 3882 7565 1321 7566 1325 7566 3883 7566 3904 7567 3905 7567 3903 7567 1321 7568 3903 7568 3905 7568 3906 7569 3904 7569 3903 7569 3907 7570 3906 7570 3903 7570 3908 7571 3907 7571 3903 7571 3902 7572 3908 7572 3903 7572 3909 7573 3910 7573 3905 7573 3911 7574 3905 7574 3910 7574 3912 7575 3913 7575 3905 7575 3914 7576 3905 7576 3913 7576 3915 7577 3912 7577 3905 7577 3904 7578 3915 7578 3905 7578 3909 7579 3905 7579 3916 7579 3914 7580 3916 7580 3905 7580 3911 7581 1321 7581 3905 7581 2525 7582 3917 7582 3910 7582 3918 7583 3910 7583 3917 7583 3919 7584 2525 7584 3910 7584 3909 7585 3920 7585 3910 7585 3921 7586 3910 7586 3920 7586 3921 7587 3919 7587 3910 7587 3918 7588 3911 7588 3910 7588 2527 7589 3917 7589 2525 7589 2527 7590 3918 7590 3917 7590 3919 7591 2528 7591 2525 7591 2526 7592 2527 7592 2525 7592 3922 7593 3913 7593 2528 7593 2529 7594 2528 7594 3913 7594 3923 7595 2528 7595 3919 7595 3924 7596 3922 7596 2528 7596 3923 7597 3924 7597 2528 7597 2529 7598 2530 7598 2528 7598 2531 7599 3913 7599 3912 7599 3922 7600 3914 7600 3913 7600 2531 7601 2529 7601 3913 7601 2533 7602 3912 7602 3915 7602 2531 7603 3912 7603 2533 7603 3925 7604 3915 7604 3904 7604 2533 7605 3915 7605 3925 7605 3926 7606 3904 7606 3906 7606 3927 7607 3904 7607 3926 7607 3925 7608 3904 7608 3927 7608 3907 7609 3928 7609 3906 7609 3926 7610 3906 7610 3928 7610 3929 7611 3930 7611 3928 7611 3931 7612 3928 7612 3930 7612 3907 7613 3929 7613 3928 7613 3932 7614 3928 7614 3931 7614 3926 7615 3928 7615 3932 7615 3933 7616 3855 7616 3930 7616 3931 7617 3930 7617 3855 7617 3929 7618 3933 7618 3930 7618 3857 7619 3934 7619 3855 7619 3935 7620 3855 7620 3934 7620 3936 7621 3864 7621 3855 7621 3933 7622 3936 7622 3855 7622 3931 7623 3855 7623 3935 7623 3937 7624 3849 7624 3934 7624 3938 7625 3934 7625 3849 7625 3857 7626 3937 7626 3934 7626 3935 7627 3934 7627 3938 7627 3939 7628 3849 7628 3937 7628 3940 7629 3849 7629 3939 7629 3941 7630 3848 7630 3849 7630 3940 7631 3941 7631 3849 7631 3938 7632 3849 7632 1439 7632 3942 7633 3866 7633 3865 7633 3936 7634 3866 7634 3943 7634 3944 7635 3943 7635 3866 7635 3945 7636 3867 7636 3866 7636 3946 7637 3945 7637 3866 7637 3936 7638 3946 7638 3866 7638 3942 7639 3944 7639 3866 7639 3947 7640 3865 7640 3864 7640 3947 7641 3942 7641 3865 7641 3936 7642 3943 7642 3864 7642 3948 7643 3864 7643 3943 7643 3947 7644 3864 7644 3948 7644 3948 7645 3943 7645 3944 7645 3949 7646 3869 7646 3868 7646 3950 7647 3869 7647 3951 7647 3952 7648 3951 7648 3869 7648 3953 7649 3870 7649 3869 7649 3954 7650 3953 7650 3869 7650 3950 7651 3954 7651 3869 7651 3949 7652 3952 7652 3869 7652 3955 7653 3868 7653 3867 7653 3955 7654 3949 7654 3868 7654 3950 7655 3951 7655 3867 7655 3956 7656 3867 7656 3951 7656 3950 7657 3867 7657 3945 7657 3955 7658 3867 7658 3956 7658 3956 7659 3951 7659 3952 7659 3957 7660 3872 7660 3871 7660 3958 7661 3872 7661 3959 7661 3960 7662 3959 7662 3872 7662 3961 7663 3873 7663 3872 7663 3962 7664 3961 7664 3872 7664 3963 7665 3962 7665 3872 7665 3958 7666 3963 7666 3872 7666 3957 7667 3960 7667 3872 7667 3964 7668 3871 7668 3870 7668 3964 7669 3957 7669 3871 7669 3958 7670 3959 7670 3870 7670 3965 7671 3870 7671 3959 7671 3958 7672 3870 7672 3953 7672 3964 7673 3870 7673 3965 7673 3965 7674 3959 7674 3960 7674 3966 7675 3874 7675 3873 7675 3967 7676 3874 7676 3968 7676 3969 7677 3968 7677 3874 7677 3970 7678 3875 7678 3874 7678 3971 7679 3970 7679 3874 7679 3972 7680 3971 7680 3874 7680 3967 7681 3972 7681 3874 7681 3966 7682 3969 7682 3874 7682 3973 7683 3873 7683 3961 7683 3973 7684 3966 7684 3873 7684 3967 7685 3968 7685 3961 7685 3974 7686 3961 7686 3968 7686 3967 7687 3961 7687 3962 7687 3973 7688 3961 7688 3974 7688 3974 7689 3968 7689 3969 7689 3975 7690 3876 7690 3875 7690 3976 7691 3876 7691 3977 7691 3978 7692 3977 7692 3876 7692 3979 7693 3877 7693 3876 7693 3980 7694 3979 7694 3876 7694 3981 7695 3980 7695 3876 7695 3976 7696 3981 7696 3876 7696 3975 7697 3978 7697 3876 7697 3982 7698 3875 7698 3970 7698 3982 7699 3975 7699 3875 7699 3976 7700 3977 7700 3970 7700 3983 7701 3970 7701 3977 7701 3976 7702 3970 7702 3971 7702 3982 7703 3970 7703 3983 7703 3983 7704 3977 7704 3978 7704 3984 7705 3878 7705 3877 7705 3985 7706 3878 7706 3986 7706 3987 7707 3986 7707 3878 7707 3988 7708 3879 7708 3878 7708 3989 7709 3988 7709 3878 7709 3990 7710 3989 7710 3878 7710 3985 7711 3990 7711 3878 7711 3984 7712 3987 7712 3878 7712 3991 7713 3877 7713 3979 7713 3991 7714 3984 7714 3877 7714 3985 7715 3986 7715 3979 7715 3992 7716 3979 7716 3986 7716 3985 7717 3979 7717 3980 7717 3991 7718 3979 7718 3992 7718 3992 7719 3986 7719 3987 7719 3993 7720 3880 7720 3879 7720 3994 7721 3880 7721 3995 7721 3996 7722 3995 7722 3880 7722 3997 7723 3881 7723 3880 7723 3998 7724 3997 7724 3880 7724 3999 7725 3998 7725 3880 7725 3994 7726 3999 7726 3880 7726 3993 7727 3996 7727 3880 7727 4000 7728 3879 7728 3988 7728 4000 7729 3993 7729 3879 7729 3994 7730 3995 7730 3988 7730 4001 7731 3988 7731 3995 7731 3994 7732 3988 7732 3989 7732 4000 7733 3988 7733 4001 7733 4001 7734 3995 7734 3996 7734 4002 7735 3861 7735 3881 7735 3884 7736 3861 7736 4003 7736 4004 7737 4003 7737 3861 7737 4002 7738 4004 7738 3861 7738 4005 7739 3881 7739 3997 7739 4005 7740 4002 7740 3881 7740 3884 7741 4003 7741 3997 7741 4006 7742 3997 7742 4003 7742 3884 7743 3997 7743 3998 7743 4005 7744 3997 7744 4006 7744 4006 7745 4003 7745 4004 7745 4007 7746 3886 7746 3885 7746 4008 7747 3886 7747 4009 7747 4010 7748 4009 7748 3886 7748 4011 7749 3887 7749 3886 7749 4008 7750 4011 7750 3886 7750 4007 7751 4010 7751 3886 7751 4012 7752 3885 7752 3888 7752 4012 7753 4007 7753 3885 7753 4008 7754 4009 7754 3888 7754 4013 7755 3888 7755 4009 7755 4008 7756 3888 7756 3889 7756 4012 7757 3888 7757 4013 7757 4013 7758 4009 7758 4010 7758 4014 7759 3891 7759 3890 7759 4015 7760 3891 7760 4016 7760 4017 7761 4016 7761 3891 7761 4018 7762 3892 7762 3891 7762 4015 7763 4018 7763 3891 7763 4014 7764 4017 7764 3891 7764 4019 7765 3890 7765 3893 7765 4019 7766 4014 7766 3890 7766 4015 7767 4016 7767 3893 7767 4020 7768 3893 7768 4016 7768 4015 7769 3893 7769 3887 7769 4019 7770 3893 7770 4020 7770 4020 7771 4016 7771 4017 7771 4021 7772 3895 7772 3894 7772 4022 7773 3895 7773 4023 7773 4024 7774 4023 7774 3895 7774 4025 7775 3896 7775 3895 7775 4022 7776 4025 7776 3895 7776 4021 7777 4024 7777 3895 7777 4026 7778 3894 7778 3897 7778 4026 7779 4021 7779 3894 7779 4022 7780 4023 7780 3897 7780 4027 7781 3897 7781 4023 7781 4022 7782 3897 7782 3892 7782 4026 7783 3897 7783 4027 7783 4027 7784 4023 7784 4024 7784 4028 7785 3945 7785 3946 7785 3950 7786 3945 7786 4029 7786 4030 7787 4029 7787 3945 7787 4028 7788 4030 7788 3945 7788 4031 7789 3946 7789 3936 7789 4031 7790 4028 7790 3946 7790 3933 7791 4029 7791 3936 7791 4032 7792 3936 7792 4029 7792 4031 7793 3936 7793 4032 7793 3933 7794 3950 7794 4029 7794 4032 7795 4029 7795 4030 7795 4033 7796 3953 7796 3954 7796 3958 7797 3953 7797 4034 7797 4035 7798 4034 7798 3953 7798 4033 7799 4035 7799 3953 7799 4036 7800 3954 7800 3950 7800 4036 7801 4033 7801 3954 7801 3933 7802 4034 7802 3950 7802 4037 7803 3950 7803 4034 7803 4036 7804 3950 7804 4037 7804 3933 7805 3958 7805 4034 7805 4037 7806 4034 7806 4035 7806 4038 7807 3962 7807 3963 7807 3967 7808 3962 7808 4039 7808 4040 7809 4039 7809 3962 7809 4038 7810 4040 7810 3962 7810 4041 7811 3963 7811 3958 7811 4041 7812 4038 7812 3963 7812 3933 7813 4039 7813 3958 7813 4042 7814 3958 7814 4039 7814 4041 7815 3958 7815 4042 7815 3933 7816 3967 7816 4039 7816 4042 7817 4039 7817 4040 7817 4043 7818 3971 7818 3972 7818 3976 7819 3971 7819 4044 7819 4045 7820 4044 7820 3971 7820 4043 7821 4045 7821 3971 7821 4046 7822 3972 7822 3967 7822 4046 7823 4043 7823 3972 7823 3933 7824 4044 7824 3967 7824 4047 7825 3967 7825 4044 7825 4046 7826 3967 7826 4047 7826 3933 7827 3976 7827 4044 7827 4047 7828 4044 7828 4045 7828 4048 7829 3980 7829 3981 7829 3985 7830 3980 7830 4049 7830 4050 7831 4049 7831 3980 7831 4048 7832 4050 7832 3980 7832 4051 7833 3981 7833 3976 7833 4051 7834 4048 7834 3981 7834 3933 7835 4049 7835 3976 7835 4052 7836 3976 7836 4049 7836 4051 7837 3976 7837 4052 7837 3933 7838 3985 7838 4049 7838 4052 7839 4049 7839 4050 7839 4053 7840 3989 7840 3990 7840 3994 7841 3989 7841 4054 7841 4055 7842 4054 7842 3989 7842 4053 7843 4055 7843 3989 7843 4056 7844 3990 7844 3985 7844 4056 7845 4053 7845 3990 7845 3933 7846 4054 7846 3985 7846 4057 7847 3985 7847 4054 7847 4056 7848 3985 7848 4057 7848 3933 7849 3994 7849 4054 7849 4057 7850 4054 7850 4055 7850 4058 7851 3998 7851 3999 7851 3884 7852 3998 7852 4059 7852 4060 7853 4059 7853 3998 7853 4058 7854 4060 7854 3998 7854 4061 7855 3999 7855 3994 7855 4061 7856 4058 7856 3999 7856 3933 7857 4059 7857 3994 7857 4062 7858 3994 7858 4059 7858 4061 7859 3994 7859 4062 7859 3933 7860 3884 7860 4059 7860 4062 7861 4059 7861 4060 7861 4063 7862 3889 7862 3898 7862 4008 7863 3889 7863 4064 7863 4065 7864 4064 7864 3889 7864 4063 7865 4065 7865 3889 7865 4066 7866 3898 7866 3884 7866 4066 7867 4063 7867 3898 7867 3933 7868 4064 7868 3884 7868 4067 7869 3884 7869 4064 7869 4066 7870 3884 7870 4067 7870 4068 7871 4008 7871 4064 7871 3933 7872 4068 7872 4064 7872 4067 7873 4064 7873 4065 7873 4069 7874 3887 7874 4011 7874 4015 7875 3887 7875 4070 7875 4071 7876 4070 7876 3887 7876 4069 7877 4071 7877 3887 7877 4072 7878 4011 7878 4008 7878 4072 7879 4069 7879 4011 7879 4068 7880 4070 7880 4008 7880 4073 7881 4008 7881 4070 7881 4072 7882 4008 7882 4073 7882 4068 7883 4015 7883 4070 7883 4073 7884 4070 7884 4071 7884 4074 7885 3892 7885 4018 7885 4068 7886 3892 7886 4075 7886 4076 7887 4075 7887 3892 7887 4068 7888 4022 7888 3892 7888 4074 7889 4076 7889 3892 7889 4077 7890 4018 7890 4015 7890 4077 7891 4074 7891 4018 7891 4068 7892 4075 7892 4015 7892 4078 7893 4015 7893 4075 7893 4077 7894 4015 7894 4078 7894 4078 7895 4075 7895 4076 7895 4079 7896 3896 7896 4025 7896 4068 7897 3896 7897 4080 7897 4081 7898 4080 7898 3896 7898 3899 7899 3896 7899 4068 7899 4079 7900 4081 7900 3896 7900 4082 7901 4025 7901 4022 7901 4082 7902 4079 7902 4025 7902 4068 7903 4080 7903 4022 7903 4083 7904 4022 7904 4080 7904 4082 7905 4022 7905 4083 7905 4083 7906 4080 7906 4081 7906 1759 7907 4068 7907 3933 7907 1315 7908 3899 7908 4068 7908 1315 7909 4068 7909 1759 7909 4084 7910 3933 7910 3929 7910 1759 7911 3933 7911 4084 7911 4085 7912 3929 7912 3907 7912 4084 7913 3929 7913 4085 7913 3908 7914 4086 7914 3907 7914 4087 7915 3907 7915 4086 7915 4085 7916 3907 7916 4087 7916 3900 7917 3899 7917 4086 7917 1322 7918 4086 7918 3899 7918 4088 7919 3900 7919 4086 7919 4089 7920 4088 7920 4086 7920 4090 7921 4089 7921 4086 7921 3908 7922 4090 7922 4086 7922 1322 7923 4087 7923 4086 7923 1322 7924 3899 7924 1315 7924 4091 7925 4092 7925 3916 7925 2532 7926 3916 7926 4092 7926 4093 7927 3909 7927 3916 7927 3914 7928 4091 7928 3916 7928 4093 7929 3916 7929 2532 7929 4094 7930 3920 7930 4092 7930 2523 7931 4092 7931 3920 7931 4091 7932 4094 7932 4092 7932 2532 7933 4092 7933 2523 7933 2522 7934 3920 7934 3909 7934 4094 7935 3921 7935 3920 7935 2523 7936 3920 7936 2522 7936 4093 7937 2522 7937 3909 7937 3939 7938 3937 7938 4095 7938 1441 7939 4095 7939 3937 7939 4096 7940 4095 7940 4097 7940 1441 7941 4097 7941 4095 7941 4096 7942 3939 7942 4095 7942 1442 7943 3937 7943 3857 7943 1441 7944 3937 7944 1442 7944 4098 7945 3857 7945 3858 7945 1442 7946 3857 7946 4098 7946 4099 7947 3858 7947 3859 7947 4098 7948 3858 7948 4099 7948 4100 7949 3859 7949 3860 7949 4099 7950 3859 7950 4101 7950 4100 7951 4101 7951 3859 7951 4100 7952 3860 7952 3850 7952 4102 7953 3850 7953 3853 7953 4100 7954 3850 7954 4102 7954 4103 7955 4104 7955 3853 7955 1418 7956 3853 7956 4104 7956 3854 7957 4103 7957 3853 7957 4102 7958 3853 7958 1418 7958 4103 7959 4097 7959 4104 7959 1409 7960 4104 7960 4097 7960 1418 7961 4104 7961 1409 7961 4103 7962 4096 7962 4097 7962 1411 7963 4097 7963 1441 7963 1409 7964 4097 7964 1411 7964 4105 7965 3919 7965 3921 7965 4106 7966 3923 7966 3919 7966 4105 7967 4106 7967 3919 7967 4107 7968 3921 7968 4094 7968 4108 7969 4105 7969 3921 7969 4108 7970 3921 7970 4107 7970 4109 7971 4094 7971 4091 7971 4107 7972 4094 7972 4109 7972 4109 7973 4091 7973 3914 7973 4110 7974 3914 7974 3922 7974 4109 7975 3914 7975 4110 7975 4111 7976 3922 7976 3924 7976 4112 7977 4110 7977 3922 7977 4111 7978 4112 7978 3922 7978 4106 7979 3924 7979 3923 7979 4106 7980 4111 7980 3924 7980 4113 7981 3939 7981 4096 7981 4114 7982 3940 7982 3939 7982 4113 7983 4114 7983 3939 7983 4115 7984 4096 7984 4103 7984 4116 7985 4113 7985 4096 7985 4116 7986 4096 7986 4115 7986 4117 7987 4103 7987 3854 7987 4115 7988 4103 7988 4117 7988 4117 7989 3854 7989 3846 7989 4118 7990 3846 7990 3848 7990 4117 7991 3846 7991 4118 7991 4119 7992 3848 7992 3941 7992 4120 7993 4118 7993 3848 7993 4119 7994 4120 7994 3848 7994 4114 7995 3941 7995 3940 7995 4114 7996 4119 7996 3941 7996 4121 7997 3882 7997 3901 7997 4122 7998 3902 7998 3882 7998 4122 7999 3882 7999 4121 7999 4123 8000 3901 8000 3900 8000 4123 8001 4121 8001 3901 8001 4124 8002 3900 8002 4088 8002 4123 8003 3900 8003 4124 8003 4124 8004 4088 8004 4089 8004 4125 8005 4089 8005 4090 8005 4124 8006 4089 8006 4125 8006 4126 8007 4090 8007 3908 8007 4125 8008 4090 8008 4126 8008 4122 8009 3908 8009 3902 8009 4126 8010 3908 8010 4122 8010 1417 8011 1416 8011 3852 8011 4100 8012 1417 8012 3863 8012 4102 8013 1418 8013 1417 8013 4100 8014 4102 8014 1417 8014 3935 8015 3863 8015 1758 8015 4099 8016 4101 8016 3863 8016 4100 8017 3863 8017 4101 8017 4098 8018 4099 8018 3863 8018 3938 8019 4098 8019 3863 8019 3935 8020 3938 8020 3863 8020 3935 8021 1758 8021 1759 8021 3926 8022 1321 8022 3911 8022 1322 8023 1321 8023 4087 8023 3926 8024 4087 8024 1321 8024 3925 8025 3911 8025 3918 8025 3927 8026 3926 8026 3911 8026 3925 8027 3927 8027 3911 8027 2522 8028 3918 8028 2527 8028 4093 8029 3918 8029 2522 8029 4093 8030 2532 8030 3918 8030 2533 8031 3918 8031 2532 8031 2533 8032 3925 8032 3918 8032 3932 8033 4085 8033 4087 8033 3926 8034 3932 8034 4087 8034 3931 8035 4084 8035 4085 8035 3932 8036 3931 8036 4085 8036 3935 8037 1759 8037 4084 8037 3931 8038 3935 8038 4084 8038 1439 8039 1442 8039 4098 8039 3938 8040 1439 8040 4098 8040 3948 8041 3944 8041 3942 8041 3947 8042 3948 8042 3942 8042 3956 8043 3952 8043 3949 8043 3955 8044 3956 8044 3949 8044 3965 8045 3960 8045 3957 8045 3964 8046 3965 8046 3957 8046 3974 8047 3969 8047 3966 8047 3973 8048 3974 8048 3966 8048 3983 8049 3978 8049 3975 8049 3982 8050 3983 8050 3975 8050 3992 8051 3987 8051 3984 8051 3991 8052 3992 8052 3984 8052 4001 8053 3996 8053 3993 8053 4000 8054 4001 8054 3993 8054 4006 8055 4004 8055 4002 8055 4005 8056 4006 8056 4002 8056 4013 8057 4010 8057 4007 8057 4012 8058 4013 8058 4007 8058 4020 8059 4017 8059 4014 8059 4019 8060 4020 8060 4014 8060 4027 8061 4024 8061 4021 8061 4026 8062 4027 8062 4021 8062 4032 8063 4030 8063 4028 8063 4031 8064 4032 8064 4028 8064 4037 8065 4035 8065 4033 8065 4036 8066 4037 8066 4033 8066 4042 8067 4040 8067 4038 8067 4041 8068 4042 8068 4038 8068 4047 8069 4045 8069 4043 8069 4046 8070 4047 8070 4043 8070 4052 8071 4050 8071 4048 8071 4051 8072 4052 8072 4048 8072 4057 8073 4055 8073 4053 8073 4056 8074 4057 8074 4053 8074 4062 8075 4060 8075 4058 8075 4061 8076 4062 8076 4058 8076 4067 8077 4065 8077 4063 8077 4066 8078 4067 8078 4063 8078 4073 8079 4071 8079 4069 8079 4072 8080 4073 8080 4069 8080 4078 8081 4076 8081 4074 8081 4077 8082 4078 8082 4074 8082 4083 8083 4081 8083 4079 8083 4082 8084 4083 8084 4079 8084 4127 8085 4110 8085 4112 8085 4128 8086 4110 8086 4127 8086 4109 8087 4110 8087 4128 8087 4129 8088 4112 8088 4111 8088 4130 8089 4131 8089 4112 8089 4127 8090 4112 8090 4131 8090 4129 8091 4130 8091 4112 8091 4132 8092 4111 8092 4106 8092 4132 8093 4129 8093 4111 8093 4132 8094 4106 8094 4105 8094 4133 8095 4132 8095 4105 8095 4108 8096 4133 8096 4105 8096 4134 8097 4131 8097 4130 8097 4128 8098 4127 8098 4131 8098 4135 8099 4128 8099 4131 8099 4134 8100 4135 8100 4131 8100 4136 8101 4130 8101 4129 8101 4137 8102 4134 8102 4130 8102 4136 8103 4137 8103 4130 8103 4138 8104 4129 8104 4132 8104 4138 8105 4136 8105 4129 8105 4133 8106 4139 8106 4132 8106 4140 8107 4132 8107 4139 8107 4140 8108 4138 8108 4132 8108 4108 8109 4139 8109 4133 8109 4141 8110 4139 8110 4142 8110 4108 8111 4142 8111 4139 8111 4140 8112 4139 8112 4141 8112 4143 8113 4144 8113 4128 8113 4107 8114 4128 8114 4144 8114 4135 8115 4143 8115 4128 8115 4107 8116 4109 8116 4128 8116 4145 8117 4142 8117 4144 8117 4108 8118 4144 8118 4142 8118 4143 8119 4145 8119 4144 8119 4108 8120 4107 8120 4144 8120 4146 8121 4141 8121 4142 8121 4145 8122 4146 8122 4142 8122 4147 8123 4141 8123 4146 8123 4148 8124 4140 8124 4141 8124 4147 8125 4148 8125 4141 8125 4149 8126 4146 8126 4145 8126 4149 8127 4147 8127 4146 8127 4150 8128 4145 8128 4143 8128 4149 8129 4145 8129 4150 8129 4135 8130 4151 8130 4143 8130 4152 8131 4143 8131 4151 8131 4150 8132 4143 8132 4152 8132 4153 8133 4151 8133 4135 8133 4152 8134 4151 8134 4153 8134 4154 8135 4135 8135 4134 8135 4153 8136 4135 8136 4154 8136 4155 8137 4134 8137 4137 8137 4154 8138 4134 8138 4155 8138 4156 8139 4137 8139 4136 8139 4155 8140 4137 8140 4156 8140 4157 8141 4136 8141 4138 8141 4156 8142 4136 8142 4157 8142 4140 8143 4158 8143 4138 8143 4159 8144 4138 8144 4158 8144 4157 8145 4138 8145 4159 8145 4160 8146 4158 8146 4140 8146 4159 8147 4158 8147 4160 8147 4160 8148 4140 8148 4148 8148 4160 8149 4148 8149 4147 8149 4156 8150 4160 8150 4147 8150 4155 8151 4156 8151 4147 8151 4149 8152 4155 8152 4147 8152 4157 8153 4159 8153 4160 8153 4156 8154 4157 8154 4160 8154 4153 8155 4154 8155 4155 8155 4149 8156 4153 8156 4155 8156 4150 8157 4152 8157 4153 8157 4149 8158 4150 8158 4153 8158 4161 8159 4118 8159 4120 8159 4162 8160 4118 8160 4161 8160 4117 8161 4118 8161 4162 8161 4163 8162 4120 8162 4119 8162 4164 8163 4165 8163 4120 8163 4161 8164 4120 8164 4165 8164 4163 8165 4164 8165 4120 8165 4166 8166 4119 8166 4114 8166 4166 8167 4163 8167 4119 8167 4166 8168 4114 8168 4113 8168 4167 8169 4166 8169 4113 8169 4116 8170 4167 8170 4113 8170 4168 8171 4165 8171 4164 8171 4162 8172 4161 8172 4165 8172 4169 8173 4162 8173 4165 8173 4168 8174 4169 8174 4165 8174 4170 8175 4164 8175 4163 8175 4171 8176 4168 8176 4164 8176 4170 8177 4171 8177 4164 8177 4172 8178 4163 8178 4166 8178 4172 8179 4170 8179 4163 8179 4167 8180 4173 8180 4166 8180 4174 8181 4166 8181 4173 8181 4174 8182 4172 8182 4166 8182 4116 8183 4173 8183 4167 8183 4175 8184 4173 8184 4176 8184 4116 8185 4176 8185 4173 8185 4174 8186 4173 8186 4175 8186 4177 8187 4178 8187 4162 8187 4115 8188 4162 8188 4178 8188 4169 8189 4177 8189 4162 8189 4115 8190 4117 8190 4162 8190 4179 8191 4176 8191 4178 8191 4116 8192 4178 8192 4176 8192 4177 8193 4179 8193 4178 8193 4116 8194 4115 8194 4178 8194 4180 8195 4175 8195 4176 8195 4179 8196 4180 8196 4176 8196 4181 8197 4175 8197 4180 8197 4182 8198 4174 8198 4175 8198 4181 8199 4182 8199 4175 8199 4183 8200 4180 8200 4179 8200 4183 8201 4181 8201 4180 8201 4184 8202 4179 8202 4177 8202 4183 8203 4179 8203 4184 8203 4169 8204 4185 8204 4177 8204 4186 8205 4177 8205 4185 8205 4184 8206 4177 8206 4186 8206 4187 8207 4185 8207 4169 8207 4186 8208 4185 8208 4187 8208 4188 8209 4169 8209 4168 8209 4187 8210 4169 8210 4188 8210 4189 8211 4168 8211 4171 8211 4188 8212 4168 8212 4189 8212 4190 8213 4171 8213 4170 8213 4189 8214 4171 8214 4190 8214 4191 8215 4170 8215 4172 8215 4190 8216 4170 8216 4191 8216 4174 8217 4192 8217 4172 8217 4193 8218 4172 8218 4192 8218 4191 8219 4172 8219 4193 8219 4194 8220 4192 8220 4174 8220 4193 8221 4192 8221 4194 8221 4194 8222 4174 8222 4182 8222 4194 8223 4182 8223 4181 8223 4190 8224 4194 8224 4181 8224 4189 8225 4190 8225 4181 8225 4183 8226 4189 8226 4181 8226 4191 8227 4193 8227 4194 8227 4190 8228 4191 8228 4194 8228 4187 8229 4188 8229 4189 8229 4183 8230 4187 8230 4189 8230 4184 8231 4186 8231 4187 8231 4183 8232 4184 8232 4187 8232 4195 8233 4196 8233 4197 8233 4198 8234 4197 8234 4196 8234 4199 8235 4197 8235 4200 8235 4201 8236 4200 8236 4197 8236 4195 8237 4197 8237 4199 8237 4201 8238 4197 8238 4198 8238 4202 8239 4203 8239 4196 8239 4204 8240 4196 8240 4203 8240 4195 8241 4202 8241 4196 8241 4204 8242 4198 8242 4196 8242 4205 8243 4206 8243 4203 8243 4207 8244 4203 8244 4206 8244 4208 8245 4205 8245 4203 8245 4202 8246 4208 8246 4203 8246 4207 8247 4204 8247 4203 8247 4209 8248 4210 8248 4206 8248 4211 8249 4206 8249 4210 8249 4205 8250 4209 8250 4206 8250 4207 8251 4206 8251 4211 8251 4212 8252 4200 8252 4210 8252 4213 8253 4210 8253 4200 8253 4209 8254 4212 8254 4210 8254 4213 8255 4211 8255 4210 8255 4214 8256 4199 8256 4200 8256 4212 8257 4214 8257 4200 8257 4201 8258 4213 8258 4200 8258 4215 8259 4199 8259 4214 8259 4216 8260 4195 8260 4199 8260 4216 8261 4199 8261 4215 8261 4217 8262 4214 8262 4212 8262 4215 8263 4214 8263 4217 8263 4218 8264 4212 8264 4209 8264 4217 8265 4212 8265 4218 8265 4219 8266 4209 8266 4205 8266 4218 8267 4209 8267 4219 8267 4220 8268 4205 8268 4208 8268 4219 8269 4205 8269 4220 8269 4221 8270 4208 8270 4202 8270 4221 8271 4220 8271 4208 8271 4222 8272 4202 8272 4195 8272 4221 8273 4202 8273 4222 8273 4222 8274 4195 8274 4216 8274 4123 8275 4207 8275 4211 8275 4121 8276 4211 8276 4213 8276 4123 8277 4211 8277 4121 8277 4125 8278 4198 8278 4204 8278 4126 8279 4201 8279 4198 8279 4125 8280 4126 8280 4198 8280 4124 8281 4204 8281 4207 8281 4124 8282 4125 8282 4204 8282 4123 8283 4124 8283 4207 8283 4122 8284 4213 8284 4201 8284 4122 8285 4121 8285 4213 8285 4126 8286 4122 8286 4201 8286 4223 8287 1775 8287 1776 8287 4224 8288 1779 8288 1775 8288 4225 8289 1775 8289 4223 8289 4224 8290 1775 8290 4225 8290 4226 8291 1776 8291 1764 8291 4227 8292 4223 8292 1776 8292 4226 8293 4227 8293 1776 8293 4228 8294 1764 8294 1779 8294 4229 8295 4226 8295 1764 8295 4228 8296 4229 8296 1764 8296 4230 8297 4228 8297 1779 8297 4230 8298 1779 8298 4224 8298 4231 8299 4223 8299 4227 8299 4232 8300 4223 8300 4231 8300 4232 8301 4225 8301 4223 8301 4233 8302 4227 8302 4226 8302 4233 8303 4231 8303 4227 8303 4234 8304 4226 8304 4229 8304 4234 8305 4233 8305 4226 8305 4235 8306 4229 8306 4228 8306 4235 8307 4234 8307 4229 8307 4235 8308 4228 8308 4236 8308 4230 8309 4236 8309 4228 8309 4237 8310 4235 8310 4236 8310 4237 8311 4236 8311 4230 8311 4232 8312 4231 8312 4233 8312 4238 8313 4233 8313 4234 8313 4238 8314 4232 8314 4233 8314 4239 8315 4234 8315 4235 8315 4238 8316 4234 8316 4239 8316 4240 8317 4235 8317 4237 8317 4240 8318 4239 8318 4235 8318 4241 8319 4224 8319 4225 8319 4232 8320 4241 8320 4225 8320 4237 8321 4230 8321 4224 8321 4241 8322 4237 8322 4224 8322 4240 8323 4237 8323 4241 8323 4242 8324 4241 8324 4232 8324 4242 8325 4240 8325 4241 8325 4238 8326 4242 8326 4232 8326 4243 8327 4219 8327 4220 8327 4244 8328 4220 8328 4221 8328 4244 8329 4243 8329 4220 8329 4245 8330 4218 8330 4219 8330 4243 8331 4245 8331 4219 8331 4245 8332 4217 8332 4218 8332 4246 8333 4215 8333 4217 8333 4247 8334 4217 8334 4245 8334 4247 8335 4246 8335 4217 8335 4248 8336 4216 8336 4215 8336 4246 8337 4248 8337 4215 8337 4249 8338 4222 8338 4216 8338 4248 8339 4249 8339 4216 8339 4249 8340 4221 8340 4222 8340 4250 8341 4244 8341 4221 8341 4249 8342 4250 8342 4221 8342 4251 8343 4245 8343 4243 8343 4252 8344 4247 8344 4245 8344 4251 8345 4252 8345 4245 8345 4253 8346 4243 8346 4244 8346 4254 8347 4251 8347 4243 8347 4254 8348 4243 8348 4253 8348 4255 8349 4244 8349 4250 8349 4253 8350 4244 8350 4255 8350 4255 8351 4250 8351 4249 8351 4256 8352 4249 8352 4248 8352 4255 8353 4249 8353 4256 8353 4257 8354 4248 8354 4246 8354 4258 8355 4256 8355 4248 8355 4257 8356 4258 8356 4248 8356 4252 8357 4246 8357 4247 8357 4252 8358 4257 8358 4246 8358 4259 8359 4256 8359 4258 8359 4260 8360 4256 8360 4259 8360 4255 8361 4256 8361 4260 8361 4261 8362 4258 8362 4257 8362 4262 8363 4263 8363 4258 8363 4259 8364 4258 8364 4263 8364 4261 8365 4262 8365 4258 8365 4264 8366 4257 8366 4252 8366 4264 8367 4261 8367 4257 8367 4264 8368 4252 8368 4251 8368 4265 8369 4264 8369 4251 8369 4254 8370 4265 8370 4251 8370 4266 8371 4263 8371 4262 8371 4260 8372 4259 8372 4263 8372 4267 8373 4260 8373 4263 8373 4266 8374 4267 8374 4263 8374 4268 8375 4262 8375 4261 8375 4269 8376 4266 8376 4262 8376 4268 8377 4269 8377 4262 8377 4270 8378 4261 8378 4264 8378 4270 8379 4268 8379 4261 8379 4265 8380 4271 8380 4264 8380 4272 8381 4264 8381 4271 8381 4272 8382 4270 8382 4264 8382 4254 8383 4271 8383 4265 8383 4273 8384 4271 8384 4274 8384 4254 8385 4274 8385 4271 8385 4272 8386 4271 8386 4273 8386 4275 8387 4276 8387 4260 8387 4253 8388 4260 8388 4276 8388 4267 8389 4275 8389 4260 8389 4253 8390 4255 8390 4260 8390 4277 8391 4274 8391 4276 8391 4254 8392 4276 8392 4274 8392 4275 8393 4277 8393 4276 8393 4254 8394 4253 8394 4276 8394 4278 8395 4273 8395 4274 8395 4277 8396 4278 8396 4274 8396 4279 8397 4273 8397 4278 8397 4280 8398 4272 8398 4273 8398 4279 8399 4280 8399 4273 8399 4281 8400 4278 8400 4277 8400 4281 8401 4279 8401 4278 8401 4282 8402 4277 8402 4275 8402 4281 8403 4277 8403 4282 8403 4267 8404 4283 8404 4275 8404 4284 8405 4275 8405 4283 8405 4282 8406 4275 8406 4284 8406 4285 8407 4283 8407 4267 8407 4284 8408 4283 8408 4285 8408 4286 8409 4267 8409 4266 8409 4285 8410 4267 8410 4286 8410 4287 8411 4266 8411 4269 8411 4286 8412 4266 8412 4287 8412 4288 8413 4269 8413 4268 8413 4287 8414 4269 8414 4288 8414 4289 8415 4268 8415 4270 8415 4288 8416 4268 8416 4289 8416 4272 8417 4290 8417 4270 8417 4291 8418 4270 8418 4290 8418 4289 8419 4270 8419 4291 8419 4292 8420 4290 8420 4272 8420 4291 8421 4290 8421 4292 8421 4292 8422 4272 8422 4280 8422 4293 8423 4239 8423 4240 8423 4294 8424 4238 8424 4239 8424 4293 8425 4294 8425 4239 8425 4295 8426 4240 8426 4242 8426 4293 8427 4240 8427 4296 8427 4295 8428 4296 8428 4240 8428 4297 8429 4242 8429 4238 8429 4295 8430 4242 8430 4297 8430 4298 8431 4297 8431 4238 8431 4294 8432 4298 8432 4238 8432 4295 8433 4297 8433 4298 8433 4299 8434 4298 8434 4294 8434 4300 8435 4295 8435 4298 8435 4299 8436 4300 8436 4298 8436 4293 8437 4296 8437 4294 8437 4301 8438 4294 8438 4296 8438 4301 8439 4299 8439 4294 8439 4302 8440 4296 8440 4295 8440 4301 8441 4296 8441 4302 8441 4300 8442 4302 8442 4295 8442 4301 8443 4302 8443 4300 8443 4301 8444 4300 8444 4299 8444 4292 8445 4280 8445 4279 8445 4288 8446 4292 8446 4279 8446 4287 8447 4288 8447 4279 8447 4281 8448 4287 8448 4279 8448 4289 8449 4291 8449 4292 8449 4288 8450 4289 8450 4292 8450 4285 8451 4286 8451 4287 8451 4281 8452 4285 8452 4287 8452 4282 8453 4284 8453 4285 8453 4281 8454 4282 8454 4285 8454 4303 8455 4304 8455 4305 8455 4306 8456 4305 8456 4304 8456 4307 8457 4303 8457 4305 8457 4308 8458 4305 8458 4309 8458 4310 8459 4309 8459 4305 8459 4308 8460 4307 8460 4305 8460 4306 8461 4310 8461 4305 8461 4303 8462 4311 8462 4304 8462 4306 8463 4304 8463 4311 8463 4312 8464 4313 8464 4311 8464 4306 8465 4311 8465 4313 8465 4303 8466 4312 8466 4311 8466 4310 8467 4313 8467 4312 8467 4306 8468 4313 8468 4310 8468 4307 8469 4312 8469 4303 8469 4307 8470 4314 8470 4312 8470 4315 8471 4312 8471 4314 8471 4315 8472 4316 8472 4312 8472 4310 8473 4312 8473 4316 8473 4317 8474 4318 8474 4319 8474 4320 8475 4319 8475 4318 8475 4321 8476 4322 8476 4319 8476 4323 8477 4319 8477 4322 8477 4324 8478 4321 8478 4319 8478 4317 8479 4319 8479 4323 8479 4320 8480 4324 8480 4319 8480 4325 8481 4326 8481 4318 8481 4327 8482 4318 8482 4326 8482 4317 8483 4325 8483 4318 8483 4328 8484 4318 8484 4329 8484 4327 8485 4329 8485 4318 8485 4330 8486 4320 8486 4318 8486 4328 8487 4330 8487 4318 8487 4308 8488 4309 8488 4326 8488 4331 8489 4326 8489 4309 8489 4325 8490 4308 8490 4326 8490 4332 8491 4326 8491 4333 8491 4331 8492 4333 8492 4326 8492 4334 8493 4335 8493 4326 8493 4327 8494 4326 8494 4335 8494 4332 8495 4334 8495 4326 8495 4336 8496 4337 8496 4309 8496 4331 8497 4309 8497 4337 8497 4338 8498 4336 8498 4309 8498 4316 8499 4338 8499 4309 8499 4310 8500 4316 8500 4309 8500 4336 8501 4314 8501 4337 8501 4339 8502 4337 8502 4314 8502 4339 8503 4331 8503 4337 8503 4340 8504 4314 8504 4307 8504 4315 8505 4314 8505 4336 8505 4340 8506 4339 8506 4314 8506 4341 8507 4342 8507 4307 8507 4343 8508 4307 8508 4342 8508 4344 8509 4341 8509 4307 8509 4308 8510 4344 8510 4307 8510 4345 8511 4340 8511 4307 8511 4343 8512 4345 8512 4307 8512 4346 8513 4347 8513 4342 8513 4348 8514 4342 8514 4347 8514 4341 8515 4323 8515 4342 8515 4349 8516 4342 8516 4323 8516 4350 8517 4342 8517 4349 8517 4350 8518 4346 8518 4342 8518 4348 8519 4343 8519 4342 8519 4346 8520 4322 8520 4347 8520 4351 8521 4347 8521 4322 8521 4348 8522 4347 8522 4351 8522 4352 8523 4322 8523 4321 8523 4349 8524 4323 8524 4322 8524 4353 8525 4349 8525 4322 8525 4346 8526 4353 8526 4322 8526 4352 8527 4351 8527 4322 8527 4354 8528 4321 8528 4324 8528 4352 8529 4321 8529 4354 8529 4355 8530 4336 8530 4338 8530 4356 8531 4315 8531 4336 8531 4356 8532 4336 8532 4355 8532 4357 8533 4338 8533 4316 8533 4357 8534 4355 8534 4338 8534 4358 8535 4316 8535 4315 8535 4358 8536 4357 8536 4316 8536 4358 8537 4315 8537 4356 8537 4359 8538 4323 8538 4341 8538 4360 8539 4317 8539 4323 8539 4360 8540 4323 8540 4359 8540 4361 8541 4341 8541 4344 8541 4362 8542 4359 8542 4341 8542 4361 8543 4362 8543 4341 8543 4363 8544 4344 8544 4308 8544 4363 8545 4361 8545 4344 8545 4364 8546 4308 8546 4325 8546 4363 8547 4308 8547 4364 8547 4365 8548 4325 8548 4317 8548 4366 8549 4364 8549 4325 8549 4366 8550 4325 8550 4365 8550 4365 8551 4317 8551 4360 8551 4367 8552 4349 8552 4353 8552 4368 8553 4350 8553 4349 8553 4368 8554 4349 8554 4367 8554 4369 8555 4353 8555 4346 8555 4369 8556 4367 8556 4353 8556 4370 8557 4346 8557 4350 8557 4370 8558 4369 8558 4346 8558 4370 8559 4350 8559 4368 8559 4332 8560 4333 8560 4329 8560 4371 8561 4329 8561 4333 8561 4371 8562 4333 8562 4331 8562 4328 8563 4329 8563 4324 8563 4354 8564 4324 8564 4329 8564 4372 8565 4373 8565 4324 8565 4328 8566 4324 8566 4373 8566 4320 8567 4372 8567 4324 8567 4374 8568 4332 8568 4329 8568 4327 8569 4374 8569 4329 8569 4371 8570 4354 8570 4329 8570 4375 8571 4373 8571 4372 8571 4376 8572 4328 8572 4373 8572 4375 8573 4376 8573 4373 8573 4377 8574 4372 8574 4320 8574 4377 8575 4375 8575 4372 8575 4377 8576 4320 8576 4330 8576 4378 8577 4330 8577 4328 8577 4377 8578 4330 8578 4378 8578 4376 8579 4378 8579 4328 8579 4379 8580 4335 8580 4334 8580 4380 8581 4327 8581 4335 8581 4379 8582 4380 8582 4335 8582 4381 8583 4334 8583 4332 8583 4381 8584 4379 8584 4334 8584 4381 8585 4332 8585 4374 8585 4382 8586 4374 8586 4327 8586 4381 8587 4374 8587 4382 8587 4380 8588 4382 8588 4327 8588 4383 8589 4371 8589 4331 8589 4339 8590 4383 8590 4331 8590 4352 8591 4354 8591 4371 8591 4383 8592 4352 8592 4371 8592 4384 8593 4351 8593 4352 8593 4385 8594 4348 8594 4351 8594 4384 8595 4385 8595 4351 8595 4384 8596 4352 8596 4383 8596 4386 8597 4383 8597 4339 8597 4384 8598 4383 8598 4386 8598 4387 8599 4339 8599 4340 8599 4388 8600 4386 8600 4339 8600 4387 8601 4388 8601 4339 8601 4389 8602 4340 8602 4345 8602 4389 8603 4387 8603 4340 8603 4389 8604 4345 8604 4343 8604 4390 8605 4343 8605 4348 8605 4389 8606 4343 8606 4390 8606 4390 8607 4348 8607 4391 8607 4385 8608 4391 8608 4348 8608 4392 8609 4393 8609 4394 8609 4395 8610 4394 8610 4393 8610 4396 8611 4394 8611 4397 8611 4398 8612 4397 8612 4394 8612 4396 8613 4392 8613 4394 8613 4398 8614 4394 8614 4395 8614 4399 8615 4400 8615 4393 8615 4401 8616 4393 8616 4400 8616 4392 8617 4399 8617 4393 8617 4401 8618 4395 8618 4393 8618 4402 8619 4403 8619 4400 8619 4404 8620 4400 8620 4403 8620 4405 8621 4400 8621 4399 8621 4406 8622 4402 8622 4400 8622 4405 8623 4406 8623 4400 8623 4404 8624 4401 8624 4400 8624 4407 8625 4408 8625 4403 8625 4409 8626 4403 8626 4408 8626 4402 8627 4407 8627 4403 8627 4409 8628 4404 8628 4403 8628 4410 8629 4397 8629 4408 8629 4411 8630 4408 8630 4397 8630 4407 8631 4410 8631 4408 8631 4411 8632 4409 8632 4408 8632 4412 8633 4396 8633 4397 8633 4413 8634 4412 8634 4397 8634 4410 8635 4413 8635 4397 8635 4398 8636 4411 8636 4397 8636 4414 8637 4415 8637 4416 8637 4417 8638 4416 8638 4415 8638 4418 8639 4416 8639 4419 8639 4420 8640 4419 8640 4416 8640 4418 8641 4414 8641 4416 8641 4420 8642 4416 8642 4417 8642 4421 8643 4422 8643 4415 8643 4423 8644 4415 8644 4422 8644 4414 8645 4421 8645 4415 8645 4417 8646 4415 8646 4423 8646 4424 8647 4419 8647 4422 8647 4425 8648 4422 8648 4419 8648 4424 8649 4422 8649 4421 8649 4423 8650 4422 8650 4425 8650 4424 8651 4418 8651 4419 8651 4420 8652 4425 8652 4419 8652 4426 8653 4427 8653 4428 8653 4429 8654 4428 8654 4427 8654 4430 8655 4428 8655 4431 8655 4432 8656 4431 8656 4428 8656 4430 8657 4426 8657 4428 8657 4432 8658 4428 8658 4429 8658 4433 8659 4434 8659 4427 8659 4435 8660 4427 8660 4434 8660 4426 8661 4433 8661 4427 8661 4429 8662 4427 8662 4435 8662 4436 8663 4431 8663 4434 8663 4437 8664 4434 8664 4431 8664 4436 8665 4434 8665 4433 8665 4435 8666 4434 8666 4437 8666 4436 8667 4430 8667 4431 8667 4432 8668 4437 8668 4431 8668 4405 8669 4399 8669 4438 8669 4439 8670 4438 8670 4399 8670 4440 8671 4405 8671 4438 8671 4440 8672 4438 8672 4439 8672 4441 8673 4399 8673 4392 8673 4439 8674 4399 8674 4441 8674 4441 8675 4392 8675 4396 8675 4442 8676 4396 8676 4412 8676 4441 8677 4396 8677 4442 8677 4443 8678 4412 8678 4413 8678 4442 8679 4412 8679 4443 8679 4410 8680 4444 8680 4413 8680 4443 8681 4413 8681 4444 8681 4445 8682 4444 8682 4410 8682 4443 8683 4444 8683 4445 8683 4446 8684 4410 8684 4407 8684 4446 8685 4445 8685 4410 8685 4446 8686 4407 8686 4402 8686 4447 8687 4402 8687 4406 8687 4446 8688 4402 8688 4447 8688 4440 8689 4406 8689 4405 8689 4447 8690 4406 8690 4440 8690 4448 8691 4433 8691 4426 8691 4449 8692 4436 8692 4433 8692 4449 8693 4433 8693 4448 8693 4450 8694 4426 8694 4430 8694 4448 8695 4426 8695 4450 8695 4451 8696 4430 8696 4436 8696 4450 8697 4430 8697 4451 8697 4449 8698 4451 8698 4436 8698 4452 8699 4421 8699 4414 8699 4453 8700 4424 8700 4421 8700 4452 8701 4453 8701 4421 8701 4454 8702 4414 8702 4418 8702 4454 8703 4452 8703 4414 8703 4455 8704 4418 8704 4424 8704 4454 8705 4418 8705 4455 8705 4453 8706 4455 8706 4424 8706 4456 8707 4395 8707 4401 8707 4457 8708 4398 8708 4395 8708 4457 8709 4395 8709 4456 8709 4458 8710 4401 8710 4404 8710 4458 8711 4456 8711 4401 8711 4459 8712 4404 8712 4409 8712 4458 8713 4404 8713 4459 8713 4460 8714 4409 8714 4411 8714 4459 8715 4409 8715 4460 8715 4461 8716 4411 8716 4398 8716 4461 8717 4460 8717 4411 8717 4457 8718 4461 8718 4398 8718 4458 8719 4457 8719 4456 8719 4459 8720 4460 8720 4461 8720 4462 8721 4461 8721 4457 8721 4462 8722 4459 8722 4461 8722 4463 8723 4457 8723 4458 8723 4464 8724 4457 8724 4463 8724 4464 8725 4462 8725 4457 8725 4463 8726 4458 8726 4459 8726 4465 8727 4463 8727 4459 8727 4462 8728 4465 8728 4459 8728 4466 8729 4463 8729 4465 8729 4467 8730 4464 8730 4463 8730 4468 8731 4463 8731 4466 8731 4468 8732 4467 8732 4463 8732 4469 8733 4465 8733 4462 8733 4470 8734 4466 8734 4465 8734 4469 8735 4470 8735 4465 8735 4471 8736 4462 8736 4464 8736 4472 8737 4469 8737 4462 8737 4471 8738 4472 8738 4462 8738 4473 8739 4471 8739 4464 8739 4473 8740 4464 8740 4467 8740 4474 8741 4466 8741 4470 8741 4475 8742 4468 8742 4466 8742 4475 8743 4466 8743 4474 8743 4474 8744 4470 8744 4469 8744 4476 8745 4469 8745 4472 8745 4474 8746 4469 8746 4476 8746 4476 8747 4472 8747 4471 8747 4477 8748 4471 8748 4473 8748 4477 8749 4476 8749 4471 8749 4478 8750 4479 8750 4480 8750 4481 8751 4480 8751 4479 8751 4482 8752 4478 8752 4480 8752 4483 8753 4480 8753 4481 8753 4484 8754 4480 8754 4483 8754 4484 8755 4482 8755 4480 8755 4478 8756 4485 8756 4479 8756 4486 8757 4479 8757 4485 8757 4487 8758 4481 8758 4479 8758 4486 8759 4487 8759 4479 8759 4488 8760 4489 8760 4485 8760 4486 8761 4485 8761 4489 8761 4478 8762 4488 8762 4485 8762 4490 8763 4491 8763 4489 8763 4492 8764 4489 8764 4491 8764 4488 8765 4490 8765 4489 8765 4486 8766 4489 8766 4492 8766 4493 8767 4494 8767 4491 8767 4495 8768 4491 8768 4494 8768 4490 8769 4493 8769 4491 8769 4495 8770 4492 8770 4491 8770 4496 8771 4494 8771 4493 8771 4497 8772 4494 8772 4496 8772 4498 8773 4494 8773 4497 8773 4498 8774 4495 8774 4494 8774 4499 8775 4493 8775 4490 8775 4500 8776 4496 8776 4493 8776 4499 8777 4500 8777 4493 8777 4499 8778 4490 8778 4488 8778 4482 8779 4488 8779 4478 8779 4499 8780 4488 8780 4482 8780 4475 8781 4467 8781 4468 8781 4477 8782 4473 8782 4467 8782 4477 8783 4467 8783 4475 8783 4497 8784 4496 8784 4501 8784 4500 8785 4501 8785 4496 8785 4502 8786 4497 8786 4501 8786 4483 8787 4502 8787 4501 8787 4484 8788 4483 8788 4501 8788 4500 8789 4484 8789 4501 8789 4498 8790 4497 8790 4502 8790 4483 8791 4481 8791 4502 8791 4503 8792 4502 8792 4481 8792 4503 8793 4498 8793 4502 8793 4503 8794 4481 8794 4487 8794 4486 8795 4492 8795 4495 8795 4486 8796 4495 8796 4498 8796 4503 8797 4487 8797 4498 8797 4486 8798 4498 8798 4487 8798 4504 8799 4378 8799 4376 8799 4505 8800 4377 8800 4378 8800 4504 8801 4505 8801 4378 8801 4506 8802 4376 8802 4375 8802 4504 8803 4376 8803 4506 8803 4506 8804 4375 8804 4377 8804 4507 8805 4506 8805 4377 8805 4505 8806 4507 8806 4377 8806 4506 8807 4382 8807 4380 8807 4508 8808 4381 8808 4382 8808 4508 8809 4382 8809 4506 8809 4504 8810 4380 8810 4379 8810 4504 8811 4506 8811 4380 8811 4504 8812 4379 8812 4381 8812 4509 8813 4381 8813 4508 8813 4509 8814 4504 8814 4381 8814 4357 8815 4356 8815 4355 8815 4358 8816 4356 8816 4357 8816 4510 8817 4363 8817 4364 8817 4510 8818 4364 8818 4511 8818 4366 8819 4511 8819 4364 8819 4512 8820 4359 8820 4362 8820 4513 8821 4359 8821 4512 8821 4360 8822 4359 8822 4513 8822 4514 8823 4362 8823 4361 8823 4514 8824 4512 8824 4362 8824 4515 8825 4361 8825 4363 8825 4515 8826 4514 8826 4361 8826 4510 8827 4515 8827 4363 8827 4516 8828 4510 8828 4511 8828 4366 8829 4516 8829 4511 8829 4513 8830 4512 8830 4514 8830 4517 8831 4514 8831 4515 8831 4517 8832 4513 8832 4514 8832 4516 8833 4515 8833 4510 8833 4516 8834 4517 8834 4515 8834 4360 8835 4513 8835 4517 8835 4365 8836 4517 8836 4516 8836 4365 8837 4360 8837 4517 8837 4366 8838 4365 8838 4516 8838 4369 8839 4368 8839 4367 8839 4370 8840 4368 8840 4369 8840 4518 8841 4519 8841 4520 8841 4521 8842 4520 8842 4519 8842 4522 8843 4519 8843 4518 8843 4523 8844 4521 8844 4519 8844 4524 8845 4519 8845 4522 8845 4523 8846 4519 8846 4524 8846 4521 8847 4518 8847 4520 8847 4521 8848 4525 8848 4518 8848 4526 8849 4518 8849 4525 8849 4522 8850 4518 8850 4527 8850 4526 8851 4527 8851 4518 8851 4521 8852 4528 8852 4525 8852 4526 8853 4525 8853 4528 8853 4521 8854 4529 8854 4528 8854 4530 8855 4528 8855 4529 8855 4526 8856 4528 8856 4530 8856 4521 8857 4531 8857 4529 8857 4530 8858 4529 8858 4531 8858 4521 8859 4532 8859 4531 8859 4533 8860 4531 8860 4532 8860 4530 8861 4531 8861 4533 8861 4534 8862 4535 8862 4532 8862 4536 8863 4532 8863 4535 8863 4521 8864 4534 8864 4532 8864 4533 8865 4532 8865 4536 8865 4537 8866 4538 8866 4535 8866 4539 8867 4535 8867 4538 8867 4534 8868 4537 8868 4535 8868 4536 8869 4535 8869 4539 8869 4539 8870 4538 8870 4537 8870 4534 8871 4540 8871 4537 8871 4541 8872 4537 8872 4540 8872 4541 8873 4539 8873 4537 8873 4542 8874 4543 8874 4540 8874 4541 8875 4540 8875 4543 8875 4534 8876 4542 8876 4540 8876 4542 8877 4544 8877 4543 8877 4545 8878 4543 8878 4544 8878 4541 8879 4543 8879 4545 8879 4542 8880 4546 8880 4544 8880 4545 8881 4544 8881 4546 8881 4542 8882 4547 8882 4546 8882 4548 8883 4546 8883 4547 8883 4545 8884 4546 8884 4548 8884 4549 8885 4550 8885 4547 8885 4551 8886 4547 8886 4550 8886 4542 8887 4549 8887 4547 8887 4548 8888 4547 8888 4551 8888 4552 8889 4553 8889 4550 8889 4554 8890 4550 8890 4553 8890 4549 8891 4552 8891 4550 8891 4551 8892 4550 8892 4554 8892 4554 8893 4553 8893 4552 8893 4549 8894 4555 8894 4552 8894 4556 8895 4552 8895 4555 8895 4554 8896 4552 8896 4556 8896 4557 8897 4558 8897 4555 8897 4556 8898 4555 8898 4558 8898 4549 8899 4557 8899 4555 8899 4559 8900 4558 8900 4557 8900 4560 8901 4558 8901 4559 8901 4556 8902 4558 8902 4560 8902 4559 8903 4557 8903 4549 8903 4561 8904 4549 8904 4542 8904 4562 8905 4559 8905 4549 8905 4561 8906 4562 8906 4549 8906 4563 8907 4542 8907 4534 8907 4561 8908 4542 8908 4564 8908 4563 8909 4564 8909 4542 8909 4565 8910 4534 8910 4521 8910 4565 8911 4563 8911 4534 8911 4523 8912 4565 8912 4521 8912 4559 8913 4566 8913 4567 8913 4568 8914 4567 8914 4566 8914 4560 8915 4559 8915 4567 8915 4556 8916 4560 8916 4567 8916 4568 8917 4556 8917 4567 8917 4559 8918 4569 8918 4566 8918 4568 8919 4566 8919 4569 8919 4559 8920 4570 8920 4569 8920 4571 8921 4569 8921 4570 8921 4571 8922 4568 8922 4569 8922 4559 8923 4572 8923 4570 8923 4573 8924 4570 8924 4572 8924 4571 8925 4570 8925 4573 8925 4559 8926 4574 8926 4572 8926 4575 8927 4572 8927 4574 8927 4573 8928 4572 8928 4575 8928 4559 8929 4576 8929 4574 8929 4575 8930 4574 8930 4576 8930 4577 8931 4578 8931 4576 8931 4579 8932 4576 8932 4578 8932 4559 8933 4577 8933 4576 8933 4575 8934 4576 8934 4579 8934 4577 8935 4580 8935 4578 8935 4579 8936 4578 8936 4580 8936 4581 8937 4582 8937 4580 8937 4583 8938 4580 8938 4582 8938 4577 8939 4581 8939 4580 8939 4579 8940 4580 8940 4583 8940 4584 8941 4585 8941 4582 8941 4583 8942 4582 8942 4585 8942 4581 8943 4584 8943 4582 8943 4584 8944 4586 8944 4585 8944 4587 8945 4585 8945 4586 8945 4583 8946 4585 8946 4587 8946 4588 8947 4586 8947 4584 8947 4587 8948 4586 8948 4588 8948 4589 8949 4584 8949 4581 8949 4588 8950 4584 8950 4589 8950 4577 8951 4590 8951 4581 8951 4589 8952 4581 8952 4590 8952 4522 8953 4527 8953 4590 8953 4526 8954 4590 8954 4527 8954 4577 8955 4522 8955 4590 8955 4589 8956 4590 8956 4526 8956 4591 8957 4522 8957 4577 8957 4592 8958 4524 8958 4522 8958 4591 8959 4592 8959 4522 8959 4593 8960 4577 8960 4559 8960 4593 8961 4591 8961 4577 8961 4562 8962 4593 8962 4559 8962 4571 8963 4556 8963 4568 8963 4554 8964 4556 8964 4571 8964 4588 8965 4536 8965 4539 8965 4587 8966 4588 8966 4539 8966 4545 8967 4587 8967 4539 8967 4541 8968 4545 8968 4539 8968 4589 8969 4533 8969 4536 8969 4588 8970 4589 8970 4536 8970 4526 8971 4530 8971 4533 8971 4589 8972 4526 8972 4533 8972 4545 8973 4583 8973 4587 8973 4575 8974 4579 8974 4583 8974 4548 8975 4575 8975 4583 8975 4545 8976 4548 8976 4583 8976 4551 8977 4573 8977 4575 8977 4548 8978 4551 8978 4575 8978 4554 8979 4571 8979 4573 8979 4551 8980 4554 8980 4573 8980 4523 8981 4524 8981 4592 8981 4594 8982 4592 8982 4591 8982 4595 8983 4523 8983 4592 8983 4594 8984 4595 8984 4592 8984 4596 8985 4591 8985 4593 8985 4596 8986 4594 8986 4591 8986 4597 8987 4593 8987 4562 8987 4596 8988 4593 8988 4597 8988 4561 8989 4564 8989 4562 8989 4598 8990 4562 8990 4564 8990 4598 8991 4597 8991 4562 8991 4599 8992 4564 8992 4563 8992 4599 8993 4598 8993 4564 8993 4600 8994 4563 8994 4565 8994 4600 8995 4599 8995 4563 8995 4601 8996 4565 8996 4523 8996 4600 8997 4565 8997 4601 8997 4595 8998 4601 8998 4523 8998 4595 8999 4600 8999 4601 8999 4596 9000 4597 9000 4598 9000 4417 9001 4598 9001 4599 9001 4417 9002 4596 9002 4598 9002 4420 9003 4599 9003 4600 9003 4420 9004 4417 9004 4599 9004 4425 9005 4600 9005 4595 9005 4420 9006 4600 9006 4425 9006 4425 9007 4595 9007 4594 9007 4423 9008 4594 9008 4596 9008 4423 9009 4425 9009 4594 9009 4417 9010 4423 9010 4596 9010 4602 9011 4603 9011 4604 9011 4605 9012 4604 9012 4603 9012 4606 9013 4603 9013 4602 9013 4607 9014 4605 9014 4603 9014 4608 9015 4603 9015 4606 9015 4607 9016 4603 9016 4608 9016 4605 9017 4602 9017 4604 9017 4605 9018 4609 9018 4602 9018 4610 9019 4602 9019 4609 9019 4606 9020 4602 9020 4611 9020 4610 9021 4611 9021 4602 9021 4605 9022 4612 9022 4609 9022 4610 9023 4609 9023 4612 9023 4605 9024 4613 9024 4612 9024 4614 9025 4612 9025 4613 9025 4610 9026 4612 9026 4614 9026 4605 9027 4615 9027 4613 9027 4614 9028 4613 9028 4615 9028 4605 9029 4616 9029 4615 9029 4617 9030 4615 9030 4616 9030 4614 9031 4615 9031 4617 9031 4618 9032 4619 9032 4616 9032 4620 9033 4616 9033 4619 9033 4605 9034 4618 9034 4616 9034 4617 9035 4616 9035 4620 9035 4621 9036 4622 9036 4619 9036 4623 9037 4619 9037 4622 9037 4618 9038 4621 9038 4619 9038 4620 9039 4619 9039 4623 9039 4623 9040 4622 9040 4621 9040 4618 9041 4624 9041 4621 9041 4625 9042 4621 9042 4624 9042 4625 9043 4623 9043 4621 9043 4626 9044 4627 9044 4624 9044 4625 9045 4624 9045 4627 9045 4618 9046 4626 9046 4624 9046 4626 9047 4628 9047 4627 9047 4629 9048 4627 9048 4628 9048 4625 9049 4627 9049 4629 9049 4626 9050 4630 9050 4628 9050 4629 9051 4628 9051 4630 9051 4626 9052 4631 9052 4630 9052 4632 9053 4630 9053 4631 9053 4629 9054 4630 9054 4632 9054 4633 9055 4634 9055 4631 9055 4635 9056 4631 9056 4634 9056 4626 9057 4633 9057 4631 9057 4632 9058 4631 9058 4635 9058 4636 9059 4637 9059 4634 9059 4638 9060 4634 9060 4637 9060 4633 9061 4636 9061 4634 9061 4635 9062 4634 9062 4638 9062 4638 9063 4637 9063 4636 9063 4633 9064 4639 9064 4636 9064 4640 9065 4636 9065 4639 9065 4638 9066 4636 9066 4640 9066 4641 9067 4642 9067 4639 9067 4640 9068 4639 9068 4642 9068 4633 9069 4641 9069 4639 9069 4643 9070 4642 9070 4641 9070 4644 9071 4642 9071 4643 9071 4640 9072 4642 9072 4644 9072 4643 9073 4641 9073 4633 9073 4645 9074 4633 9074 4626 9074 4646 9075 4643 9075 4633 9075 4645 9076 4646 9076 4633 9076 4647 9077 4626 9077 4618 9077 4645 9078 4626 9078 4648 9078 4647 9079 4648 9079 4626 9079 4649 9080 4618 9080 4605 9080 4649 9081 4647 9081 4618 9081 4607 9082 4649 9082 4605 9082 4643 9083 4650 9083 4651 9083 4652 9084 4651 9084 4650 9084 4644 9085 4643 9085 4651 9085 4640 9086 4644 9086 4651 9086 4652 9087 4640 9087 4651 9087 4643 9088 4653 9088 4650 9088 4652 9089 4650 9089 4653 9089 4643 9090 4654 9090 4653 9090 4655 9091 4653 9091 4654 9091 4655 9092 4652 9092 4653 9092 4643 9093 4656 9093 4654 9093 4657 9094 4654 9094 4656 9094 4655 9095 4654 9095 4657 9095 4643 9096 4658 9096 4656 9096 4659 9097 4656 9097 4658 9097 4657 9098 4656 9098 4659 9098 4643 9099 4660 9099 4658 9099 4659 9100 4658 9100 4660 9100 4661 9101 4662 9101 4660 9101 4663 9102 4660 9102 4662 9102 4643 9103 4661 9103 4660 9103 4659 9104 4660 9104 4663 9104 4661 9105 4664 9105 4662 9105 4663 9106 4662 9106 4664 9106 4665 9107 4666 9107 4664 9107 4667 9108 4664 9108 4666 9108 4661 9109 4665 9109 4664 9109 4663 9110 4664 9110 4667 9110 4668 9111 4669 9111 4666 9111 4667 9112 4666 9112 4669 9112 4665 9113 4668 9113 4666 9113 4668 9114 4670 9114 4669 9114 4671 9115 4669 9115 4670 9115 4667 9116 4669 9116 4671 9116 4672 9117 4670 9117 4668 9117 4671 9118 4670 9118 4672 9118 4673 9119 4668 9119 4665 9119 4672 9120 4668 9120 4673 9120 4661 9121 4674 9121 4665 9121 4673 9122 4665 9122 4674 9122 4606 9123 4611 9123 4674 9123 4610 9124 4674 9124 4611 9124 4661 9125 4606 9125 4674 9125 4673 9126 4674 9126 4610 9126 4675 9127 4606 9127 4661 9127 4676 9128 4608 9128 4606 9128 4675 9129 4676 9129 4606 9129 4677 9130 4661 9130 4643 9130 4677 9131 4675 9131 4661 9131 4646 9132 4677 9132 4643 9132 4655 9133 4640 9133 4652 9133 4638 9134 4640 9134 4655 9134 4672 9135 4620 9135 4623 9135 4671 9136 4672 9136 4623 9136 4629 9137 4671 9137 4623 9137 4625 9138 4629 9138 4623 9138 4673 9139 4617 9139 4620 9139 4672 9140 4673 9140 4620 9140 4610 9141 4614 9141 4617 9141 4673 9142 4610 9142 4617 9142 4629 9143 4667 9143 4671 9143 4659 9144 4663 9144 4667 9144 4632 9145 4659 9145 4667 9145 4629 9146 4632 9146 4667 9146 4635 9147 4657 9147 4659 9147 4632 9148 4635 9148 4659 9148 4638 9149 4655 9149 4657 9149 4635 9150 4638 9150 4657 9150 4607 9151 4608 9151 4676 9151 4678 9152 4676 9152 4675 9152 4679 9153 4607 9153 4676 9153 4678 9154 4679 9154 4676 9154 4680 9155 4675 9155 4677 9155 4680 9156 4678 9156 4675 9156 4681 9157 4677 9157 4646 9157 4680 9158 4677 9158 4681 9158 4645 9159 4648 9159 4646 9159 4682 9160 4646 9160 4648 9160 4682 9161 4681 9161 4646 9161 4683 9162 4648 9162 4647 9162 4683 9163 4682 9163 4648 9163 4684 9164 4647 9164 4649 9164 4684 9165 4683 9165 4647 9165 4685 9166 4649 9166 4607 9166 4684 9167 4649 9167 4685 9167 4679 9168 4685 9168 4607 9168 4679 9169 4684 9169 4685 9169 4680 9170 4681 9170 4682 9170 4429 9171 4682 9171 4683 9171 4429 9172 4680 9172 4682 9172 4432 9173 4683 9173 4684 9173 4432 9174 4429 9174 4683 9174 4437 9175 4684 9175 4679 9175 4432 9176 4684 9176 4437 9176 4437 9177 4679 9177 4678 9177 4435 9178 4678 9178 4680 9178 4435 9179 4437 9179 4678 9179 4429 9180 4435 9180 4680 9180 4686 9181 4687 9181 4688 9181 4689 9182 4688 9182 4687 9182 4690 9183 4686 9183 4688 9183 4689 9184 4691 9184 4688 9184 4692 9185 4688 9185 4691 9185 4693 9186 4688 9186 4692 9186 4690 9187 4688 9187 4693 9187 4686 9188 4694 9188 4687 9188 4695 9189 4687 9189 4694 9189 4696 9190 4689 9190 4687 9190 4696 9191 4687 9191 4695 9191 4697 9192 4698 9192 4694 9192 4699 9193 4694 9193 4698 9193 4686 9194 4697 9194 4694 9194 4700 9195 4695 9195 4694 9195 4699 9196 4700 9196 4694 9196 4701 9197 4702 9197 4698 9197 4699 9198 4698 9198 4702 9198 4697 9199 4701 9199 4698 9199 4703 9200 4702 9200 4701 9200 4704 9201 4702 9201 4703 9201 4705 9202 4702 9202 4704 9202 4705 9203 4699 9203 4702 9203 4706 9204 4701 9204 4697 9204 4707 9205 4703 9205 4701 9205 4708 9206 4701 9206 4706 9206 4707 9207 4701 9207 4708 9207 4690 9208 4697 9208 4686 9208 4709 9209 4697 9209 4690 9209 4706 9210 4697 9210 4709 9210 4704 9211 4703 9211 4691 9211 4707 9212 4691 9212 4703 9212 4689 9213 4704 9213 4691 9213 4710 9214 4692 9214 4691 9214 4710 9215 4691 9215 4707 9215 4696 9216 4704 9216 4689 9216 4711 9217 4705 9217 4704 9217 4696 9218 4711 9218 4704 9218 4712 9219 4695 9219 4700 9219 4713 9220 4696 9220 4695 9220 4713 9221 4695 9221 4712 9221 4714 9222 4700 9222 4699 9222 4714 9223 4712 9223 4700 9223 4715 9224 4699 9224 4705 9224 4715 9225 4714 9225 4699 9225 4716 9226 4705 9226 4711 9226 4716 9227 4715 9227 4705 9227 4717 9228 4711 9228 4696 9228 4717 9229 4716 9229 4711 9229 4713 9230 4717 9230 4696 9230 4718 9231 4712 9231 4714 9231 4719 9232 4713 9232 4712 9232 4718 9233 4719 9233 4712 9233 4720 9234 4714 9234 4715 9234 4721 9235 4718 9235 4714 9235 4720 9236 4721 9236 4714 9236 4720 9237 4715 9237 4716 9237 4722 9238 4716 9238 4717 9238 4720 9239 4716 9239 4722 9239 4719 9240 4717 9240 4713 9240 4723 9241 4722 9241 4717 9241 4719 9242 4723 9242 4717 9242 2243 9243 4722 9243 4723 9243 4724 9244 4720 9244 4722 9244 2243 9245 4725 9245 4722 9245 4724 9246 4722 9246 4725 9246 4726 9247 4723 9247 4719 9247 4727 9248 2243 9248 4723 9248 4726 9249 4727 9249 4723 9249 4728 9250 4719 9250 4718 9250 4728 9251 4726 9251 4719 9251 4729 9252 4718 9252 4721 9252 4730 9253 2250 9253 4718 9253 2249 9254 4718 9254 2250 9254 4729 9255 4730 9255 4718 9255 2249 9256 4728 9256 4718 9256 4731 9257 4721 9257 4720 9257 4731 9258 4729 9258 4721 9258 4731 9259 4720 9259 4724 9259 4732 9260 2250 9260 4730 9260 2250 9261 2230 9261 2228 9261 4733 9262 2250 9262 4732 9262 2230 9263 2250 9263 4733 9263 4732 9264 4730 9264 4729 9264 4732 9265 4729 9265 4734 9265 4731 9266 4734 9266 4729 9266 2243 9267 4735 9267 4725 9267 4736 9268 4725 9268 4735 9268 4736 9269 4737 9269 4725 9269 4724 9270 4725 9270 4737 9270 2243 9271 2244 9271 4735 9271 4736 9272 4735 9272 2244 9272 4738 9273 4736 9273 2244 9273 4739 9274 4738 9274 2244 9274 4740 9275 4739 9275 2244 9275 2237 9276 4740 9276 2244 9276 4741 9277 2243 9277 4727 9277 4741 9278 2245 9278 2243 9278 4741 9279 4727 9279 4726 9279 4742 9280 4726 9280 4728 9280 4741 9281 4726 9281 4742 9281 4742 9282 4728 9282 2249 9282 4742 9283 2249 9283 2251 9283 4731 9284 4743 9284 4734 9284 4744 9285 4734 9285 4743 9285 4745 9286 4732 9286 4734 9286 4745 9287 4734 9287 4744 9287 4731 9288 4737 9288 4743 9288 4746 9289 4743 9289 4737 9289 4746 9290 4744 9290 4743 9290 4747 9291 4737 9291 4736 9291 4731 9292 4724 9292 4737 9292 4747 9293 4746 9293 4737 9293 4748 9294 4736 9294 4738 9294 4748 9295 4747 9295 4736 9295 4739 9296 4732 9296 4738 9296 4749 9297 4738 9297 4732 9297 4749 9298 4748 9298 4738 9298 4739 9299 4733 9299 4732 9299 4745 9300 4749 9300 4732 9300 4739 9301 4750 9301 4733 9301 4751 9302 4733 9302 4750 9302 4751 9303 2230 9303 4733 9303 4752 9304 4750 9304 4739 9304 4752 9305 4751 9305 4750 9305 4740 9306 4752 9306 4739 9306 4753 9307 4744 9307 4746 9307 2206 9308 4745 9308 4744 9308 4754 9309 2206 9309 4744 9309 4753 9310 4754 9310 4744 9310 4755 9311 4746 9311 4747 9311 4756 9312 4753 9312 4746 9312 4755 9313 4756 9313 4746 9313 4755 9314 4747 9314 4748 9314 4757 9315 4748 9315 4749 9315 4757 9316 4755 9316 4748 9316 4758 9317 4749 9317 4745 9317 4759 9318 4757 9318 4749 9318 2210 9319 4759 9319 4749 9319 4760 9320 2210 9320 4749 9320 4758 9321 4760 9321 4749 9321 4758 9322 4745 9322 2206 9322 2205 9323 2206 9323 4754 9323 4761 9324 4758 9324 2206 9324 4761 9325 2206 9325 2201 9325 2205 9326 4754 9326 4753 9326 4762 9327 4753 9327 4756 9327 2205 9328 4753 9328 4762 9328 4763 9329 4756 9329 4755 9329 4763 9330 4762 9330 4756 9330 4764 9331 4755 9331 4757 9331 4764 9332 4763 9332 4755 9332 4765 9333 4757 9333 4759 9333 4765 9334 4764 9334 4757 9334 4765 9335 4759 9335 2210 9335 2198 9336 2210 9336 4760 9336 2209 9337 4765 9337 2210 9337 4758 9338 4766 9338 4760 9338 2198 9339 4760 9339 4766 9339 4761 9340 4766 9340 4758 9340 4761 9341 2198 9341 4766 9341 4767 9342 4762 9342 4763 9342 4768 9343 2205 9343 4762 9343 4769 9344 4768 9344 4762 9344 4769 9345 4762 9345 4767 9345 4770 9346 4763 9346 4764 9346 4771 9347 4767 9347 4763 9347 4770 9348 4771 9348 4763 9348 4770 9349 4764 9349 4765 9349 2209 9350 4772 9350 4765 9350 4773 9351 4765 9351 4772 9351 4774 9352 4765 9352 4773 9352 4774 9353 4770 9353 4765 9353 4768 9354 4775 9354 2205 9354 4776 9355 2205 9355 4775 9355 4776 9356 2207 9356 2205 9356 4768 9357 4777 9357 4775 9357 4778 9358 4775 9358 4777 9358 4778 9359 4776 9359 4775 9359 4773 9360 4772 9360 4777 9360 4779 9361 4777 9361 4772 9361 4768 9362 4773 9362 4777 9362 4779 9363 4778 9363 4777 9363 4780 9364 4772 9364 2209 9364 4780 9365 4779 9365 4772 9365 2211 9366 4780 9366 2209 9366 4769 9367 4773 9367 4768 9367 4781 9368 4774 9368 4773 9368 4769 9369 4781 9369 4773 9369 4782 9370 4767 9370 4771 9370 4783 9371 4769 9371 4767 9371 4783 9372 4767 9372 4782 9372 4784 9373 4771 9373 4770 9373 4784 9374 4782 9374 4771 9374 4785 9375 4770 9375 4774 9375 4785 9376 4784 9376 4770 9376 4786 9377 4774 9377 4781 9377 4786 9378 4785 9378 4774 9378 4787 9379 4781 9379 4769 9379 4787 9380 4786 9380 4781 9380 4783 9381 4787 9381 4769 9381 4788 9382 4782 9382 4784 9382 4789 9383 4783 9383 4782 9383 4788 9384 4789 9384 4782 9384 4790 9385 4784 9385 4785 9385 4791 9386 4788 9386 4784 9386 4790 9387 4791 9387 4784 9387 4790 9388 4785 9388 4786 9388 4792 9389 4786 9389 4787 9389 4790 9390 4786 9390 4792 9390 4789 9391 4787 9391 4783 9391 4793 9392 4792 9392 4787 9392 4789 9393 4793 9393 4787 9393 4794 9394 4792 9394 4793 9394 4795 9395 4790 9395 4792 9395 4795 9396 4792 9396 4794 9396 4796 9397 4793 9397 4789 9397 4796 9398 4794 9398 4793 9398 4797 9399 4789 9399 4788 9399 4797 9400 4796 9400 4789 9400 4798 9401 4788 9401 4791 9401 4798 9402 4797 9402 4788 9402 4799 9403 4791 9403 4790 9403 4799 9404 4798 9404 4791 9404 4795 9405 4799 9405 4790 9405 4800 9406 4794 9406 4796 9406 4801 9407 4795 9407 4794 9407 4802 9408 4801 9408 4794 9408 4800 9409 4802 9409 4794 9409 4803 9410 4796 9410 4797 9410 4804 9411 4800 9411 4796 9411 4803 9412 4804 9412 4796 9412 4803 9413 4797 9413 4798 9413 4805 9414 4798 9414 4799 9414 4806 9415 4798 9415 4805 9415 4806 9416 4803 9416 4798 9416 4801 9417 4799 9417 4795 9417 4807 9418 4805 9418 4799 9418 4801 9419 4807 9419 4799 9419 4808 9420 4805 9420 4807 9420 4809 9421 4806 9421 4805 9421 4809 9422 4805 9422 4808 9422 4810 9423 4807 9423 4801 9423 4810 9424 4808 9424 4807 9424 4811 9425 4801 9425 4802 9425 4811 9426 4810 9426 4801 9426 4812 9427 4802 9427 4800 9427 4812 9428 4811 9428 4802 9428 4813 9429 4800 9429 4804 9429 4813 9430 4812 9430 4800 9430 4814 9431 4804 9431 4803 9431 4814 9432 4813 9432 4804 9432 4815 9433 4803 9433 4806 9433 4815 9434 4814 9434 4803 9434 4809 9435 4815 9435 4806 9435 4809 9436 4808 9436 4810 9436 4475 9437 4810 9437 4811 9437 4475 9438 4809 9438 4810 9438 4476 9439 4811 9439 4812 9439 4477 9440 4811 9440 4476 9440 4477 9441 4475 9441 4811 9441 4814 9442 4812 9442 4813 9442 4476 9443 4812 9443 4814 9443 4476 9444 4814 9444 4815 9444 4475 9445 4815 9445 4809 9445 4474 9446 4476 9446 4815 9446 4475 9447 4474 9447 4815 9447 4816 9448 4482 9448 4484 9448 4817 9449 4818 9449 4482 9449 4499 9450 4482 9450 4818 9450 4819 9451 4817 9451 4482 9451 4816 9452 4819 9452 4482 9452 4816 9453 4484 9453 4500 9453 4818 9454 4820 9454 4500 9454 4821 9455 4500 9455 4820 9455 4499 9456 4818 9456 4500 9456 4821 9457 4816 9457 4500 9457 4821 9458 4820 9458 4822 9458 4692 9459 4822 9459 4820 9459 4710 9460 4821 9460 4822 9460 4710 9461 4822 9461 4692 9461 4693 9462 4820 9462 4818 9462 4693 9463 4692 9463 4820 9463 4690 9464 4818 9464 4817 9464 4690 9465 4693 9465 4818 9465 4819 9466 4823 9466 4817 9466 4709 9467 4817 9467 4823 9467 4709 9468 4690 9468 4817 9468 4706 9469 4823 9469 4819 9469 4706 9470 4709 9470 4823 9470 4708 9471 4819 9471 4816 9471 4708 9472 4706 9472 4819 9472 4707 9473 4816 9473 4821 9473 4707 9474 4708 9474 4816 9474 4710 9475 4707 9475 4821 9475 4824 9476 4825 9476 4826 9476 2245 9477 4826 9477 4825 9477 4827 9478 4824 9478 4826 9478 4828 9479 4827 9479 4826 9479 4741 9480 4826 9480 2245 9480 4828 9481 4826 9481 4741 9481 4829 9482 4830 9482 4825 9482 2242 9483 4825 9483 4830 9483 4824 9484 4829 9484 4825 9484 2242 9485 2245 9485 4825 9485 4831 9486 4832 9486 4830 9486 2271 9487 4830 9487 4832 9487 4829 9488 4831 9488 4830 9488 2271 9489 2242 9489 4830 9489 4833 9490 4834 9490 4832 9490 2270 9491 4832 9491 4834 9491 4831 9492 4833 9492 4832 9492 2270 9493 2271 9493 4832 9493 4835 9494 4836 9494 4834 9494 2281 9495 4834 9495 4836 9495 4833 9496 4835 9496 4834 9496 2281 9497 2270 9497 4834 9497 4837 9498 4838 9498 4836 9498 2282 9499 4836 9499 4838 9499 4835 9500 4837 9500 4836 9500 2282 9501 2281 9501 4836 9501 4839 9502 4840 9502 4838 9502 2279 9503 4838 9503 4840 9503 4837 9504 4839 9504 4838 9504 2279 9505 2282 9505 4838 9505 4841 9506 4842 9506 4840 9506 2280 9507 4840 9507 4842 9507 4839 9508 4841 9508 4840 9508 2280 9509 2279 9509 4840 9509 4843 9510 4844 9510 4842 9510 2257 9511 4842 9511 4844 9511 4841 9512 4843 9512 4842 9512 2257 9513 2280 9513 4842 9513 4845 9514 4846 9514 4844 9514 2254 9515 4844 9515 4846 9515 4843 9516 4845 9516 4844 9516 2254 9517 2257 9517 4844 9517 4847 9518 4846 9518 4845 9518 2254 9519 4846 9519 2248 9519 2251 9520 2248 9520 4846 9520 4848 9521 4846 9521 4847 9521 2251 9522 4846 9522 4848 9522 2207 9523 4845 9523 4843 9523 4776 9524 4845 9524 2207 9524 4847 9525 4845 9525 4776 9525 2160 9526 4843 9526 4841 9526 2159 9527 2207 9527 4843 9527 2160 9528 2159 9528 4843 9528 2157 9529 4841 9529 4839 9529 2157 9530 2160 9530 4841 9530 2158 9531 4839 9531 4837 9531 2158 9532 2157 9532 4839 9532 2156 9533 4837 9533 4835 9533 2156 9534 2158 9534 4837 9534 2154 9535 4835 9535 4833 9535 2154 9536 2156 9536 4835 9536 2155 9537 4833 9537 4831 9537 2155 9538 2154 9538 4833 9538 2152 9539 4831 9539 4829 9539 2152 9540 2155 9540 4831 9540 2153 9541 4829 9541 4824 9541 2153 9542 2152 9542 4829 9542 2153 9543 4824 9543 4827 9543 2208 9544 2153 9544 4827 9544 2211 9545 2208 9545 4827 9545 4849 9546 2211 9546 4827 9546 4828 9547 4849 9547 4827 9547 2231 9548 2200 9548 2202 9548 2230 9549 2200 9549 2231 9549 2230 9550 2201 9550 2200 9550 2229 9551 2202 9551 2203 9551 2229 9552 2231 9552 2202 9552 2240 9553 2203 9553 2204 9553 2240 9554 2229 9554 2203 9554 2239 9555 2204 9555 2197 9555 2239 9556 2240 9556 2204 9556 2238 9557 2197 9557 2199 9557 2238 9558 2239 9558 2197 9558 2238 9559 2199 9559 2235 9559 2198 9560 2235 9560 2199 9560 2198 9561 2237 9561 2235 9561 4751 9562 2201 9562 2230 9562 4752 9563 2201 9563 4751 9563 4761 9564 2201 9564 4752 9564 4847 9565 4776 9565 4778 9565 4761 9566 4752 9566 4740 9566 4761 9567 4740 9567 2237 9567 4761 9568 2237 9568 2198 9568 4850 9569 4778 9569 4779 9569 4850 9570 4847 9570 4778 9570 4851 9571 4779 9571 4780 9571 4851 9572 4850 9572 4779 9572 4852 9573 4780 9573 2211 9573 4852 9574 4851 9574 4780 9574 4849 9575 4852 9575 2211 9575 4848 9576 4847 9576 4850 9576 4848 9577 4850 9577 4851 9577 4853 9578 4851 9578 4852 9578 4853 9579 4848 9579 4851 9579 4853 9580 4852 9580 4849 9580 4853 9581 4849 9581 4828 9581 4853 9582 2251 9582 4848 9582 4853 9583 4742 9583 2251 9583 4828 9584 4741 9584 4742 9584 4853 9585 4828 9585 4742 9585 4854 9586 4855 9586 4856 9586 4857 9587 4856 9587 4855 9587 4858 9588 4856 9588 4859 9588 4860 9589 4859 9589 4856 9589 4858 9590 4854 9590 4856 9590 4861 9591 4860 9591 4856 9591 4857 9592 4861 9592 4856 9592 4862 9593 4863 9593 4855 9593 4864 9594 4855 9594 4863 9594 4862 9595 4855 9595 4854 9595 4864 9596 4857 9596 4855 9596 4865 9597 4866 9597 4863 9597 4867 9598 4863 9598 4866 9598 4868 9599 4865 9599 4863 9599 4862 9600 4868 9600 4863 9600 4867 9601 4864 9601 4863 9601 4869 9602 4870 9602 4866 9602 4870 9603 4871 9603 4872 9603 4873 9604 4869 9604 4866 9604 4874 9605 4873 9605 4866 9605 4875 9606 4874 9606 4866 9606 4876 9607 4875 9607 4866 9607 4877 9608 4876 9608 4866 9608 4859 9609 4877 9609 4866 9609 4878 9610 4859 9610 4866 9610 4865 9611 4878 9611 4866 9611 4872 9612 4867 9612 4866 9612 4872 9613 4866 9613 4870 9613 4879 9614 4880 9614 4870 9614 4880 9615 4881 9615 4882 9615 4869 9616 4883 9616 4870 9616 4884 9617 4870 9617 4883 9617 4885 9618 4870 9618 4884 9618 4886 9619 4879 9619 4870 9619 4885 9620 4886 9620 4870 9620 4882 9621 4870 9621 4880 9621 4871 9622 4870 9622 4882 9622 4887 9623 4888 9623 4880 9623 4889 9624 4880 9624 4888 9624 4879 9625 4887 9625 4880 9625 4889 9626 4881 9626 4880 9626 4890 9627 4883 9627 4888 9627 4891 9628 4888 9628 4883 9628 4887 9629 4890 9629 4888 9629 4891 9630 4889 9630 4888 9630 4892 9631 4883 9631 4869 9631 4893 9632 4884 9632 4883 9632 4894 9633 4893 9633 4883 9633 4890 9634 4894 9634 4883 9634 4895 9635 4883 9635 4892 9635 4896 9636 4883 9636 4895 9636 4896 9637 4891 9637 4883 9637 4892 9638 4869 9638 4873 9638 4897 9639 4873 9639 4874 9639 4898 9640 4873 9640 4897 9640 4899 9641 4892 9641 4873 9641 4898 9642 4899 9642 4873 9642 4900 9643 4874 9643 4875 9643 4900 9644 4897 9644 4874 9644 4901 9645 4875 9645 4876 9645 4900 9646 4875 9646 4901 9646 4902 9647 4876 9647 4877 9647 4902 9648 4901 9648 4876 9648 4859 9649 4903 9649 4877 9649 4904 9650 4877 9650 4903 9650 4902 9651 4877 9651 4904 9651 4859 9652 4905 9652 4903 9652 4906 9653 4903 9653 4905 9653 4907 9654 4903 9654 4906 9654 4907 9655 4904 9655 4903 9655 4859 9656 4908 9656 4905 9656 4909 9657 4905 9657 4908 9657 4909 9658 4906 9658 4905 9658 4859 9659 4910 9659 4908 9659 4909 9660 4908 9660 4910 9660 4911 9661 4910 9661 4859 9661 4911 9662 4912 9662 4910 9662 4913 9663 4910 9663 4912 9663 4909 9664 4910 9664 4913 9664 4914 9665 4858 9665 4859 9665 4915 9666 4914 9666 4859 9666 4878 9667 4915 9667 4859 9667 4911 9668 4859 9668 4860 9668 4916 9669 4854 9669 4858 9669 4917 9670 4862 9670 4854 9670 4917 9671 4854 9671 4916 9671 4918 9672 4858 9672 4914 9672 4919 9673 4916 9673 4858 9673 4918 9674 4919 9674 4858 9674 4920 9675 4914 9675 4915 9675 4920 9676 4918 9676 4914 9676 4920 9677 4915 9677 4878 9677 4921 9678 4878 9678 4865 9678 4920 9679 4878 9679 4921 9679 4922 9680 4865 9680 4868 9680 4923 9681 4921 9681 4865 9681 4923 9682 4865 9682 4922 9682 4917 9683 4868 9683 4862 9683 4922 9684 4868 9684 4917 9684 4924 9685 4884 9685 4893 9685 4925 9686 4885 9686 4884 9686 4925 9687 4884 9687 4924 9687 4926 9688 4893 9688 4894 9688 4927 9689 4924 9689 4893 9689 4926 9690 4927 9690 4893 9690 4928 9691 4894 9691 4890 9691 4928 9692 4926 9692 4894 9692 4928 9693 4890 9693 4887 9693 4929 9694 4887 9694 4879 9694 4928 9695 4887 9695 4929 9695 4930 9696 4879 9696 4886 9696 4931 9697 4929 9697 4879 9697 4931 9698 4879 9698 4930 9698 4925 9699 4886 9699 4885 9699 4930 9700 4886 9700 4925 9700 4911 9701 4932 9701 4912 9701 4933 9702 4912 9702 4932 9702 4913 9703 4912 9703 4933 9703 4911 9704 4860 9704 4932 9704 4934 9705 4932 9705 4860 9705 4934 9706 4933 9706 4932 9706 4934 9707 4860 9707 4861 9707 4934 9708 4861 9708 4933 9708 4913 9709 4933 9709 4861 9709 4935 9710 4913 9710 4861 9710 4936 9711 4935 9711 4861 9711 4857 9712 4936 9712 4861 9712 4935 9713 4909 9713 4913 9713 4935 9714 4906 9714 4909 9714 4935 9715 4907 9715 4906 9715 4935 9716 4904 9716 4907 9716 4937 9717 4902 9717 4904 9717 4938 9718 4904 9718 4935 9718 4939 9719 4937 9719 4904 9719 4938 9720 4939 9720 4904 9720 4937 9721 4901 9721 4902 9721 4937 9722 4900 9722 4901 9722 4937 9723 4897 9723 4900 9723 4937 9724 4898 9724 4897 9724 4895 9725 4892 9725 4899 9725 4940 9726 4899 9726 4898 9726 4895 9727 4899 9727 4941 9727 4899 9728 4940 9728 4942 9728 4937 9729 4940 9729 4898 9729 4942 9730 4895 9730 4941 9730 4942 9731 4941 9731 4899 9731 4940 9732 4895 9732 4942 9732 4896 9733 4895 9733 4940 9733 4939 9734 4940 9734 4937 9734 4939 9735 4896 9735 4940 9735 4943 9736 4938 9736 4935 9736 4936 9737 4943 9737 4935 9737 4871 9738 4882 9738 4881 9738 4944 9739 4881 9739 4889 9739 4945 9740 4871 9740 4881 9740 4944 9741 4946 9741 4881 9741 4945 9742 4881 9742 4946 9742 4947 9743 4889 9743 4891 9743 4947 9744 4944 9744 4889 9744 4947 9745 4891 9745 4896 9745 4947 9746 4896 9746 4939 9746 4948 9747 4939 9747 4938 9747 4948 9748 4947 9748 4939 9748 4949 9749 4938 9749 4943 9749 4949 9750 4948 9750 4938 9750 4950 9751 4943 9751 4936 9751 4951 9752 4949 9752 4943 9752 4950 9753 4951 9753 4943 9753 4952 9754 4936 9754 4857 9754 4952 9755 4950 9755 4936 9755 4867 9756 4857 9756 4864 9756 4953 9757 4857 9757 4867 9757 4953 9758 4952 9758 4857 9758 4872 9759 4871 9759 4867 9759 4953 9760 4867 9760 4871 9760 4945 9761 4953 9761 4871 9761 4954 9762 4946 9762 4944 9762 4955 9763 4945 9763 4946 9763 4954 9764 4956 9764 4957 9764 4957 9765 4946 9765 4954 9765 4955 9766 4946 9766 4957 9766 4958 9767 4944 9767 4947 9767 4956 9768 4954 9768 4944 9768 4959 9769 4956 9769 4944 9769 4958 9770 4959 9770 4944 9770 4960 9771 4947 9771 4948 9771 4960 9772 4958 9772 4947 9772 4961 9773 4948 9773 4949 9773 4961 9774 4960 9774 4948 9774 4962 9775 4949 9775 4951 9775 4962 9776 4961 9776 4949 9776 4962 9777 4951 9777 4950 9777 4963 9778 4950 9778 4952 9778 4963 9779 4962 9779 4950 9779 4964 9780 4952 9780 4953 9780 4965 9781 4963 9781 4952 9781 4966 9782 4965 9782 4952 9782 4967 9783 4966 9783 4952 9783 4964 9784 4967 9784 4952 9784 4968 9785 4953 9785 4945 9785 4968 9786 4964 9786 4953 9786 4968 9787 4945 9787 4955 9787 4955 9788 4957 9788 4968 9788 4969 9789 4956 9789 4959 9789 4970 9790 4957 9790 4956 9790 4971 9791 4972 9791 4956 9791 4970 9792 4956 9792 4972 9792 4973 9793 4971 9793 4956 9793 4974 9794 4973 9794 4956 9794 4969 9795 4974 9795 4956 9795 4975 9796 4959 9796 4958 9796 4976 9797 4969 9797 4959 9797 4975 9798 4976 9798 4959 9798 4977 9799 4978 9799 4958 9799 4979 9800 4958 9800 4978 9800 4960 9801 4977 9801 4958 9801 4975 9802 4958 9802 4979 9802 4980 9803 4978 9803 4977 9803 4981 9804 4978 9804 4973 9804 4980 9805 4973 9805 4978 9805 4982 9806 4979 9806 4978 9806 4981 9807 4982 9807 4978 9807 4980 9808 4977 9808 4960 9808 4983 9809 4960 9809 4961 9809 4984 9810 4985 9810 4960 9810 4980 9811 4960 9811 4985 9811 4983 9812 4984 9812 4960 9812 4986 9813 4961 9813 4962 9813 4987 9814 4983 9814 4961 9814 4986 9815 4987 9815 4961 9815 4988 9816 4962 9816 4963 9816 4989 9817 4986 9817 4962 9817 4988 9818 4989 9818 4962 9818 4990 9819 4963 9819 4965 9819 4991 9820 4963 9820 4990 9820 4992 9821 4988 9821 4963 9821 4993 9822 4992 9822 4963 9822 4994 9823 4993 9823 4963 9823 4995 9824 4994 9824 4963 9824 4996 9825 4995 9825 4963 9825 4991 9826 4996 9826 4963 9826 4966 9827 4967 9827 4970 9827 4970 9828 4965 9828 4966 9828 4990 9829 4965 9829 4970 9829 4997 9830 4967 9830 4964 9830 4970 9831 4967 9831 4957 9831 4998 9832 4957 9832 4967 9832 4999 9833 4998 9833 4967 9833 4997 9834 4999 9834 4967 9834 5000 9835 4964 9835 4968 9835 5001 9836 4997 9836 4964 9836 5000 9837 5001 9837 4964 9837 5002 9838 4968 9838 4957 9838 5003 9839 5000 9839 4968 9839 5002 9840 5003 9840 4968 9840 5004 9841 4957 9841 4998 9841 5004 9842 5002 9842 4957 9842 5005 9843 4972 9843 4971 9843 4990 9844 4970 9844 4972 9844 5006 9845 4990 9845 4972 9845 5007 9846 5006 9846 4972 9846 5008 9847 5007 9847 4972 9847 5005 9848 5008 9848 4972 9848 4973 9849 5009 9849 4971 9849 5010 9850 4971 9850 5009 9850 5010 9851 5005 9851 4971 9851 4973 9852 5011 9852 5009 9852 4993 9853 5009 9853 5011 9853 5010 9854 5009 9854 4993 9854 4973 9855 5012 9855 5011 9855 4988 9856 5011 9856 5012 9856 4992 9857 5011 9857 4988 9857 4993 9858 5011 9858 4992 9858 4973 9859 5013 9859 5012 9859 4988 9860 5012 9860 5013 9860 4973 9861 5014 9861 5013 9861 4989 9862 5013 9862 5014 9862 4988 9863 5013 9863 4989 9863 4973 9864 5015 9864 5014 9864 5016 9865 5014 9865 5015 9865 5017 9866 5014 9866 5016 9866 4989 9867 5014 9867 5017 9867 4973 9868 5018 9868 5015 9868 5016 9869 5015 9869 5018 9869 5019 9870 5018 9870 4973 9870 5020 9871 5018 9871 5019 9871 5016 9872 5018 9872 5020 9872 5021 9873 4981 9873 4973 9873 4974 9874 5021 9874 4973 9874 5019 9875 4973 9875 4985 9875 4980 9876 4985 9876 4973 9876 1696 9877 4979 9877 4982 9877 1692 9878 4975 9878 4979 9878 1692 9879 4979 9879 1696 9879 1681 9880 4982 9880 4981 9880 1695 9881 1696 9881 4982 9881 1681 9882 1695 9882 4982 9882 1680 9883 4981 9883 5021 9883 1680 9884 1681 9884 4981 9884 1680 9885 5021 9885 4974 9885 1694 9886 4974 9886 4969 9886 1680 9887 4974 9887 1694 9887 1691 9888 4969 9888 4976 9888 1693 9889 1694 9889 4969 9889 1691 9890 1693 9890 4969 9890 1692 9891 4976 9891 4975 9891 1692 9892 1691 9892 4976 9892 1613 9893 4998 9893 4999 9893 1614 9894 5004 9894 4998 9894 1614 9895 4998 9895 1613 9895 1610 9896 4999 9896 4997 9896 1612 9897 1613 9897 4999 9897 1610 9898 1612 9898 4999 9898 1611 9899 4997 9899 5001 9899 1611 9900 1610 9900 4997 9900 1611 9901 5001 9901 5000 9901 2458 9902 5000 9902 5003 9902 1611 9903 5000 9903 2458 9903 1615 9904 5003 9904 5002 9904 2457 9905 2458 9905 5003 9905 1615 9906 2457 9906 5003 9906 1614 9907 5002 9907 5004 9907 1614 9908 1615 9908 5002 9908 4991 9909 4990 9909 5006 9909 5022 9910 5006 9910 5007 9910 5022 9911 4991 9911 5006 9911 5008 9912 5023 9912 5007 9912 5022 9913 5007 9913 5023 9913 5024 9914 5023 9914 5008 9914 5025 9915 5023 9915 5024 9915 5022 9916 5023 9916 5025 9916 5026 9917 5008 9917 5005 9917 5026 9918 5024 9918 5008 9918 5026 9919 5005 9919 5010 9919 5027 9920 4985 9920 4984 9920 5028 9921 5019 9921 4985 9921 5028 9922 4985 9922 5027 9922 5029 9923 4984 9923 4983 9923 5029 9924 5027 9924 4984 9924 5030 9925 4983 9925 4987 9925 5030 9926 5029 9926 4983 9926 5031 9927 4987 9927 4986 9927 5031 9928 5030 9928 4987 9928 4989 9929 5032 9929 4986 9929 5033 9930 4986 9930 5032 9930 5034 9931 5031 9931 4986 9931 5033 9932 5034 9932 4986 9932 5035 9933 5036 9933 5032 9933 5033 9934 5032 9934 5036 9934 5020 9935 5035 9935 5032 9935 5016 9936 5020 9936 5032 9936 5017 9937 5016 9937 5032 9937 4989 9938 5017 9938 5032 9938 5035 9939 5037 9939 5036 9939 5038 9940 5036 9940 5037 9940 5038 9941 5033 9941 5036 9941 5039 9942 5037 9942 5035 9942 5039 9943 5038 9943 5037 9943 5020 9944 5019 9944 5035 9944 5040 9945 5035 9945 5019 9945 5040 9946 5039 9946 5035 9946 5040 9947 5019 9947 5028 9947 5026 9948 5010 9948 4993 9948 4994 9949 5026 9949 4993 9949 5041 9950 5042 9950 5024 9950 5025 9951 5024 9951 5042 9951 5026 9952 5041 9952 5024 9952 5043 9953 5042 9953 5041 9953 5043 9954 5025 9954 5042 9954 5044 9955 5041 9955 5026 9955 5044 9956 5043 9956 5041 9956 5045 9957 5026 9957 4994 9957 5046 9958 5044 9958 5026 9958 5045 9959 5046 9959 5026 9959 5045 9960 4994 9960 4995 9960 5047 9961 4995 9961 4996 9961 5045 9962 4995 9962 5047 9962 5048 9963 4996 9963 4991 9963 5047 9964 4996 9964 5048 9964 5048 9965 4991 9965 5022 9965 5028 9966 5027 9966 5029 9966 5040 9967 5029 9967 5030 9967 5040 9968 5028 9968 5029 9968 5039 9969 5030 9969 5031 9969 5040 9970 5030 9970 5039 9970 5038 9971 5031 9971 5034 9971 5039 9972 5031 9972 5038 9972 5038 9973 5034 9973 5033 9973 5022 9974 5025 9974 5043 9974 5048 9975 5043 9975 5044 9975 5048 9976 5022 9976 5043 9976 5047 9977 5044 9977 5046 9977 5047 9978 5048 9978 5044 9978 5045 9979 5047 9979 5046 9979 5049 9980 5050 9980 5051 9980 4924 9981 5051 9981 5050 9981 5049 9982 5051 9982 5052 9982 4927 9983 5052 9983 5051 9983 4927 9984 5051 9984 4924 9984 5053 9985 5054 9985 5050 9985 4925 9986 5050 9986 5054 9986 5053 9987 5050 9987 5049 9987 4925 9988 4924 9988 5050 9988 5055 9989 5056 9989 5054 9989 4930 9990 5054 9990 5056 9990 5057 9991 5055 9991 5054 9991 5053 9992 5057 9992 5054 9992 4930 9993 4925 9993 5054 9993 5058 9994 5059 9994 5056 9994 4931 9995 5056 9995 5059 9995 5055 9996 5058 9996 5056 9996 4931 9997 4930 9997 5056 9997 5058 9998 5060 9998 5059 9998 4929 9999 5059 9999 5060 9999 4931 10000 5059 10000 4929 10000 5061 10001 5062 10001 5060 10001 4928 10002 5060 10002 5062 10002 5058 10003 5061 10003 5060 10003 4928 10004 4929 10004 5060 10004 5063 10005 5052 10005 5062 10005 4926 10006 5062 10006 5052 10006 5064 10007 5063 10007 5062 10007 5061 10008 5064 10008 5062 10008 4928 10009 5062 10009 4926 10009 5063 10010 5049 10010 5052 10010 4926 10011 5052 10011 4927 10011 5065 10012 5049 10012 5063 10012 5066 10013 5053 10013 5049 10013 5065 10014 5066 10014 5049 10014 5067 10015 5063 10015 5064 10015 5068 10016 5065 10016 5063 10016 5068 10017 5063 10017 5067 10017 5069 10018 5064 10018 5061 10018 5067 10019 5064 10019 5069 10019 5069 10020 5061 10020 5058 10020 5070 10021 5058 10021 5055 10021 5069 10022 5058 10022 5070 10022 5071 10023 5055 10023 5057 10023 5072 10024 5070 10024 5055 10024 5071 10025 5072 10025 5055 10025 5066 10026 5057 10026 5053 10026 5066 10027 5071 10027 5057 10027 5073 10028 5074 10028 5075 10028 4916 10029 5075 10029 5074 10029 5073 10030 5075 10030 5076 10030 4919 10031 5076 10031 5075 10031 4919 10032 5075 10032 4916 10032 5077 10033 5078 10033 5074 10033 4917 10034 5074 10034 5078 10034 5077 10035 5074 10035 5073 10035 4917 10036 4916 10036 5074 10036 5079 10037 5080 10037 5078 10037 4922 10038 5078 10038 5080 10038 5081 10039 5079 10039 5078 10039 5077 10040 5081 10040 5078 10040 4922 10041 4917 10041 5078 10041 5082 10042 5083 10042 5080 10042 4923 10043 5080 10043 5083 10043 5079 10044 5082 10044 5080 10044 4923 10045 4922 10045 5080 10045 5082 10046 5084 10046 5083 10046 4921 10047 5083 10047 5084 10047 4923 10048 5083 10048 4921 10048 5085 10049 5086 10049 5084 10049 4920 10050 5084 10050 5086 10050 5082 10051 5085 10051 5084 10051 4920 10052 4921 10052 5084 10052 5087 10053 5076 10053 5086 10053 4918 10054 5086 10054 5076 10054 5088 10055 5087 10055 5086 10055 5085 10056 5088 10056 5086 10056 4920 10057 5086 10057 4918 10057 5087 10058 5073 10058 5076 10058 4918 10059 5076 10059 4919 10059 5089 10060 5073 10060 5087 10060 5090 10061 5077 10061 5073 10061 5089 10062 5090 10062 5073 10062 5091 10063 5087 10063 5088 10063 5092 10064 5089 10064 5087 10064 5092 10065 5087 10065 5091 10065 5093 10066 5088 10066 5085 10066 5091 10067 5088 10067 5093 10067 5093 10068 5085 10068 5082 10068 5094 10069 5082 10069 5079 10069 5093 10070 5082 10070 5094 10070 5095 10071 5079 10071 5081 10071 5096 10072 5094 10072 5079 10072 5095 10073 5096 10073 5079 10073 5090 10074 5081 10074 5077 10074 5090 10075 5095 10075 5081 10075 5097 10076 5094 10076 5096 10076 5098 10077 5094 10077 5097 10077 5093 10078 5094 10078 5098 10078 5099 10079 5096 10079 5095 10079 5100 10080 5101 10080 5096 10080 5097 10081 5096 10081 5101 10081 5099 10082 5100 10082 5096 10082 5102 10083 5095 10083 5090 10083 5102 10084 5099 10084 5095 10084 5102 10085 5090 10085 5089 10085 5103 10086 5102 10086 5089 10086 5092 10087 5103 10087 5089 10087 5104 10088 5101 10088 5100 10088 5098 10089 5097 10089 5101 10089 5105 10090 5098 10090 5101 10090 5104 10091 5105 10091 5101 10091 5106 10092 5100 10092 5099 10092 5107 10093 5104 10093 5100 10093 5106 10094 5107 10094 5100 10094 5108 10095 5099 10095 5102 10095 5108 10096 5106 10096 5099 10096 5103 10097 5109 10097 5102 10097 5110 10098 5102 10098 5109 10098 5110 10099 5108 10099 5102 10099 5092 10100 5109 10100 5103 10100 5111 10101 5109 10101 5112 10101 5092 10102 5112 10102 5109 10102 5110 10103 5109 10103 5111 10103 5113 10104 5114 10104 5098 10104 5091 10105 5098 10105 5114 10105 5105 10106 5113 10106 5098 10106 5091 10107 5093 10107 5098 10107 5115 10108 5112 10108 5114 10108 5092 10109 5114 10109 5112 10109 5113 10110 5115 10110 5114 10110 5092 10111 5091 10111 5114 10111 5116 10112 5111 10112 5112 10112 5115 10113 5116 10113 5112 10113 5117 10114 5111 10114 5116 10114 5118 10115 5110 10115 5111 10115 5117 10116 5118 10116 5111 10116 5119 10117 5116 10117 5115 10117 5119 10118 5117 10118 5116 10118 5120 10119 5115 10119 5113 10119 5119 10120 5115 10120 5120 10120 5105 10121 5121 10121 5113 10121 5122 10122 5113 10122 5121 10122 5120 10123 5113 10123 5122 10123 5123 10124 5121 10124 5105 10124 5122 10125 5121 10125 5123 10125 5124 10126 5105 10126 5104 10126 5123 10127 5105 10127 5124 10127 5125 10128 5104 10128 5107 10128 5124 10129 5104 10129 5125 10129 5126 10130 5107 10130 5106 10130 5125 10131 5107 10131 5126 10131 5127 10132 5106 10132 5108 10132 5126 10133 5106 10133 5127 10133 5110 10134 5128 10134 5108 10134 5129 10135 5108 10135 5128 10135 5127 10136 5108 10136 5129 10136 5130 10137 5128 10137 5110 10137 5129 10138 5128 10138 5130 10138 5130 10139 5110 10139 5118 10139 5130 10140 5118 10140 5117 10140 5126 10141 5130 10141 5117 10141 5125 10142 5126 10142 5117 10142 5119 10143 5125 10143 5117 10143 5127 10144 5129 10144 5130 10144 5126 10145 5127 10145 5130 10145 5123 10146 5124 10146 5125 10146 5119 10147 5123 10147 5125 10147 5120 10148 5122 10148 5123 10148 5119 10149 5120 10149 5123 10149 5131 10150 5070 10150 5072 10150 5132 10151 5070 10151 5131 10151 5069 10152 5070 10152 5132 10152 5133 10153 5072 10153 5071 10153 5134 10154 5135 10154 5072 10154 5131 10155 5072 10155 5135 10155 5133 10156 5134 10156 5072 10156 5136 10157 5071 10157 5066 10157 5136 10158 5133 10158 5071 10158 5136 10159 5066 10159 5065 10159 5137 10160 5136 10160 5065 10160 5068 10161 5137 10161 5065 10161 5138 10162 5135 10162 5134 10162 5132 10163 5131 10163 5135 10163 5139 10164 5132 10164 5135 10164 5138 10165 5139 10165 5135 10165 5140 10166 5134 10166 5133 10166 5141 10167 5138 10167 5134 10167 5140 10168 5141 10168 5134 10168 5142 10169 5133 10169 5136 10169 5142 10170 5140 10170 5133 10170 5137 10171 5143 10171 5136 10171 5144 10172 5136 10172 5143 10172 5144 10173 5142 10173 5136 10173 5068 10174 5143 10174 5137 10174 5145 10175 5143 10175 5146 10175 5068 10176 5146 10176 5143 10176 5144 10177 5143 10177 5145 10177 5147 10178 5148 10178 5132 10178 5067 10179 5132 10179 5148 10179 5139 10180 5147 10180 5132 10180 5067 10181 5069 10181 5132 10181 5149 10182 5146 10182 5148 10182 5068 10183 5148 10183 5146 10183 5147 10184 5149 10184 5148 10184 5068 10185 5067 10185 5148 10185 5150 10186 5145 10186 5146 10186 5149 10187 5150 10187 5146 10187 5151 10188 5145 10188 5150 10188 5152 10189 5144 10189 5145 10189 5151 10190 5152 10190 5145 10190 5153 10191 5150 10191 5149 10191 5153 10192 5151 10192 5150 10192 5154 10193 5149 10193 5147 10193 5153 10194 5149 10194 5154 10194 5139 10195 5155 10195 5147 10195 5156 10196 5147 10196 5155 10196 5154 10197 5147 10197 5156 10197 5157 10198 5155 10198 5139 10198 5156 10199 5155 10199 5157 10199 5158 10200 5139 10200 5138 10200 5157 10201 5139 10201 5158 10201 5159 10202 5138 10202 5141 10202 5158 10203 5138 10203 5159 10203 5160 10204 5141 10204 5140 10204 5159 10205 5141 10205 5160 10205 5161 10206 5140 10206 5142 10206 5160 10207 5140 10207 5161 10207 5144 10208 5162 10208 5142 10208 5163 10209 5142 10209 5162 10209 5161 10210 5142 10210 5163 10210 5164 10211 5162 10211 5144 10211 5163 10212 5162 10212 5164 10212 5164 10213 5144 10213 5152 10213 5164 10214 5152 10214 5151 10214 5160 10215 5164 10215 5151 10215 5159 10216 5160 10216 5151 10216 5153 10217 5159 10217 5151 10217 5161 10218 5163 10218 5164 10218 5160 10219 5161 10219 5164 10219 5157 10220 5158 10220 5159 10220 5153 10221 5157 10221 5159 10221 5154 10222 5156 10222 5157 10222 5153 10223 5154 10223 5157 10223 4389 10224 4390 10224 4391 10224 5165 10225 4389 10225 4391 10225 5166 10226 4391 10226 4385 10226 5166 10227 5165 10227 4391 10227 4384 10228 4386 10228 4388 10228 4506 10229 4388 10229 4387 10229 4507 10230 4384 10230 4388 10230 4507 10231 4388 10231 4506 10231 5165 10232 4387 10232 4389 10232 4508 10233 4506 10233 4387 10233 5165 10234 4508 10234 4387 10234 4507 10235 4385 10235 4384 10235 5167 10236 5166 10236 4385 10236 4507 10237 5167 10237 4385 10237 5168 10238 5169 10238 5170 10238 5171 10239 5170 10239 5169 10239 5172 10240 5168 10240 5170 10240 5172 10241 5170 10241 5171 10241 5168 10242 5173 10242 5169 10242 5171 10243 5169 10243 5173 10243 5174 10244 5175 10244 5173 10244 5171 10245 5173 10245 5175 10245 5168 10246 5174 10246 5173 10246 5172 10247 5175 10247 5174 10247 5172 10248 5171 10248 5175 10248 5172 10249 5174 10249 5168 10249 5176 10250 5177 10250 5178 10250 5179 10251 5178 10251 5177 10251 5180 10252 5176 10252 5178 10252 5180 10253 5178 10253 5179 10253 5176 10254 5181 10254 5177 10254 5179 10255 5177 10255 5181 10255 5182 10256 5183 10256 5181 10256 5179 10257 5181 10257 5183 10257 5176 10258 5182 10258 5181 10258 5180 10259 5183 10259 5182 10259 5180 10260 5179 10260 5183 10260 5180 10261 5182 10261 5176 10261 5184 10262 5185 10262 5186 10262 5187 10263 5186 10263 5185 10263 5188 10264 5184 10264 5186 10264 5188 10265 5186 10265 5187 10265 5184 10266 5189 10266 5185 10266 5187 10267 5185 10267 5189 10267 5190 10268 5191 10268 5189 10268 5187 10269 5189 10269 5191 10269 5184 10270 5190 10270 5189 10270 5188 10271 5191 10271 5190 10271 5188 10272 5187 10272 5191 10272 5188 10273 5190 10273 5184 10273 5192 10274 5193 10274 5194 10274 5195 10275 5194 10275 5193 10275 5196 10276 5192 10276 5194 10276 5196 10277 5194 10277 5195 10277 5192 10278 5197 10278 5193 10278 5195 10279 5193 10279 5197 10279 5198 10280 5199 10280 5197 10280 5195 10281 5197 10281 5199 10281 5192 10282 5198 10282 5197 10282 5196 10283 5199 10283 5198 10283 5196 10284 5195 10284 5199 10284 5196 10285 5198 10285 5192 10285 5200 10286 5201 10286 3351 10286 5202 10287 3351 10287 5201 10287 5203 10288 5200 10288 3351 10288 3350 10289 5203 10289 3351 10289 5202 10290 3352 10290 3351 10290 5204 10291 3339 10291 5201 10291 5205 10292 5201 10292 3339 10292 5200 10293 5204 10293 5201 10293 5202 10294 5201 10294 5205 10294 5204 10295 3338 10295 3339 10295 5205 10296 3339 10296 3340 10296 3127 10297 3125 10297 3336 10297 5206 10298 3336 10298 3338 10298 3127 10299 3336 10299 5206 10299 5207 10300 3338 10300 5204 10300 5207 10301 5206 10301 3338 10301 5208 10302 5204 10302 5200 10302 5207 10303 5204 10303 5208 10303 5209 10304 5200 10304 5203 10304 5209 10305 5208 10305 5200 10305 5210 10306 5203 10306 3350 10306 5210 10307 5209 10307 5203 10307 5211 10308 3350 10308 3356 10308 5211 10309 5210 10309 3350 10309 5212 10310 3356 10310 3169 10310 5212 10311 5211 10311 3356 10311 3170 10312 5212 10312 3169 10312 3381 10313 3380 10313 3334 10313 3145 10314 3334 10314 3380 10314 3333 10315 3381 10315 3334 10315 3145 10316 3380 10316 3144 10316 5213 10317 5214 10317 3377 10317 5215 10318 3377 10318 5214 10318 5216 10319 5213 10319 3377 10319 3379 10320 5216 10320 3377 10320 3144 10321 3377 10321 5215 10321 5217 10322 5218 10322 5214 10322 5219 10323 5214 10323 5218 10323 5213 10324 5217 10324 5214 10324 5220 10325 5214 10325 5219 10325 5215 10326 5214 10326 5220 10326 5217 10327 3208 10327 5218 10327 5221 10328 5218 10328 3208 10328 5219 10329 5218 10329 5221 10329 5222 10330 3207 10330 3208 10330 5223 10331 5222 10331 3208 10331 5217 10332 5223 10332 3208 10332 5221 10333 3208 10333 3209 10333 3177 10334 3175 10334 3201 10334 3177 10335 3201 10335 3207 10335 3177 10336 3207 10336 5222 10336 5224 10337 5222 10337 5223 10337 3177 10338 5222 10338 5224 10338 5217 10339 5225 10339 5223 10339 5226 10340 5223 10340 5225 10340 5226 10341 5224 10341 5223 10341 5227 10342 5225 10342 5217 10342 5226 10343 5225 10343 5227 10343 5228 10344 5217 10344 5213 10344 5228 10345 5227 10345 5217 10345 5228 10346 5213 10346 5216 10346 5228 10347 5216 10347 3379 10347 5229 10348 3379 10348 3381 10348 5229 10349 5228 10349 3379 10349 5230 10350 3381 10350 3333 10350 5230 10351 5229 10351 3381 10351 5231 10352 3333 10352 3142 10352 5231 10353 5230 10353 3333 10353 3143 10354 5231 10354 3142 10354 5232 10355 5233 10355 5234 10355 5235 10356 5234 10356 5233 10356 5236 10357 5232 10357 5234 10357 5237 10358 5236 10358 5234 10358 5238 10359 5237 10359 5234 10359 5238 10360 5234 10360 5235 10360 5232 10361 3359 10361 5233 10361 5239 10362 5233 10362 3359 10362 5235 10363 5233 10363 5239 10363 5232 10364 3358 10364 3359 10364 5239 10365 3359 10365 3153 10365 3152 10366 3150 10366 3358 10366 5240 10367 3358 10367 5232 10367 5240 10368 3152 10368 3358 10368 5241 10369 5232 10369 5236 10369 5241 10370 5240 10370 5232 10370 5237 10371 5242 10371 5236 10371 5243 10372 5236 10372 5242 10372 5241 10373 5236 10373 5243 10373 5237 10374 5244 10374 5242 10374 5243 10375 5242 10375 5244 10375 5245 10376 5246 10376 5244 10376 5247 10377 5244 10377 5246 10377 5237 10378 5245 10378 5244 10378 5247 10379 5243 10379 5244 10379 3369 10380 5248 10380 5246 10380 5247 10381 5246 10381 5248 10381 5245 10382 3369 10382 5246 10382 3369 10383 5249 10383 5248 10383 5250 10384 5248 10384 5249 10384 5250 10385 5247 10385 5248 10385 3369 10386 3368 10386 5249 10386 5251 10387 5249 10387 3368 10387 5251 10388 5250 10388 5249 10388 5252 10389 3368 10389 3367 10389 5251 10390 3368 10390 5252 10390 5252 10391 3367 10391 3366 10391 3196 10392 3366 10392 3195 10392 3196 10393 5252 10393 3366 10393 5253 10394 3369 10394 5245 10394 3370 10395 3369 10395 5253 10395 5238 10396 5245 10396 5237 10396 5253 10397 5245 10397 5238 10397 5254 10398 3296 10398 3297 10398 5255 10399 3308 10399 3296 10399 5254 10400 5255 10400 3296 10400 5256 10401 3297 10401 3375 10401 5257 10402 5254 10402 3297 10402 5256 10403 5257 10403 3297 10403 5255 10404 3382 10404 3308 10404 5258 10405 3289 10405 3293 10405 5259 10406 3291 10406 3289 10406 5258 10407 5259 10407 3289 10407 5260 10408 3293 10408 3294 10408 5260 10409 5258 10409 3293 10409 5261 10410 3294 10410 3291 10410 5260 10411 3294 10411 5261 10411 5259 10412 5261 10412 3291 10412 3340 10413 5207 10413 5208 10413 3340 10414 5208 10414 5209 10414 5262 10415 5206 10415 5207 10415 5263 10416 3127 10416 5206 10416 5262 10417 5263 10417 5206 10417 3340 10418 5262 10418 5207 10418 5205 10419 5209 10419 5210 10419 5205 10420 3340 10420 5209 10420 5202 10421 5210 10421 5211 10421 5202 10422 5205 10422 5210 10422 5221 10423 5227 10423 5228 10423 3178 10424 5226 10424 5227 10424 5264 10425 3178 10425 5227 10425 3209 10426 5264 10426 5227 10426 5221 10427 3209 10427 5227 10427 5215 10428 5228 10428 5229 10428 5220 10429 5221 10429 5228 10429 5215 10430 5220 10430 5228 10430 5215 10431 5229 10431 5230 10431 5238 10432 5243 10432 5247 10432 5235 10433 5241 10433 5243 10433 5238 10434 5235 10434 5243 10434 5238 10435 5247 10435 5250 10435 5253 10436 5250 10436 5251 10436 5253 10437 5238 10437 5250 10437 3352 10438 5211 10438 5212 10438 5202 10439 5211 10439 3352 10439 5265 10440 5212 10440 3170 10440 5265 10441 3352 10441 5212 10441 5239 10442 3152 10442 5240 10442 5239 10443 3153 10443 3152 10443 5235 10444 5240 10444 5241 10444 5235 10445 5239 10445 5240 10445 3171 10446 5265 10446 3170 10446 3361 10447 3357 10447 3265 10447 5215 10448 5230 10448 5231 10448 3144 10449 5231 10449 3143 10449 3144 10450 5215 10450 5231 10450 5263 10451 3128 10451 3127 10451 3177 10452 5224 10452 5226 10452 3178 10453 3177 10453 5226 10453 3197 10454 5252 10454 3196 10454 3197 10455 5251 10455 5252 10455 3370 10456 5253 10456 5251 10456 5266 10457 3370 10457 5251 10457 3197 10458 5266 10458 5251 10458 5267 10459 3446 10459 3441 10459 5267 10460 3445 10460 3446 10460 5267 10461 3441 10461 3442 10461 5268 10462 3442 10462 3448 10462 5268 10463 5267 10463 3442 10463 5269 10464 3448 10464 3447 10464 5269 10465 5268 10465 3448 10465 5269 10466 3447 10466 3444 10466 5270 10467 3443 10467 3445 10467 5267 10468 5270 10468 3445 10468 5269 10469 3443 10469 5270 10469 5269 10470 3444 10470 3443 10470 5271 10471 5270 10471 5267 10471 5272 10472 5270 10472 5271 10472 5269 10473 5270 10473 5272 10473 5273 10474 5267 10474 5268 10474 5274 10475 5267 10475 5273 10475 5275 10476 5267 10476 5274 10476 5275 10477 5271 10477 5267 10477 5273 10478 5268 10478 5276 10478 5269 10479 5276 10479 5268 10479 3353 10480 3352 10480 5265 10480 5277 10481 5265 10481 3171 10481 5277 10482 3353 10482 5265 10482 5278 10483 3171 10483 3151 10483 5278 10484 5277 10484 3171 10484 3153 10485 5279 10485 3151 10485 5280 10486 3151 10486 5279 10486 5280 10487 5278 10487 3151 10487 5281 10488 5279 10488 3153 10488 5280 10489 5279 10489 5281 10489 5281 10490 3153 10490 3360 10490 3371 10491 3370 10491 5266 10491 5282 10492 5266 10492 3197 10492 3371 10493 5266 10493 5282 10493 5283 10494 3197 10494 3176 10494 5282 10495 3197 10495 5283 10495 5284 10496 3176 10496 3178 10496 5283 10497 3176 10497 5284 10497 5285 10498 3178 10498 5264 10498 5284 10499 3178 10499 5285 10499 3209 10500 5286 10500 5264 10500 5287 10501 5264 10501 5286 10501 5285 10502 5264 10502 5287 10502 3210 10503 5286 10503 3209 10503 5287 10504 5286 10504 3210 10504 5220 10505 5219 10505 5221 10505 5288 10506 3146 10506 3126 10506 3335 10507 3146 10507 5288 10507 5289 10508 3126 10508 3128 10508 5288 10509 3126 10509 5289 10509 3344 10510 3128 10510 5263 10510 5289 10511 3128 10511 3344 10511 3349 10512 5263 10512 5262 10512 3344 10513 5263 10513 3349 10513 3337 10514 5262 10514 3340 10514 3349 10515 5262 10515 3337 10515 3354 10516 3353 10516 5277 10516 3357 10517 5277 10517 5278 10517 3354 10518 5277 10518 3357 10518 5280 10519 3357 10519 5278 10519 5290 10520 5291 10520 5292 10520 5293 10521 5292 10521 5291 10521 5294 10522 5295 10522 5292 10522 5296 10523 5292 10523 5295 10523 5294 10524 5292 10524 5297 10524 5298 10525 5297 10525 5292 10525 5290 10526 5292 10526 5296 10526 5293 10527 5298 10527 5292 10527 5299 10528 5300 10528 5291 10528 5301 10529 5291 10529 5300 10529 5290 10530 5299 10530 5291 10530 5301 10531 5293 10531 5291 10531 5302 10532 5303 10532 5300 10532 5304 10533 5300 10533 5303 10533 5299 10534 5302 10534 5300 10534 5304 10535 5301 10535 5300 10535 3212 10536 5305 10536 5303 10536 5306 10537 5303 10537 5305 10537 5302 10538 3212 10538 5303 10538 5304 10539 5303 10539 5306 10539 5307 10540 5308 10540 5305 10540 5309 10541 5305 10541 5308 10541 3211 10542 5307 10542 5305 10542 3212 10543 3211 10543 5305 10543 5306 10544 5305 10544 5309 10544 3220 10545 5310 10545 5308 10545 5311 10546 5308 10546 5310 10546 5307 10547 3220 10547 5308 10547 5309 10548 5308 10548 5311 10548 3220 10549 5312 10549 5310 10549 5313 10550 5310 10550 5312 10550 5311 10551 5310 10551 5313 10551 3220 10552 3219 10552 5312 10552 5314 10553 5312 10553 3219 10553 5313 10554 5312 10554 5314 10554 5315 10555 3219 10555 3216 10555 5314 10556 3219 10556 5315 10556 5316 10557 3216 10557 3225 10557 5315 10558 3216 10558 5316 10558 5317 10559 3225 10559 3226 10559 5316 10560 3225 10560 5317 10560 5318 10561 3226 10561 3224 10561 5317 10562 3226 10562 5318 10562 3344 10563 3343 10563 3224 10563 5319 10564 3224 10564 3343 10564 5289 10565 3344 10565 3224 10565 5288 10566 5289 10566 3224 10566 3335 10567 5288 10567 3224 10567 5318 10568 3224 10568 5319 10568 5320 10569 5321 10569 3343 10569 5322 10570 3343 10570 5321 10570 5323 10571 5324 10571 3343 10571 5325 10572 3343 10572 5324 10572 3342 10573 5323 10573 3343 10573 5326 10574 5320 10574 3343 10574 5325 10575 5326 10575 3343 10575 5319 10576 3343 10576 5322 10576 5327 10577 5328 10577 5321 10577 5329 10578 5321 10578 5328 10578 5330 10579 5331 10579 5321 10579 5332 10580 5321 10580 5331 10580 5320 10581 5330 10581 5321 10581 5333 10582 5321 10582 5332 10582 5333 10583 5327 10583 5321 10583 5329 10584 5322 10584 5321 10584 5334 10585 5335 10585 5328 10585 5336 10586 5328 10586 5335 10586 5327 10587 5334 10587 5328 10587 5329 10588 5328 10588 5336 10588 5334 10589 5337 10589 5335 10589 5338 10590 5335 10590 5337 10590 5336 10591 5335 10591 5338 10591 5339 10592 5340 10592 5337 10592 5341 10593 5337 10593 5340 10593 5334 10594 5339 10594 5337 10594 5338 10595 5337 10595 5341 10595 5339 10596 5342 10596 5340 10596 5343 10597 5340 10597 5342 10597 5341 10598 5340 10598 5343 10598 5344 10599 5345 10599 5342 10599 5346 10600 5342 10600 5345 10600 5339 10601 5344 10601 5342 10601 5343 10602 5342 10602 5346 10602 5347 10603 5348 10603 5345 10603 5349 10604 5345 10604 5348 10604 5344 10605 5350 10605 5345 10605 5347 10606 5345 10606 5350 10606 5346 10607 5345 10607 5349 10607 5347 10608 5351 10608 5348 10608 5352 10609 5348 10609 5351 10609 5349 10610 5348 10610 5352 10610 5347 10611 5353 10611 5351 10611 5354 10612 5351 10612 5353 10612 5352 10613 5351 10613 5354 10613 5355 10614 5356 10614 5353 10614 5357 10615 5353 10615 5356 10615 5347 10616 5355 10616 5353 10616 5354 10617 5353 10617 5357 10617 5358 10618 5359 10618 5356 10618 5360 10619 5356 10619 5359 10619 5361 10620 5358 10620 5356 10620 5355 10621 5361 10621 5356 10621 5357 10622 5356 10622 5360 10622 5362 10623 5363 10623 5359 10623 5364 10624 5359 10624 5363 10624 5358 10625 5362 10625 5359 10625 5360 10626 5359 10626 5364 10626 5362 10627 5365 10627 5363 10627 5366 10628 5363 10628 5365 10628 5364 10629 5363 10629 5366 10629 5362 10630 5367 10630 5365 10630 5368 10631 5365 10631 5367 10631 5366 10632 5365 10632 5368 10632 5369 10633 5370 10633 5367 10633 5371 10634 5367 10634 5370 10634 5362 10635 5369 10635 5367 10635 5368 10636 5367 10636 5371 10636 5372 10637 5373 10637 5370 10637 5374 10638 5370 10638 5373 10638 5369 10639 5372 10639 5370 10639 5371 10640 5370 10640 5374 10640 5375 10641 5376 10641 5373 10641 5377 10642 5373 10642 5376 10642 5372 10643 5378 10643 5373 10643 5379 10644 5373 10644 5378 10644 5379 10645 5375 10645 5373 10645 5374 10646 5373 10646 5377 10646 5380 10647 5381 10647 5376 10647 5382 10648 5376 10648 5381 10648 5380 10649 5376 10649 5375 10649 5382 10650 5377 10650 5376 10650 5380 10651 5383 10651 5381 10651 5384 10652 5381 10652 5383 10652 5382 10653 5381 10653 5384 10653 5385 10654 5386 10654 5383 10654 5387 10655 5383 10655 5386 10655 5380 10656 5385 10656 5383 10656 5384 10657 5383 10657 5387 10657 5385 10658 5388 10658 5386 10658 5389 10659 5386 10659 5388 10659 5387 10660 5386 10660 5389 10660 5390 10661 5391 10661 5388 10661 5392 10662 5388 10662 5391 10662 5385 10663 5390 10663 5388 10663 5389 10664 5388 10664 5392 10664 5393 10665 5394 10665 5391 10665 5395 10666 5391 10666 5394 10666 5390 10667 5393 10667 5391 10667 5392 10668 5391 10668 5395 10668 5393 10669 5396 10669 5394 10669 5397 10670 5394 10670 5396 10670 5395 10671 5394 10671 5397 10671 5393 10672 5398 10672 5396 10672 5399 10673 5396 10673 5398 10673 5397 10674 5396 10674 5399 10674 5393 10675 5400 10675 5398 10675 5401 10676 5398 10676 5400 10676 5399 10677 5398 10677 5401 10677 5402 10678 5403 10678 5400 10678 5404 10679 5400 10679 5403 10679 5405 10680 5400 10680 5393 10680 5405 10681 5402 10681 5400 10681 5401 10682 5400 10682 5404 10682 5406 10683 3357 10683 5403 10683 5407 10684 5403 10684 3357 10684 5408 10685 5409 10685 5403 10685 5406 10686 5403 10686 5409 10686 5410 10687 5408 10687 5403 10687 5411 10688 5410 10688 5403 10688 5412 10689 5411 10689 5403 10689 5413 10690 5412 10690 5403 10690 5402 10691 5413 10691 5403 10691 5404 10692 5403 10692 5407 10692 5414 10693 3357 10693 3361 10693 5406 10694 3354 10694 3357 10694 5281 10695 3360 10695 3357 10695 5280 10696 5281 10696 3357 10696 5407 10697 3357 10697 5414 10697 5415 10698 3361 10698 3363 10698 5414 10699 3361 10699 5415 10699 5416 10700 3363 10700 3364 10700 5415 10701 3363 10701 5416 10701 5417 10702 3364 10702 3365 10702 5416 10703 3364 10703 5417 10703 5418 10704 3365 10704 3362 10704 5417 10705 3365 10705 5418 10705 5419 10706 3362 10706 3372 10706 5418 10707 3362 10707 5419 10707 5420 10708 3372 10708 3373 10708 5419 10709 3372 10709 5420 10709 5421 10710 3373 10710 3374 10710 5420 10711 3373 10711 5421 10711 3371 10712 5422 10712 3374 10712 5423 10713 3374 10713 5422 10713 5421 10714 3374 10714 5423 10714 5282 10715 5424 10715 5422 10715 5425 10716 5422 10716 5424 10716 3371 10717 5282 10717 5422 10717 5423 10718 5422 10718 5425 10718 5283 10719 5426 10719 5424 10719 5427 10720 5424 10720 5426 10720 5282 10721 5283 10721 5424 10721 5425 10722 5424 10722 5427 10722 5284 10723 5428 10723 5426 10723 5429 10724 5426 10724 5428 10724 5283 10725 5284 10725 5426 10725 5427 10726 5426 10726 5429 10726 5430 10727 5431 10727 5428 10727 5432 10728 5428 10728 5431 10728 5430 10729 5428 10729 5433 10729 5284 10730 5433 10730 5428 10730 5429 10731 5428 10731 5432 10731 5434 10732 5435 10732 5431 10732 5436 10733 5431 10733 5435 10733 5430 10734 5434 10734 5431 10734 5432 10735 5431 10735 5436 10735 5296 10736 5295 10736 5435 10736 5437 10737 5435 10737 5295 10737 5296 10738 5435 10738 5434 10738 5437 10739 5436 10739 5435 10739 5438 10740 5439 10740 5295 10740 5440 10741 5295 10741 5439 10741 5294 10742 5438 10742 5295 10742 5437 10743 5295 10743 5440 10743 5441 10744 5442 10744 5439 10744 5443 10745 5439 10745 5442 10745 5441 10746 5439 10746 5438 10746 5443 10747 5440 10747 5439 10747 5444 10748 5445 10748 5442 10748 5446 10749 5442 10749 5445 10749 5447 10750 5444 10750 5442 10750 5441 10751 5447 10751 5442 10751 5443 10752 5442 10752 5446 10752 5448 10753 5449 10753 5445 10753 5450 10754 5445 10754 5449 10754 5444 10755 5448 10755 5445 10755 5450 10756 5446 10756 5445 10756 5448 10757 5451 10757 5449 10757 5452 10758 5449 10758 5451 10758 5450 10759 5449 10759 5452 10759 5453 10760 5451 10760 5448 10760 5453 10761 5452 10761 5451 10761 5454 10762 5448 10762 5444 10762 5453 10763 5448 10763 5454 10763 5455 10764 5444 10764 5447 10764 5455 10765 5454 10765 5444 10765 5441 10766 5297 10766 5447 10766 5456 10767 5447 10767 5297 10767 5455 10768 5447 10768 5456 10768 5457 10769 5294 10769 5297 10769 5441 10770 5457 10770 5297 10770 5298 10771 5456 10771 5297 10771 5458 10772 3206 10772 3221 10772 5459 10773 3211 10773 3206 10773 5460 10774 5459 10774 3206 10774 5460 10775 3206 10775 5458 10775 5461 10776 3221 10776 3220 10776 5461 10777 5458 10777 3221 10777 5462 10778 3220 10778 5307 10778 5461 10779 3220 10779 5462 10779 5463 10780 5307 10780 3211 10780 5462 10781 5307 10781 5463 10781 5464 10782 3211 10782 5459 10782 5464 10783 5463 10783 3211 10783 5464 10784 5459 10784 5460 10784 5465 10785 5466 10785 5467 10785 5468 10786 5467 10786 5466 10786 5469 10787 3212 10787 5467 10787 5302 10788 5467 10788 3212 10788 5470 10789 5469 10789 5467 10789 5302 10790 5465 10790 5467 10790 5470 10791 5467 10791 5468 10791 5290 10792 5433 10792 5466 10792 5471 10793 5466 10793 5433 10793 5290 10794 5466 10794 5465 10794 5471 10795 5468 10795 5466 10795 3210 10796 3213 10796 5433 10796 5472 10797 5433 10797 3213 10797 5473 10798 5430 10798 5433 10798 5290 10799 5473 10799 5433 10799 5287 10800 3210 10800 5433 10800 5285 10801 5287 10801 5433 10801 5284 10802 5285 10802 5433 10802 5471 10803 5433 10803 5472 10803 5474 10804 3213 10804 3212 10804 5472 10805 3213 10805 5474 10805 5475 10806 3212 10806 5469 10806 5475 10807 5474 10807 3212 10807 5475 10808 5469 10808 5470 10808 5476 10809 5409 10809 5408 10809 5476 10810 5406 10810 5409 10810 5477 10811 5408 10811 5410 10811 5478 10812 5408 10812 5477 10812 5476 10813 5408 10813 5478 10813 5479 10814 5410 10814 5411 10814 5480 10815 5410 10815 5479 10815 5477 10816 5410 10816 5480 10816 5412 10817 5481 10817 5411 10817 5479 10818 5411 10818 5481 10818 5482 10819 5481 10819 5412 10819 5483 10820 5481 10820 5482 10820 5479 10821 5481 10821 5483 10821 5484 10822 3346 10822 5412 10822 5485 10823 5412 10823 3346 10823 5486 10824 5484 10824 5412 10824 5487 10825 5486 10825 5412 10825 5413 10826 5487 10826 5412 10826 5485 10827 5482 10827 5412 10827 5488 10828 3346 10828 3345 10828 5489 10829 3347 10829 3346 10829 5484 10830 5489 10830 3346 10830 5485 10831 3346 10831 5488 10831 5490 10832 3345 10832 3341 10832 5488 10833 3345 10833 5483 10833 5490 10834 5483 10834 3345 10834 5491 10835 3341 10835 3355 10835 5491 10836 5490 10836 3341 10836 5491 10837 3355 10837 3354 10837 5492 10838 3354 10838 5406 10838 5493 10839 3354 10839 5492 10839 5491 10840 3354 10840 5493 10840 5494 10841 5406 10841 5476 10841 5492 10842 5406 10842 5494 10842 5495 10843 5324 10843 5323 10843 5495 10844 5325 10844 5324 10844 5496 10845 5323 10845 3342 10845 5497 10846 5323 10846 5496 10846 5495 10847 5323 10847 5497 10847 5498 10848 3342 10848 3348 10848 5499 10849 3342 10849 5498 10849 5496 10850 3342 10850 5499 10850 5498 10851 3348 10851 3347 10851 5500 10852 3347 10852 5489 10852 5501 10853 3347 10853 5500 10853 5498 10854 3347 10854 5501 10854 5502 10855 5331 10855 5489 10855 5503 10856 5489 10856 5331 10856 5504 10857 5502 10857 5489 10857 5505 10858 5504 10858 5489 10858 5484 10859 5505 10859 5489 10859 5503 10860 5500 10860 5489 10860 5330 10861 5506 10861 5331 10861 5507 10862 5331 10862 5506 10862 5502 10863 5332 10863 5331 10863 5503 10864 5331 10864 5507 10864 5508 10865 5506 10865 5330 10865 5507 10866 5506 10866 5501 10866 5508 10867 5501 10867 5506 10867 5509 10868 5330 10868 5320 10868 5509 10869 5508 10869 5330 10869 5509 10870 5320 10870 5326 10870 5510 10871 5326 10871 5325 10871 5511 10872 5326 10872 5510 10872 5509 10873 5326 10873 5511 10873 5512 10874 5325 10874 5495 10874 5510 10875 5325 10875 5512 10875 5513 10876 5438 10876 5294 10876 5514 10877 5441 10877 5438 10877 5514 10878 5438 10878 5513 10878 5515 10879 5294 10879 5457 10879 5513 10880 5294 10880 5515 10880 5516 10881 5457 10881 5441 10881 5515 10882 5457 10882 5516 10882 5514 10883 5516 10883 5441 10883 5517 10884 5332 10884 5502 10884 5518 10885 5519 10885 5332 10885 5333 10886 5332 10886 5519 10886 5520 10887 5518 10887 5332 10887 5520 10888 5332 10888 5517 10888 5521 10889 5502 10889 5504 10889 5517 10890 5502 10890 5521 10890 5522 10891 5504 10891 5505 10891 5523 10892 5521 10892 5504 10892 5522 10893 5523 10893 5504 10893 5524 10894 5505 10894 5484 10894 5524 10895 5522 10895 5505 10895 5524 10896 5484 10896 5486 10896 5525 10897 5486 10897 5487 10897 5526 10898 5486 10898 5525 10898 5524 10899 5486 10899 5526 10899 5527 10900 5487 10900 5413 10900 5528 10901 5487 10901 5527 10901 5525 10902 5487 10902 5528 10902 5402 10903 5529 10903 5413 10903 5527 10904 5413 10904 5529 10904 5530 10905 5531 10905 5529 10905 5532 10906 5529 10906 5531 10906 5402 10907 5530 10907 5529 10907 5533 10908 5529 10908 5532 10908 5527 10909 5529 10909 5533 10909 5530 10910 5519 10910 5531 10910 5534 10911 5531 10911 5519 10911 5535 10912 5531 10912 5534 10912 5532 10913 5531 10913 5535 10913 5534 10914 5519 10914 5518 10914 5530 10915 5333 10915 5519 10915 5523 10916 5518 10916 5520 10916 5534 10917 5518 10917 5523 10917 5536 10918 5393 10918 5390 10918 5537 10919 5405 10919 5393 10919 5537 10920 5393 10920 5536 10920 5538 10921 5390 10921 5385 10921 5536 10922 5390 10922 5538 10922 5539 10923 5540 10923 5385 10923 5541 10924 5385 10924 5540 10924 5380 10925 5539 10925 5385 10925 5541 10926 5538 10926 5385 10926 5379 10927 5378 10927 5540 10927 5542 10928 5540 10928 5378 10928 5539 10929 5379 10929 5540 10929 5542 10930 5543 10930 5540 10930 5544 10931 5540 10931 5543 10931 5541 10932 5540 10932 5544 10932 5545 10933 5378 10933 5372 10933 5546 10934 5378 10934 5545 10934 5547 10935 5378 10935 5546 10935 5542 10936 5378 10936 5548 10936 5549 10937 5548 10937 5378 10937 5547 10938 5549 10938 5378 10938 5550 10939 5372 10939 5369 10939 5545 10940 5372 10940 5550 10940 5551 10941 5369 10941 5362 10941 5550 10942 5369 10942 5551 10942 5552 10943 5362 10943 5358 10943 5551 10944 5362 10944 5552 10944 5361 10945 5350 10945 5358 10945 5553 10946 5358 10946 5350 10946 5552 10947 5358 10947 5553 10947 5344 10948 5554 10948 5350 10948 5553 10949 5350 10949 5554 10949 5361 10950 5555 10950 5350 10950 5347 10951 5350 10951 5555 10951 5556 10952 5554 10952 5344 10952 5553 10953 5554 10953 5557 10953 5558 10954 5557 10954 5554 10954 5556 10955 5558 10955 5554 10955 5559 10956 5344 10956 5339 10956 5559 10957 5556 10957 5344 10957 5560 10958 5339 10958 5334 10958 5559 10959 5339 10959 5560 10959 5561 10960 5334 10960 5327 10960 5560 10961 5334 10961 5561 10961 5562 10962 5327 10962 5333 10962 5562 10963 5561 10963 5327 10963 5530 10964 5563 10964 5333 10964 5564 10965 5333 10965 5563 10965 5562 10966 5333 10966 5564 10966 5565 10967 5566 10967 5563 10967 5567 10968 5563 10968 5566 10968 5568 10969 5565 10969 5563 10969 5530 10970 5568 10970 5563 10970 5567 10971 5564 10971 5563 10971 5565 10972 5569 10972 5566 10972 5570 10973 5566 10973 5569 10973 5567 10974 5566 10974 5570 10974 5565 10975 5571 10975 5569 10975 5572 10976 5569 10976 5571 10976 5572 10977 5570 10977 5569 10977 5565 10978 5573 10978 5571 10978 5574 10979 5571 10979 5573 10979 5574 10980 5572 10980 5571 10980 5565 10981 5575 10981 5573 10981 5576 10982 5573 10982 5575 10982 5576 10983 5574 10983 5573 10983 5577 10984 5575 10984 5565 10984 5557 10985 5575 10985 5577 10985 5578 10986 5575 10986 5557 10986 5576 10987 5575 10987 5578 10987 5579 10988 5580 10988 5565 10988 5581 10989 5565 10989 5580 10989 5568 10990 5579 10990 5565 10990 5582 10991 5577 10991 5565 10991 5583 10992 5582 10992 5565 10992 5581 10993 5583 10993 5565 10993 5584 10994 5580 10994 5579 10994 5581 10995 5580 10995 5585 10995 5586 10996 5585 10996 5580 10996 5587 10997 5586 10997 5580 10997 5584 10998 5587 10998 5580 10998 5588 10999 5579 10999 5568 10999 5588 11000 5584 11000 5579 11000 5589 11001 5568 11001 5530 11001 5588 11002 5568 11002 5589 11002 5590 11003 5530 11003 5402 11003 5590 11004 5589 11004 5530 11004 5591 11005 5402 11005 5405 11005 5590 11006 5402 11006 5591 11006 5537 11007 5591 11007 5405 11007 5592 11008 5261 11008 5259 11008 5593 11009 5260 11009 5261 11009 5592 11010 5593 11010 5261 11010 5594 11011 5259 11011 5258 11011 5594 11012 5592 11012 5259 11012 5595 11013 5258 11013 5260 11013 5594 11014 5258 11014 5595 11014 5593 11015 5595 11015 5260 11015 5596 11016 5375 11016 5379 11016 5597 11017 5380 11017 5375 11017 5597 11018 5375 11018 5596 11018 5598 11019 5379 11019 5539 11019 5598 11020 5596 11020 5379 11020 5599 11021 5539 11021 5380 11021 5598 11022 5539 11022 5599 11022 5597 11023 5599 11023 5380 11023 5600 11024 5434 11024 5430 11024 5601 11025 5296 11025 5434 11025 5601 11026 5434 11026 5600 11026 5602 11027 5430 11027 5473 11027 5602 11028 5600 11028 5430 11028 5290 11029 5296 11029 5473 11029 5603 11030 5473 11030 5296 11030 5602 11031 5473 11031 5603 11031 5601 11032 5603 11032 5296 11032 5604 11033 5465 11033 5302 11033 5605 11034 5290 11034 5465 11034 5605 11035 5465 11035 5604 11035 5606 11036 5302 11036 5299 11036 5606 11037 5604 11037 5302 11037 5607 11038 5299 11038 5290 11038 5606 11039 5299 11039 5607 11039 5605 11040 5607 11040 5290 11040 5608 11041 5555 11041 5361 11041 5609 11042 5347 11042 5555 11042 5609 11043 5555 11043 5608 11043 5610 11044 5361 11044 5355 11044 5610 11045 5608 11045 5361 11045 5611 11046 5355 11046 5347 11046 5610 11047 5355 11047 5611 11047 5609 11048 5611 11048 5347 11048 5256 11049 3375 11049 3376 11049 3383 11050 3376 11050 3378 11050 3383 11051 5256 11051 3376 11051 3384 11052 3382 11052 5255 11052 5257 11053 5255 11053 5254 11053 3384 11054 5255 11054 5257 11054 5612 11055 5456 11055 5298 11055 5612 11056 5455 11056 5456 11056 5613 11057 5298 11057 5293 11057 5613 11058 5612 11058 5298 11058 5614 11059 5293 11059 5301 11059 5615 11060 5293 11060 5614 11060 5613 11061 5293 11061 5615 11061 5612 11062 5454 11062 5455 11062 5612 11063 5453 11063 5454 11063 5612 11064 5452 11064 5453 11064 5616 11065 5450 11065 5452 11065 5612 11066 5616 11066 5452 11066 5616 11067 5446 11067 5450 11067 5616 11068 5443 11068 5446 11068 5617 11069 5440 11069 5443 11069 5618 11070 5437 11070 5440 11070 5617 11071 5618 11071 5440 11071 5619 11072 5617 11072 5443 11072 5616 11073 5619 11073 5443 11073 5620 11074 5436 11074 5621 11074 5622 11075 5621 11075 5436 11075 5432 11076 5436 11076 5620 11076 5437 11077 5622 11077 5436 11077 5622 11078 5620 11078 5621 11078 5623 11079 5620 11079 5622 11079 5432 11080 5620 11080 5624 11080 5623 11081 5624 11081 5620 11081 5625 11082 5622 11082 5437 11082 5626 11083 5623 11083 5622 11083 5625 11084 5626 11084 5622 11084 5618 11085 5627 11085 5437 11085 5625 11086 5437 11086 5627 11086 5423 11087 5628 11087 5629 11087 5630 11088 5629 11088 5628 11088 5631 11089 5423 11089 5629 11089 5632 11090 5631 11090 5629 11090 5630 11091 5632 11091 5629 11091 5633 11092 5634 11092 5628 11092 5635 11093 5628 11093 5634 11093 5423 11094 5425 11094 5628 11094 5636 11095 5628 11095 5425 11095 5636 11096 5633 11096 5628 11096 5635 11097 5630 11097 5628 11097 5429 11098 5637 11098 5634 11098 5638 11099 5634 11099 5637 11099 5639 11100 5429 11100 5634 11100 5639 11101 5634 11101 5633 11101 5635 11102 5634 11102 5638 11102 5624 11103 5640 11103 5637 11103 5641 11104 5637 11104 5640 11104 5429 11105 5624 11105 5637 11105 5638 11106 5637 11106 5641 11106 5642 11107 5640 11107 5624 11107 5641 11108 5640 11108 5642 11108 5429 11109 5432 11109 5624 11109 5623 11110 5642 11110 5624 11110 5639 11111 5427 11111 5429 11111 5643 11112 5425 11112 5427 11112 5639 11113 5643 11113 5427 11113 5643 11114 5636 11114 5425 11114 5631 11115 5421 11115 5423 11115 5644 11116 5420 11116 5421 11116 5631 11117 5644 11117 5421 11117 5645 11118 5419 11118 5420 11118 5646 11119 5645 11119 5420 11119 5647 11120 5646 11120 5420 11120 5644 11121 5647 11121 5420 11121 5418 11122 5419 11122 5645 11122 5418 11123 5645 11123 5646 11123 5648 11124 5646 11124 5647 11124 5418 11125 5646 11125 5648 11125 5649 11126 5647 11126 5644 11126 5649 11127 5648 11127 5647 11127 5650 11128 5644 11128 5631 11128 5649 11129 5644 11129 5650 11129 5632 11130 5650 11130 5631 11130 5651 11131 5633 11131 5636 11131 5652 11132 5639 11132 5633 11132 5652 11133 5633 11133 5651 11133 5653 11134 5636 11134 5643 11134 5654 11135 5651 11135 5636 11135 5654 11136 5636 11136 5655 11136 5653 11137 5655 11137 5636 11137 5656 11138 5643 11138 5639 11138 5656 11139 5653 11139 5643 11139 5657 11140 5639 11140 5652 11140 5658 11141 5639 11141 5657 11141 5658 11142 5656 11142 5639 11142 5659 11143 5650 11143 5632 11143 5659 11144 5649 11144 5650 11144 5659 11145 5632 11145 5630 11145 5659 11146 5630 11146 5635 11146 5659 11147 5648 11147 5649 11147 5660 11148 5418 11148 5648 11148 5659 11149 5660 11149 5648 11149 5623 11150 5641 11150 5642 11150 5661 11151 5638 11151 5641 11151 5662 11152 5641 11152 5623 11152 5663 11153 5641 11153 5664 11153 5662 11154 5664 11154 5641 11154 5663 11155 5661 11155 5641 11155 5665 11156 5635 11156 5638 11156 5661 11157 5665 11157 5638 11157 5665 11158 5666 11158 5635 11158 5659 11159 5635 11159 5666 11159 5667 11160 5417 11160 5418 11160 5660 11161 5667 11161 5418 11161 5668 11162 5416 11162 5417 11162 5667 11163 5668 11163 5417 11163 5669 11164 5415 11164 5416 11164 5668 11165 5669 11165 5416 11165 5670 11166 5414 11166 5415 11166 5669 11167 5670 11167 5415 11167 5671 11168 5672 11168 5414 11168 5407 11169 5414 11169 5672 11169 5670 11170 5671 11170 5414 11170 5673 11171 5674 11171 5672 11171 5675 11172 5672 11172 5674 11172 5676 11173 5673 11173 5672 11173 5671 11174 5676 11174 5672 11174 5677 11175 5407 11175 5672 11175 5675 11176 5677 11176 5672 11176 5673 11177 5678 11177 5674 11177 5679 11178 5674 11178 5678 11178 5679 11179 5675 11179 5674 11179 5680 11180 5681 11180 5678 11180 5682 11181 5678 11181 5681 11181 5673 11182 5680 11182 5678 11182 5679 11183 5678 11183 5682 11183 5683 11184 5684 11184 5681 11184 5685 11185 5681 11185 5684 11185 5686 11186 5681 11186 5680 11186 5686 11187 5683 11187 5681 11187 5682 11188 5681 11188 5685 11188 5687 11189 5688 11189 5684 11189 5689 11190 5684 11190 5688 11190 5683 11191 5687 11191 5684 11191 5685 11192 5684 11192 5689 11192 5690 11193 5691 11193 5688 11193 5692 11194 5688 11194 5691 11194 5687 11195 5693 11195 5688 11195 5690 11196 5688 11196 5693 11196 5689 11197 5688 11197 5692 11197 5690 11198 5694 11198 5691 11198 5695 11199 5691 11199 5694 11199 5692 11200 5691 11200 5695 11200 5690 11201 5696 11201 5694 11201 5697 11202 5694 11202 5696 11202 5695 11203 5694 11203 5697 11203 5698 11204 5377 11204 5696 11204 5699 11205 5696 11205 5377 11205 5700 11206 5701 11206 5696 11206 5698 11207 5696 11207 5701 11207 5702 11208 5700 11208 5696 11208 5703 11209 5702 11209 5696 11209 5690 11210 5703 11210 5696 11210 5697 11211 5696 11211 5699 11211 5704 11212 5374 11212 5377 11212 5705 11213 5377 11213 5698 11213 5706 11214 5704 11214 5377 11214 5705 11215 5706 11215 5377 11215 5707 11216 5377 11216 5382 11216 5699 11217 5377 11217 5707 11217 5708 11218 5371 11218 5374 11218 5704 11219 5708 11219 5374 11219 5709 11220 5368 11220 5371 11220 5708 11221 5709 11221 5371 11221 5710 11222 5366 11222 5368 11222 5709 11223 5710 11223 5368 11223 5711 11224 5364 11224 5366 11224 5712 11225 5711 11225 5366 11225 5710 11226 5712 11226 5366 11226 5713 11227 5714 11227 5364 11227 5360 11228 5364 11228 5714 11228 5715 11229 5716 11229 5364 11229 5717 11230 5364 11230 5716 11230 5718 11231 5715 11231 5364 11231 5711 11232 5718 11232 5364 11232 5717 11233 5713 11233 5364 11233 5719 11234 5720 11234 5714 11234 5721 11235 5714 11235 5720 11235 5713 11236 5719 11236 5714 11236 5722 11237 5360 11237 5714 11237 5721 11238 5722 11238 5714 11238 5719 11239 5723 11239 5720 11239 5724 11240 5720 11240 5723 11240 5724 11241 5721 11241 5720 11241 5725 11242 5726 11242 5723 11242 5727 11243 5723 11243 5726 11243 5719 11244 5725 11244 5723 11244 5724 11245 5723 11245 5727 11245 5728 11246 5729 11246 5726 11246 5730 11247 5726 11247 5729 11247 5731 11248 5732 11248 5726 11248 5728 11249 5726 11249 5732 11249 5725 11250 5731 11250 5726 11250 5730 11251 5727 11251 5726 11251 5733 11252 5734 11252 5729 11252 5735 11253 5729 11253 5734 11253 5728 11254 5736 11254 5729 11254 5733 11255 5729 11255 5736 11255 5730 11256 5729 11256 5735 11256 5733 11257 5737 11257 5734 11257 5738 11258 5734 11258 5737 11258 5735 11259 5734 11259 5738 11259 5739 11260 5322 11260 5737 11260 5740 11261 5737 11261 5322 11261 5733 11262 5739 11262 5737 11262 5738 11263 5737 11263 5740 11263 5741 11264 5319 11264 5322 11264 5739 11265 5741 11265 5322 11265 5742 11266 5322 11266 5329 11266 5740 11267 5322 11267 5742 11267 5743 11268 5318 11268 5319 11268 5741 11269 5743 11269 5319 11269 5744 11270 5317 11270 5318 11270 5745 11271 5744 11271 5318 11271 5743 11272 5745 11272 5318 11272 5746 11273 5316 11273 5317 11273 5744 11274 5746 11274 5317 11274 5746 11275 5747 11275 5316 11275 5315 11276 5316 11276 5747 11276 5748 11277 5749 11277 5747 11277 5750 11278 5747 11278 5749 11278 5746 11279 5748 11279 5747 11279 5751 11280 5315 11280 5747 11280 5750 11281 5751 11281 5747 11281 5752 11282 5753 11282 5749 11282 5754 11283 5749 11283 5753 11283 5748 11284 5752 11284 5749 11284 5754 11285 5750 11285 5749 11285 5752 11286 5755 11286 5753 11286 5756 11287 5753 11287 5755 11287 5754 11288 5753 11288 5756 11288 5752 11289 5757 11289 5755 11289 5758 11290 5755 11290 5757 11290 5756 11291 5755 11291 5758 11291 5759 11292 5760 11292 5757 11292 5761 11293 5757 11293 5760 11293 5762 11294 5759 11294 5757 11294 5752 11295 5762 11295 5757 11295 5758 11296 5757 11296 5761 11296 5763 11297 5764 11297 5760 11297 5765 11298 5760 11298 5764 11298 5759 11299 5766 11299 5760 11299 5763 11300 5760 11300 5766 11300 5765 11301 5761 11301 5760 11301 5767 11302 5768 11302 5764 11302 5769 11303 5764 11303 5768 11303 5770 11304 5767 11304 5764 11304 5763 11305 5771 11305 5764 11305 5770 11306 5764 11306 5771 11306 5765 11307 5764 11307 5769 11307 5772 11308 5768 11308 5767 11308 5769 11309 5768 11309 5772 11309 5773 11310 5774 11310 5767 11310 5775 11311 5767 11311 5774 11311 5770 11312 5773 11312 5767 11312 5772 11313 5767 11313 5775 11313 5776 11314 5301 11314 5774 11314 5777 11315 5774 11315 5301 11315 5773 11316 5776 11316 5774 11316 5775 11317 5774 11317 5777 11317 5776 11318 5614 11318 5301 11318 5778 11319 5301 11319 5304 11319 5777 11320 5301 11320 5778 11320 5626 11321 5662 11321 5623 11321 5673 11322 5779 11322 5680 11322 5780 11323 5680 11323 5779 11323 5781 11324 5686 11324 5680 11324 5781 11325 5680 11325 5780 11325 5782 11326 5783 11326 5779 11326 5784 11327 5779 11327 5783 11327 5673 11328 5782 11328 5779 11328 5785 11329 5779 11329 5784 11329 5780 11330 5779 11330 5785 11330 5782 11331 5786 11331 5783 11331 5787 11332 5783 11332 5786 11332 5787 11333 5784 11333 5783 11333 5782 11334 5693 11334 5786 11334 5787 11335 5786 11335 5693 11335 5788 11336 5693 11336 5687 11336 5782 11337 5690 11337 5693 11337 5787 11338 5693 11338 5788 11338 5789 11339 5687 11339 5683 11339 5790 11340 5687 11340 5789 11340 5788 11341 5687 11341 5790 11341 5781 11342 5683 11342 5686 11342 5789 11343 5683 11343 5781 11343 5662 11344 5791 11344 5664 11344 5657 11345 5664 11345 5791 11345 5652 11346 5663 11346 5664 11346 5657 11347 5652 11347 5664 11347 5792 11348 5793 11348 5791 11348 5656 11349 5791 11349 5793 11349 5662 11350 5792 11350 5791 11350 5658 11351 5657 11351 5791 11351 5658 11352 5791 11352 5656 11352 5792 11353 5794 11353 5793 11353 5653 11354 5793 11354 5794 11354 5656 11355 5793 11355 5653 11355 5792 11356 5666 11356 5794 11356 5653 11357 5794 11357 5666 11357 5655 11358 5666 11358 5665 11358 5792 11359 5659 11359 5666 11359 5653 11360 5666 11360 5655 11360 5651 11361 5665 11361 5661 11361 5654 11362 5665 11362 5651 11362 5654 11363 5655 11363 5665 11363 5652 11364 5661 11364 5663 11364 5652 11365 5651 11365 5661 11365 5795 11366 5766 11366 5759 11366 5796 11367 5763 11367 5766 11367 5796 11368 5766 11368 5795 11368 5797 11369 5759 11369 5762 11369 5798 11370 5795 11370 5759 11370 5798 11371 5759 11371 5797 11371 5799 11372 5800 11372 5762 11372 5801 11373 5762 11373 5800 11373 5752 11374 5799 11374 5762 11374 5797 11375 5762 11375 5801 11375 5799 11376 5802 11376 5800 11376 5801 11377 5800 11377 5802 11377 5803 11378 5804 11378 5802 11378 5805 11379 5802 11379 5804 11379 5799 11380 5803 11380 5802 11380 5801 11381 5802 11381 5805 11381 5803 11382 5771 11382 5804 11382 5806 11383 5804 11383 5771 11383 5807 11384 5804 11384 5806 11384 5805 11385 5804 11385 5807 11385 5796 11386 5771 11386 5763 11386 5803 11387 5770 11387 5771 11387 5806 11388 5771 11388 5796 11388 5808 11389 5732 11389 5731 11389 5809 11390 5728 11390 5732 11390 5809 11391 5732 11391 5808 11391 5810 11392 5731 11392 5725 11392 5811 11393 5808 11393 5731 11393 5811 11394 5731 11394 5810 11394 5812 11395 5813 11395 5725 11395 5814 11396 5725 11396 5813 11396 5719 11397 5812 11397 5725 11397 5810 11398 5725 11398 5814 11398 5812 11399 5815 11399 5813 11399 5814 11400 5813 11400 5815 11400 5733 11401 5816 11401 5815 11401 5817 11402 5815 11402 5816 11402 5812 11403 5733 11403 5815 11403 5814 11404 5815 11404 5817 11404 5733 11405 5736 11405 5816 11405 5818 11406 5816 11406 5736 11406 5819 11407 5816 11407 5818 11407 5817 11408 5816 11408 5819 11408 5809 11409 5736 11409 5728 11409 5818 11410 5736 11410 5809 11410 5820 11411 5701 11411 5700 11411 5821 11412 5698 11412 5701 11412 5820 11413 5821 11413 5701 11413 5822 11414 5823 11414 5700 11414 5824 11415 5700 11415 5823 11415 5825 11416 5822 11416 5700 11416 5702 11417 5825 11417 5700 11417 5820 11418 5700 11418 5824 11418 5826 11419 5698 11419 5823 11419 5827 11420 5823 11420 5698 11420 5828 11421 5823 11421 5822 11421 5828 11422 5826 11422 5823 11422 5824 11423 5823 11423 5827 11423 5826 11424 5705 11424 5698 11424 5821 11425 5827 11425 5698 11425 5829 11426 5716 11426 5830 11426 5831 11427 5830 11427 5716 11427 5832 11428 5830 11428 5833 11428 5834 11429 5833 11429 5830 11429 5835 11430 5830 11430 5832 11430 5829 11431 5830 11431 5835 11431 5831 11432 5834 11432 5830 11432 5836 11433 5716 11433 5715 11433 5829 11434 5717 11434 5716 11434 5836 11435 5831 11435 5716 11435 5837 11436 5833 11436 5715 11436 5838 11437 5715 11437 5833 11437 5718 11438 5837 11438 5715 11438 5836 11439 5715 11439 5838 11439 5839 11440 5832 11440 5833 11440 5840 11441 5839 11441 5833 11441 5840 11442 5833 11442 5837 11442 5834 11443 5838 11443 5833 11443 5776 11444 5841 11444 5614 11444 5607 11445 5614 11445 5841 11445 5605 11446 5615 11446 5614 11446 5605 11447 5614 11447 5607 11447 5842 11448 5843 11448 5841 11448 5606 11449 5841 11449 5843 11449 5844 11450 5842 11450 5841 11450 5776 11451 5844 11451 5841 11451 5606 11452 5607 11452 5841 11452 5613 11453 5615 11453 5843 11453 5604 11454 5843 11454 5615 11454 5842 11455 5613 11455 5843 11455 5606 11456 5843 11456 5604 11456 5605 11457 5604 11457 5615 11457 5845 11458 5627 11458 5846 11458 5603 11459 5846 11459 5627 11459 5847 11460 5846 11460 5617 11460 5601 11461 5617 11461 5846 11461 5847 11462 5845 11462 5846 11462 5601 11463 5846 11463 5603 11463 5602 11464 5627 11464 5618 11464 5845 11465 5625 11465 5627 11465 5602 11466 5603 11466 5627 11466 5600 11467 5618 11467 5617 11467 5602 11468 5618 11468 5600 11468 5619 11469 5847 11469 5617 11469 5601 11470 5600 11470 5617 11470 5828 11471 5822 11471 5848 11471 5599 11472 5848 11472 5822 11472 5849 11473 5848 11473 5850 11473 5597 11474 5850 11474 5848 11474 5849 11475 5828 11475 5848 11475 5597 11476 5848 11476 5599 11476 5598 11477 5822 11477 5825 11477 5598 11478 5599 11478 5822 11478 5702 11479 5850 11479 5825 11479 5596 11480 5825 11480 5850 11480 5598 11481 5825 11481 5596 11481 5851 11482 5849 11482 5850 11482 5852 11483 5851 11483 5850 11483 5702 11484 5852 11484 5850 11484 5597 11485 5596 11485 5850 11485 5611 11486 5832 11486 5839 11486 5609 11487 5835 11487 5832 11487 5609 11488 5832 11488 5611 11488 5840 11489 5853 11489 5839 11489 5610 11490 5839 11490 5853 11490 5610 11491 5611 11491 5839 11491 5854 11492 5835 11492 5853 11492 5608 11493 5853 11493 5835 11493 5840 11494 5854 11494 5853 11494 5610 11495 5853 11495 5608 11495 5855 11496 5829 11496 5835 11496 5856 11497 5855 11497 5835 11497 5854 11498 5856 11498 5835 11498 5609 11499 5608 11499 5835 11499 5857 11500 5837 11500 5718 11500 5858 11501 5840 11501 5837 11501 5859 11502 5858 11502 5837 11502 5857 11503 5859 11503 5837 11503 5857 11504 5718 11504 5711 11504 5860 11505 5711 11505 5712 11505 5857 11506 5711 11506 5860 11506 5861 11507 5712 11507 5710 11507 5860 11508 5712 11508 5861 11508 5862 11509 5710 11509 5709 11509 5861 11510 5710 11510 5862 11510 5863 11511 5709 11511 5708 11511 5862 11512 5709 11512 5863 11512 5864 11513 5708 11513 5704 11513 5863 11514 5708 11514 5864 11514 5865 11515 5704 11515 5706 11515 5864 11516 5704 11516 5865 11516 5866 11517 5706 11517 5705 11517 5865 11518 5706 11518 5866 11518 5867 11519 5705 11519 5826 11519 5868 11520 5705 11520 5867 11520 5866 11521 5705 11521 5868 11521 5867 11522 5826 11522 5828 11522 5869 11523 5828 11523 5849 11523 5867 11524 5828 11524 5869 11524 5870 11525 5849 11525 5851 11525 5869 11526 5849 11526 5870 11526 5871 11527 5851 11527 5852 11527 5870 11528 5851 11528 5871 11528 5872 11529 5852 11529 5702 11529 5873 11530 5852 11530 5872 11530 5871 11531 5852 11531 5873 11531 5872 11532 5702 11532 5703 11532 5874 11533 5703 11533 5690 11533 5872 11534 5703 11534 5874 11534 5875 11535 5690 11535 5782 11535 5874 11536 5690 11536 5875 11536 5876 11537 5782 11537 5673 11537 5875 11538 5782 11538 5876 11538 5877 11539 5673 11539 5676 11539 5876 11540 5673 11540 5877 11540 5878 11541 5676 11541 5671 11541 5877 11542 5676 11542 5878 11542 5879 11543 5671 11543 5670 11543 5878 11544 5671 11544 5879 11544 5880 11545 5670 11545 5669 11545 5879 11546 5670 11546 5880 11546 5881 11547 5669 11547 5668 11547 5880 11548 5669 11548 5881 11548 5882 11549 5668 11549 5667 11549 5881 11550 5668 11550 5882 11550 5883 11551 5667 11551 5660 11551 5882 11552 5667 11552 5883 11552 5884 11553 5660 11553 5659 11553 5883 11554 5660 11554 5884 11554 5885 11555 5659 11555 5792 11555 5884 11556 5659 11556 5885 11556 5886 11557 5792 11557 5662 11557 5886 11558 5885 11558 5792 11558 5887 11559 5662 11559 5626 11559 5886 11560 5662 11560 5887 11560 5888 11561 5626 11561 5625 11561 5888 11562 5887 11562 5626 11562 5845 11563 5889 11563 5625 11563 5890 11564 5625 11564 5889 11564 5888 11565 5625 11565 5890 11565 5845 11566 5891 11566 5889 11566 5892 11567 5889 11567 5891 11567 5892 11568 5890 11568 5889 11568 5893 11569 5891 11569 5845 11569 5893 11570 5892 11570 5891 11570 5894 11571 5845 11571 5847 11571 5894 11572 5893 11572 5845 11572 5895 11573 5847 11573 5619 11573 5895 11574 5894 11574 5847 11574 5896 11575 5619 11575 5616 11575 5896 11576 5895 11576 5619 11576 5897 11577 5616 11577 5612 11577 5896 11578 5616 11578 5897 11578 5898 11579 5612 11579 5613 11579 5898 11580 5897 11580 5612 11580 5899 11581 5613 11581 5842 11581 5898 11582 5613 11582 5899 11582 5900 11583 5842 11583 5844 11583 5900 11584 5899 11584 5842 11584 5901 11585 5844 11585 5776 11585 5901 11586 5900 11586 5844 11586 5902 11587 5776 11587 5773 11587 5901 11588 5776 11588 5902 11588 5903 11589 5773 11589 5770 11589 5903 11590 5902 11590 5773 11590 5904 11591 5770 11591 5803 11591 5903 11592 5770 11592 5904 11592 5905 11593 5803 11593 5799 11593 5905 11594 5904 11594 5803 11594 5906 11595 5799 11595 5752 11595 5906 11596 5905 11596 5799 11596 5907 11597 5752 11597 5748 11597 5907 11598 5906 11598 5752 11598 5908 11599 5748 11599 5746 11599 5907 11600 5748 11600 5908 11600 5909 11601 5746 11601 5744 11601 5909 11602 5908 11602 5746 11602 5910 11603 5744 11603 5745 11603 5909 11604 5744 11604 5910 11604 5911 11605 5745 11605 5743 11605 5911 11606 5910 11606 5745 11606 5912 11607 5743 11607 5741 11607 5911 11608 5743 11608 5912 11608 5913 11609 5741 11609 5739 11609 5913 11610 5912 11610 5741 11610 5914 11611 5739 11611 5733 11611 5913 11612 5739 11612 5914 11612 5915 11613 5733 11613 5812 11613 5915 11614 5914 11614 5733 11614 5916 11615 5812 11615 5719 11615 5916 11616 5915 11616 5812 11616 5917 11617 5719 11617 5713 11617 5917 11618 5916 11618 5719 11618 5918 11619 5713 11619 5717 11619 5917 11620 5713 11620 5918 11620 5919 11621 5717 11621 5829 11621 5919 11622 5918 11622 5717 11622 5920 11623 5829 11623 5855 11623 5921 11624 5829 11624 5920 11624 5919 11625 5829 11625 5921 11625 5920 11626 5855 11626 5856 11626 5922 11627 5856 11627 5854 11627 5922 11628 5920 11628 5856 11628 5923 11629 5854 11629 5840 11629 5923 11630 5922 11630 5854 11630 5858 11631 5923 11631 5840 11631 5404 11632 5407 11632 5677 11632 5404 11633 5677 11633 5675 11633 5401 11634 5404 11634 5675 11634 5399 11635 5401 11635 5675 11635 5679 11636 5399 11636 5675 11636 5924 11637 5397 11637 5399 11637 5682 11638 5685 11638 5399 11638 5925 11639 5399 11639 5685 11639 5679 11640 5682 11640 5399 11640 5925 11641 5924 11641 5399 11641 5926 11642 5395 11642 5397 11642 5924 11643 5926 11643 5397 11643 5695 11644 5392 11644 5395 11644 5692 11645 5695 11645 5395 11645 5926 11646 5692 11646 5395 11646 5699 11647 5389 11647 5392 11647 5697 11648 5699 11648 5392 11648 5695 11649 5697 11649 5392 11649 5707 11650 5387 11650 5389 11650 5699 11651 5707 11651 5389 11651 5707 11652 5384 11652 5387 11652 5707 11653 5382 11653 5384 11653 5927 11654 5689 11654 5692 11654 5926 11655 5927 11655 5692 11655 5925 11656 5685 11656 5689 11656 5925 11657 5689 11657 5927 11657 5789 11658 5927 11658 5926 11658 5781 11659 5925 11659 5927 11659 5789 11660 5781 11660 5927 11660 5787 11661 5926 11661 5924 11661 5790 11662 5789 11662 5926 11662 5788 11663 5790 11663 5926 11663 5787 11664 5788 11664 5926 11664 5784 11665 5924 11665 5925 11665 5787 11666 5924 11666 5784 11666 5785 11667 5784 11667 5925 11667 5780 11668 5785 11668 5925 11668 5781 11669 5780 11669 5925 11669 5357 11670 5360 11670 5722 11670 5352 11671 5722 11671 5721 11671 5354 11672 5357 11672 5722 11672 5352 11673 5354 11673 5722 11673 5352 11674 5721 11674 5724 11674 5349 11675 5724 11675 5727 11675 5346 11676 5349 11676 5727 11676 5730 11677 5346 11677 5727 11677 5349 11678 5352 11678 5724 11678 5928 11679 5343 11679 5346 11679 5929 11680 5346 11680 5730 11680 5929 11681 5930 11681 5346 11681 5928 11682 5346 11682 5930 11682 5740 11683 5341 11683 5343 11683 5738 11684 5740 11684 5343 11684 5735 11685 5738 11685 5343 11685 5928 11686 5735 11686 5343 11686 5740 11687 5338 11687 5341 11687 5740 11688 5336 11688 5338 11688 5742 11689 5329 11689 5336 11689 5740 11690 5742 11690 5336 11690 5931 11691 5730 11691 5735 11691 5928 11692 5931 11692 5735 11692 5931 11693 5929 11693 5730 11693 5817 11694 5930 11694 5929 11694 5819 11695 5928 11695 5930 11695 5817 11696 5819 11696 5930 11696 5811 11697 5929 11697 5931 11697 5814 11698 5817 11698 5929 11698 5810 11699 5814 11699 5929 11699 5811 11700 5810 11700 5929 11700 5808 11701 5931 11701 5928 11701 5811 11702 5931 11702 5808 11702 5809 11703 5808 11703 5928 11703 5818 11704 5809 11704 5928 11704 5819 11705 5818 11705 5928 11705 5750 11706 5315 11706 5751 11706 5314 11707 5315 11707 5750 11707 5314 11708 5750 11708 5754 11708 5313 11709 5758 11709 5761 11709 5311 11710 5313 11710 5761 11710 5932 11711 5311 11711 5761 11711 5932 11712 5761 11712 5765 11712 5313 11713 5756 11713 5758 11713 5314 11714 5754 11714 5756 11714 5313 11715 5314 11715 5756 11715 5933 11716 5309 11716 5311 11716 5932 11717 5934 11717 5311 11717 5933 11718 5311 11718 5934 11718 5775 11719 5306 11719 5309 11719 5769 11720 5775 11720 5309 11720 5933 11721 5769 11721 5309 11721 5778 11722 5304 11722 5306 11722 5777 11723 5778 11723 5306 11723 5775 11724 5777 11724 5306 11724 5769 11725 5772 11725 5775 11725 5935 11726 5765 11726 5769 11726 5933 11727 5935 11727 5769 11727 5935 11728 5932 11728 5765 11728 5805 11729 5934 11729 5932 11729 5807 11730 5933 11730 5934 11730 5805 11731 5807 11731 5934 11731 5798 11732 5932 11732 5935 11732 5801 11733 5805 11733 5932 11733 5797 11734 5801 11734 5932 11734 5798 11735 5797 11735 5932 11735 5795 11736 5935 11736 5933 11736 5798 11737 5935 11737 5795 11737 5796 11738 5795 11738 5933 11738 5806 11739 5796 11739 5933 11739 5807 11740 5806 11740 5933 11740 5824 11741 5827 11741 5821 11741 5820 11742 5824 11742 5821 11742 5831 11743 5838 11743 5834 11743 5836 11744 5838 11744 5831 11744 5917 11745 5920 11745 5922 11745 5919 11746 5921 11746 5920 11746 5919 11747 5920 11747 5918 11747 5917 11748 5918 11748 5920 11748 5936 11749 5922 11749 5923 11749 5936 11750 5917 11750 5922 11750 5936 11751 5923 11751 5858 11751 5937 11752 5858 11752 5859 11752 5937 11753 5936 11753 5858 11753 5937 11754 5859 11754 5857 11754 5936 11755 5914 11755 5915 11755 5938 11756 5913 11756 5914 11756 5939 11757 5938 11757 5914 11757 5940 11758 5939 11758 5914 11758 5936 11759 5940 11759 5914 11759 5936 11760 5915 11760 5916 11760 5936 11761 5916 11761 5917 11761 5941 11762 5912 11762 5913 11762 5942 11763 5911 11763 5912 11763 5941 11764 5942 11764 5912 11764 5500 11765 5913 11765 5938 11765 5943 11766 5913 11766 5500 11766 5944 11767 5913 11767 5943 11767 5945 11768 5941 11768 5913 11768 5946 11769 5945 11769 5913 11769 5947 11770 5946 11770 5913 11770 5944 11771 5947 11771 5913 11771 5942 11772 5910 11772 5911 11772 5948 11773 5909 11773 5910 11773 5942 11774 5948 11774 5910 11774 5949 11775 5908 11775 5909 11775 5950 11776 5907 11776 5908 11776 5949 11777 5950 11777 5908 11777 5948 11778 5949 11778 5909 11778 5901 11779 5904 11779 5905 11779 5903 11780 5904 11780 5902 11780 5901 11781 5902 11781 5904 11781 5950 11782 5905 11782 5906 11782 5951 11783 5901 11783 5905 11783 5950 11784 5951 11784 5905 11784 5950 11785 5906 11785 5907 11785 5516 11786 5899 11786 5900 11786 5514 11787 5898 11787 5899 11787 5514 11788 5899 11788 5516 11788 5952 11789 5900 11789 5901 11789 5515 11790 5900 11790 5895 11790 5952 11791 5895 11791 5900 11791 5515 11792 5516 11792 5900 11792 5951 11793 5952 11793 5901 11793 5514 11794 5897 11794 5898 11794 5513 11795 5896 11795 5897 11795 5514 11796 5513 11796 5897 11796 5888 11797 5890 11797 5892 11797 5887 11798 5892 11798 5893 11798 5888 11799 5892 11799 5887 11799 5953 11800 5893 11800 5894 11800 5886 11801 5887 11801 5893 11801 5953 11802 5886 11802 5893 11802 5954 11803 5894 11803 5895 11803 5954 11804 5953 11804 5894 11804 5515 11805 5895 11805 5896 11805 5952 11806 5954 11806 5895 11806 5513 11807 5515 11807 5896 11807 5953 11808 5885 11808 5886 11808 5955 11809 5884 11809 5885 11809 5953 11810 5955 11810 5885 11810 5955 11811 5883 11811 5884 11811 5956 11812 5882 11812 5883 11812 5955 11813 5956 11813 5883 11813 5956 11814 5881 11814 5882 11814 5957 11815 5880 11815 5881 11815 5956 11816 5957 11816 5881 11816 5958 11817 5879 11817 5880 11817 5959 11818 5958 11818 5880 11818 5483 11819 5959 11819 5880 11819 5960 11820 5483 11820 5880 11820 5957 11821 5960 11821 5880 11821 5961 11822 5878 11822 5879 11822 5962 11823 5961 11823 5879 11823 5958 11824 5962 11824 5879 11824 5961 11825 5877 11825 5878 11825 5871 11826 5876 11826 5877 11826 5961 11827 5871 11827 5877 11827 5873 11828 5875 11828 5876 11828 5871 11829 5873 11829 5876 11829 5872 11830 5874 11830 5875 11830 5873 11831 5872 11831 5875 11831 5961 11832 5870 11832 5871 11832 5963 11833 5869 11833 5870 11833 5961 11834 5963 11834 5870 11834 5963 11835 5867 11835 5869 11835 5963 11836 5868 11836 5867 11836 5963 11837 5866 11837 5868 11837 5964 11838 5865 11838 5866 11838 5964 11839 5866 11839 5963 11839 5964 11840 5864 11840 5865 11840 5862 11841 5863 11841 5864 11841 5964 11842 5862 11842 5864 11842 5965 11843 5861 11843 5862 11843 5964 11844 5965 11844 5862 11844 5937 11845 5860 11845 5861 11845 5965 11846 5937 11846 5861 11846 5937 11847 5857 11847 5860 11847 5966 11848 5963 11848 5961 11848 5967 11849 5964 11849 5963 11849 5966 11850 5967 11850 5963 11850 5968 11851 5961 11851 5962 11851 5968 11852 5966 11852 5961 11852 5969 11853 5962 11853 5958 11853 5970 11854 5968 11854 5962 11854 5971 11855 5970 11855 5962 11855 5969 11856 5971 11856 5962 11856 5972 11857 5958 11857 5959 11857 5973 11858 5969 11858 5958 11858 5972 11859 5973 11859 5958 11859 5482 11860 5974 11860 5959 11860 5972 11861 5959 11861 5974 11861 5483 11862 5482 11862 5959 11862 5485 11863 5975 11863 5974 11863 5976 11864 5974 11864 5975 11864 5485 11865 5974 11865 5482 11865 5977 11866 5974 11866 5976 11866 5972 11867 5974 11867 5977 11867 5520 11868 5978 11868 5975 11868 5979 11869 5975 11869 5978 11869 5520 11870 5975 11870 5485 11870 5980 11871 5976 11871 5975 11871 5980 11872 5975 11872 5979 11872 5520 11873 5981 11873 5978 11873 5979 11874 5978 11874 5981 11874 5517 11875 5982 11875 5983 11875 5984 11876 5981 11876 5983 11876 5520 11877 5517 11877 5981 11877 5984 11878 5979 11878 5981 11878 5507 11879 5985 11879 5982 11879 5986 11880 5982 11880 5985 11880 5521 11881 5507 11881 5982 11881 5517 11882 5521 11882 5982 11882 5986 11883 5984 11883 5982 11883 5501 11884 5938 11884 5985 11884 5987 11885 5985 11885 5938 11885 5507 11886 5501 11886 5985 11886 5988 11887 5986 11887 5985 11887 5989 11888 5988 11888 5985 11888 5987 11889 5989 11889 5985 11889 5990 11890 5938 11890 5939 11890 5501 11891 5500 11891 5938 11891 5991 11892 5938 11892 5990 11892 5991 11893 5987 11893 5938 11893 5990 11894 5939 11894 5940 11894 5992 11895 5940 11895 5936 11895 5993 11896 5990 11896 5940 11896 5992 11897 5993 11897 5940 11897 5994 11898 5936 11898 5937 11898 5995 11899 5936 11899 5994 11899 5995 11900 5992 11900 5936 11900 5996 11901 5937 11901 5965 11901 5994 11902 5937 11902 5996 11902 5967 11903 5965 11903 5964 11903 5997 11904 5996 11904 5965 11904 5967 11905 5997 11905 5965 11905 5998 11906 5488 11906 5483 11906 5960 11907 5998 11907 5483 11907 5999 11908 5479 11908 5483 11908 6000 11909 5999 11909 5483 11909 6001 11910 6000 11910 5483 11910 5490 11911 6001 11911 5483 11911 5998 11912 5485 11912 5488 11912 5523 11913 5520 11913 5485 11913 5998 11914 5523 11914 5485 11914 5943 11915 5500 11915 5503 11915 6002 11916 5498 11916 5501 11916 6003 11917 6002 11917 5501 11917 6004 11918 6003 11918 5501 11918 5508 11919 6004 11919 5501 11919 6005 11920 5503 11920 5507 11920 5998 11921 5507 11921 5521 11921 5998 11922 6005 11922 5507 11922 6005 11923 5943 11923 5503 11923 5998 11924 5521 11924 5523 11924 6006 11925 5534 11925 5523 11925 6007 11926 6006 11926 5523 11926 6008 11927 6007 11927 5523 11927 5522 11928 6008 11928 5523 11928 6009 11929 5943 11929 6005 11929 6010 11930 5944 11930 5943 11930 6010 11931 5943 11931 6009 11931 6011 11932 6005 11932 5998 11932 6011 11933 6009 11933 6005 11933 6012 11934 5998 11934 5960 11934 6012 11935 6011 11935 5998 11935 6013 11936 5960 11936 5957 11936 6012 11937 5960 11937 6013 11937 6014 11938 5957 11938 5956 11938 6014 11939 6013 11939 5957 11939 6015 11940 5956 11940 5955 11940 6015 11941 6014 11941 5956 11941 6016 11942 5955 11942 5953 11942 6016 11943 6015 11943 5955 11943 6017 11944 5953 11944 5954 11944 6016 11945 5953 11945 6017 11945 6018 11946 5954 11946 5952 11946 6017 11947 5954 11947 6018 11947 6019 11948 5952 11948 5951 11948 6018 11949 5952 11949 6019 11949 6020 11950 5951 11950 5950 11950 6019 11951 5951 11951 6020 11951 6021 11952 5950 11952 5949 11952 6020 11953 5950 11953 6021 11953 6022 11954 5949 11954 5948 11954 6021 11955 5949 11955 6022 11955 6023 11956 5948 11956 5942 11956 6022 11957 5948 11957 6023 11957 6024 11958 5942 11958 5941 11958 6023 11959 5942 11959 6024 11959 6025 11960 5941 11960 5945 11960 6024 11961 5941 11961 6025 11961 6026 11962 5945 11962 5946 11962 6025 11963 5945 11963 6026 11963 6027 11964 5946 11964 5947 11964 6027 11965 6026 11965 5946 11965 6028 11966 5947 11966 5944 11966 6028 11967 6027 11967 5947 11967 6010 11968 6028 11968 5944 11968 6029 11969 5996 11969 5997 11969 5994 11970 5996 11970 6030 11970 6031 11971 6030 11971 5996 11971 6032 11972 5996 11972 6029 11972 6032 11973 6031 11973 5996 11973 5966 11974 5997 11974 5967 11974 6033 11975 5997 11975 5966 11975 4441 11976 5997 11976 6033 11976 4441 11977 4442 11977 5997 11977 6034 11978 5997 11978 4442 11978 6035 11979 6029 11979 5997 11979 6034 11980 6035 11980 5997 11980 6036 11981 5966 11981 5968 11981 6037 11982 6033 11982 5966 11982 6036 11983 6037 11983 5966 11983 5970 11984 6038 11984 5968 11984 6039 11985 5968 11985 6038 11985 6039 11986 6030 11986 5968 11986 4447 11987 5968 11987 6030 11987 6040 11988 6036 11988 5968 11988 6041 11989 6040 11989 5968 11989 4447 11990 6041 11990 5968 11990 5979 11991 6038 11991 5970 11991 5984 11992 6039 11992 6038 11992 5984 11993 6038 11993 5979 11993 5980 11994 5970 11994 5971 11994 5980 11995 5979 11995 5970 11995 5976 11996 5971 11996 5969 11996 5980 11997 5971 11997 5976 11997 5976 11998 5969 11998 5973 11998 5977 11999 5976 11999 5973 11999 5972 12000 5977 12000 5973 12000 6042 12001 5994 12001 6030 12001 6039 12002 6042 12002 6030 12002 4446 12003 4447 12003 6030 12003 6031 12004 4446 12004 6030 12004 6042 12005 5995 12005 5994 12005 5987 12006 5990 12006 5993 12006 5991 12007 5990 12007 5987 12007 5989 12008 5993 12008 5992 12008 5987 12009 5993 12009 5989 12009 5989 12010 5992 12010 5995 12010 5988 12011 5995 12011 6042 12011 5989 12012 5995 12012 5988 12012 5986 12013 6042 12013 6039 12013 5988 12014 6042 12014 5986 12014 5986 12015 6039 12015 5984 12015 4441 12016 6043 12016 6044 12016 6045 12017 6044 12017 6043 12017 4439 12018 6044 12018 6046 12018 6047 12019 6046 12019 6044 12019 4439 12020 4441 12020 6044 12020 6045 12021 6047 12021 6044 12021 4441 12022 6033 12022 6043 12022 6048 12023 6043 12023 6033 12023 6049 12024 6045 12024 6043 12024 6049 12025 6043 12025 6048 12025 6050 12026 6033 12026 6037 12026 6048 12027 6033 12027 6050 12027 6050 12028 6037 12028 6036 12028 6051 12029 6036 12029 6040 12029 6050 12030 6036 12030 6051 12030 6052 12031 6040 12031 6041 12031 6053 12032 6051 12032 6040 12032 6052 12033 6053 12033 6040 12033 4440 12034 6046 12034 6041 12034 6047 12035 6041 12035 6046 12035 4447 12036 4440 12036 6041 12036 6047 12037 6052 12037 6041 12037 4440 12038 4439 12038 6046 12038 6054 12039 4443 12039 4445 12039 6055 12040 4445 12040 4446 12040 6055 12041 6054 12041 4445 12041 6034 12042 4442 12042 4443 12042 6054 12043 6034 12043 4443 12043 6056 12044 6055 12044 4446 12044 6031 12045 6056 12045 4446 12045 6057 12046 6029 12046 6035 12046 6058 12047 6032 12047 6029 12047 6058 12048 6029 12048 6057 12048 6059 12049 6035 12049 6034 12049 6060 12050 6057 12050 6035 12050 6060 12051 6035 12051 6059 12051 6061 12052 6034 12052 6054 12052 6059 12053 6034 12053 6061 12053 6061 12054 6054 12054 6055 12054 6062 12055 6055 12055 6056 12055 6061 12056 6055 12056 6062 12056 6063 12057 6056 12057 6031 12057 6064 12058 6056 12058 6063 12058 6062 12059 6056 12059 6064 12059 6058 12060 6031 12060 6032 12060 6063 12061 6031 12061 6058 12061 4448 12062 6051 12062 6053 12062 4450 12063 6050 12063 6051 12063 4448 12064 4450 12064 6051 12064 6047 12065 6053 12065 6052 12065 4449 12066 6053 12066 6047 12066 4449 12067 4448 12067 6053 12067 4449 12068 6047 12068 6045 12068 4451 12069 6045 12069 6049 12069 4449 12070 6045 12070 4451 12070 6049 12071 6048 12071 6050 12071 4450 12072 6049 12072 6050 12072 4450 12073 4451 12073 6049 12073 6065 12074 4508 12074 5165 12074 6066 12075 4509 12075 4508 12075 6067 12076 6066 12076 4508 12076 6068 12077 6067 12077 4508 12077 6065 12078 6068 12078 4508 12078 6069 12079 5165 12079 5166 12079 6070 12080 6065 12080 5165 12080 6071 12081 6070 12081 5165 12081 6072 12082 6071 12082 5165 12082 6073 12083 6072 12083 5165 12083 6074 12084 6073 12084 5165 12084 6069 12085 6074 12085 5165 12085 6075 12086 5166 12086 5167 12086 6069 12087 5166 12087 6075 12087 4505 12088 5167 12088 4507 12088 6076 12089 6075 12089 5167 12089 4505 12090 6076 12090 5167 12090 5552 12091 6075 12091 6076 12091 5557 12092 6069 12092 6075 12092 5553 12093 5557 12093 6075 12093 5552 12094 5553 12094 6075 12094 5552 12095 6076 12095 4505 12095 5551 12096 4505 12096 4504 12096 5551 12097 5552 12097 4505 12097 5546 12098 4504 12098 4509 12098 5545 12099 5551 12099 4504 12099 5546 12100 5545 12100 4504 12100 6066 12101 6077 12101 4509 12101 5546 12102 4509 12102 6077 12102 6078 12103 6079 12103 6077 12103 5546 12104 6077 12104 6079 12104 6066 12105 6078 12105 6077 12105 6078 12106 6080 12106 6079 12106 5547 12107 6079 12107 6080 12107 5547 12108 5546 12108 6079 12108 5549 12109 6080 12109 6078 12109 5547 12110 6080 12110 5549 12110 5548 12111 6078 12111 6066 12111 5549 12112 6078 12112 5548 12112 5542 12113 6066 12113 6067 12113 5542 12114 5548 12114 6066 12114 5586 12115 6067 12115 6068 12115 5586 12116 5543 12116 6067 12116 5542 12117 6067 12117 5543 12117 5586 12118 6068 12118 6065 12118 5585 12119 6065 12119 6070 12119 5586 12120 6065 12120 5585 12120 5581 12121 6070 12121 6071 12121 5581 12122 5585 12122 6070 12122 5583 12123 6071 12123 6072 12123 5581 12124 6071 12124 5583 12124 6081 12125 6072 12125 6073 12125 5583 12126 6072 12126 6081 12126 5582 12127 6073 12127 6074 12127 5582 12128 6081 12128 6073 12128 5577 12129 6074 12129 6069 12129 5582 12130 6074 12130 5577 12130 5557 12131 5577 12131 6069 12131 5558 12132 5578 12132 5557 12132 5545 12133 5550 12133 5551 12133 5583 12134 6081 12134 5582 12134 5587 12135 5543 12135 5586 12135 5587 12136 5544 12136 5543 12136 5538 12137 5544 12137 5587 12137 5541 12138 5544 12138 5538 12138 5588 12139 5587 12139 5584 12139 5589 12140 5538 12140 5587 12140 5588 12141 5589 12141 5587 12141 5561 12142 5578 12142 5558 12142 5561 12143 5576 12143 5578 12143 5560 12144 5558 12144 5556 12144 5560 12145 5561 12145 5558 12145 5559 12146 5560 12146 5556 12146 5590 12147 5536 12147 5538 12147 5590 12148 5538 12148 5589 12148 5537 12149 5536 12149 5591 12149 5590 12150 5591 12150 5536 12150 5561 12151 5570 12151 5572 12151 5561 12152 5567 12152 5570 12152 5561 12153 5572 12153 5574 12153 5561 12154 5574 12154 5576 12154 5562 12155 5564 12155 5567 12155 5562 12156 5567 12156 5561 12156 6057 12157 4455 12157 4453 12157 6060 12158 4454 12158 4455 12158 6060 12159 4455 12159 6057 12159 6064 12160 4453 12160 4452 12160 6058 12161 6057 12161 4453 12161 6064 12162 6058 12162 4453 12162 6062 12163 4452 12163 4454 12163 6062 12164 6064 12164 4452 12164 6061 12165 6062 12165 4454 12165 6060 12166 6061 12166 4454 12166 6064 12167 6063 12167 6058 12167 6060 12168 6059 12168 6061 12168 5480 12169 5479 12169 5999 12169 6082 12170 5999 12170 6000 12170 6083 12171 5480 12171 5999 12171 6082 12172 6083 12172 5999 12172 6001 12173 6084 12173 6000 12173 6085 12174 6000 12174 6084 12174 6086 12175 6082 12175 6000 12175 6087 12176 6086 12176 6000 12176 6085 12177 6087 12177 6000 12177 5493 12178 6084 12178 6001 12178 6088 12179 6084 12179 5493 12179 6089 12180 6084 12180 6088 12180 6090 12181 6084 12181 6089 12181 6091 12182 6084 12182 6090 12182 6091 12183 6085 12183 6084 12183 5493 12184 6001 12184 5490 12184 5491 12185 5493 12185 5490 12185 5477 12186 5480 12186 6083 12186 6092 12187 6083 12187 6082 12187 5477 12188 6083 12188 6092 12188 6086 12189 6093 12189 6082 12189 6094 12190 6082 12190 6093 12190 6095 12191 6092 12191 6082 12191 6095 12192 6082 12192 6094 12192 6086 12193 6096 12193 6093 12193 6097 12194 6093 12194 6096 12194 6098 12195 6093 12195 6097 12195 6094 12196 6093 12196 6098 12196 6086 12197 6099 12197 6096 12197 6100 12198 6096 12198 6099 12198 6100 12199 6097 12199 6096 12199 6087 12200 6099 12200 6086 12200 6090 12201 6101 12201 6099 12201 6102 12202 6099 12202 6101 12202 6103 12203 6090 12203 6099 12203 6104 12204 6099 12204 6087 12204 6104 12205 6103 12205 6099 12205 6100 12206 6099 12206 6102 12206 6105 12207 6106 12207 6107 12207 5477 12208 6107 12208 6106 12208 6108 12209 6106 12209 6105 12209 5478 12210 5477 12210 6106 12210 6109 12211 5478 12211 6106 12211 6108 12212 6109 12212 6106 12212 5477 12213 6105 12213 6107 12213 5477 12214 6092 12214 6105 12214 6095 12215 6105 12215 6092 12215 6108 12216 6105 12216 6110 12216 6095 12217 6110 12217 6105 12217 5494 12218 5476 12218 5478 12218 6111 12219 5494 12219 5478 12219 6109 12220 6111 12220 5478 12220 5492 12221 5494 12221 6111 12221 6112 12222 6111 12222 6109 12222 6112 12223 5492 12223 6111 12223 6113 12224 6112 12224 6109 12224 6108 12225 6113 12225 6109 12225 6088 12226 5493 12226 5492 12226 6114 12227 6088 12227 5492 12227 6115 12228 6114 12228 5492 12228 6112 12229 6115 12229 5492 12229 6115 12230 6088 12230 6114 12230 6116 12231 6088 12231 6115 12231 6116 12232 6089 12232 6088 12232 6113 12233 6115 12233 6112 12233 6113 12234 6117 12234 6115 12234 6116 12235 6115 12235 6117 12235 6089 12236 6118 12236 6101 12236 6119 12237 6101 12237 6118 12237 6090 12238 6089 12238 6101 12238 6102 12239 6101 12239 6119 12239 6120 12240 6118 12240 6089 12240 6119 12241 6118 12241 6120 12241 6121 12242 6089 12242 6116 12242 6122 12243 6089 12243 6121 12243 6120 12244 6089 12244 6122 12244 6091 12245 6090 12245 6103 12245 6123 12246 6104 12246 6087 12246 6085 12247 6123 12247 6087 12247 6124 12248 6103 12248 6104 12248 6091 12249 6103 12249 6124 12249 6125 12250 6104 12250 6123 12250 6126 12251 6117 12251 6104 12251 6124 12252 6104 12252 6117 12252 6125 12253 6126 12253 6104 12253 6085 12254 6127 12254 6123 12254 6125 12255 6123 12255 6127 12255 6091 12256 6127 12256 6085 12256 6110 12257 6127 12257 6117 12257 6124 12258 6117 12258 6127 12258 6110 12259 6125 12259 6127 12259 6091 12260 6124 12260 6127 12260 6128 12261 6117 12261 6126 12261 6113 12262 6110 12262 6117 12262 6122 12263 6116 12263 6117 12263 6128 12264 6122 12264 6117 12264 6129 12265 6126 12265 6125 12265 6130 12266 6128 12266 6126 12266 6129 12267 6130 12267 6126 12267 6095 12268 6125 12268 6110 12268 6131 12269 6132 12269 6125 12269 6129 12270 6125 12270 6132 12270 6095 12271 6131 12271 6125 12271 6108 12272 6110 12272 6113 12272 6122 12273 6121 12273 6116 12273 6130 12274 6122 12274 6128 12274 6133 12275 6120 12275 6122 12275 6134 12276 6133 12276 6122 12276 6135 12277 6134 12277 6122 12277 6130 12278 6135 12278 6122 12278 6119 12279 6120 12279 6133 12279 6119 12280 6133 12280 6134 12280 6119 12281 6134 12281 6135 12281 6136 12282 6135 12282 6130 12282 6102 12283 6119 12283 6135 12283 6136 12284 6102 12284 6135 12284 6129 12285 6136 12285 6130 12285 6136 12286 6100 12286 6102 12286 6098 12287 6097 12287 6100 12287 6136 12288 6098 12288 6100 12288 6132 12289 6098 12289 6136 12289 6094 12290 6098 12290 6132 12290 6129 12291 6132 12291 6136 12291 6095 12292 6132 12292 6131 12292 6095 12293 6094 12293 6132 12293 5499 12294 5498 12294 6002 12294 6137 12295 6002 12295 6003 12295 6138 12296 5499 12296 6002 12296 6137 12297 6138 12297 6002 12297 6004 12298 6139 12298 6003 12298 6140 12299 6003 12299 6139 12299 6137 12300 6003 12300 6141 12300 6140 12301 6141 12301 6003 12301 5511 12302 6139 12302 6004 12302 6142 12303 6139 12303 5511 12303 6143 12304 6139 12304 6142 12304 6144 12305 6139 12305 6143 12305 6145 12306 6139 12306 6144 12306 6146 12307 6139 12307 6145 12307 6140 12308 6139 12308 6146 12308 5511 12309 6004 12309 5508 12309 5509 12310 5511 12310 5508 12310 5496 12311 5499 12311 6138 12311 6147 12312 6138 12312 6137 12312 5496 12313 6138 12313 6147 12313 6141 12314 6148 12314 6149 12314 6150 12315 6149 12315 6148 12315 6151 12316 6141 12316 6149 12316 6152 12317 6151 12317 6149 12317 6150 12318 6152 12318 6149 12318 6153 12319 6148 12319 6141 12319 6144 12320 6150 12320 6148 12320 6145 12321 6144 12321 6148 12321 6145 12322 6148 12322 6154 12322 6153 12323 6154 12323 6148 12323 6151 12324 6137 12324 6141 12324 6140 12325 6153 12325 6141 12325 6155 12326 6137 12326 6151 12326 6156 12327 6137 12327 6155 12327 6147 12328 6137 12328 6156 12328 6157 12329 6151 12329 6152 12329 6155 12330 6151 12330 6157 12330 6150 12331 6158 12331 6152 12331 6159 12332 6152 12332 6158 12332 6159 12333 6157 12333 6152 12333 6150 12334 6160 12334 6158 12334 6161 12335 6158 12335 6160 12335 6162 12336 6159 12336 6158 12336 6161 12337 6162 12337 6158 12337 6163 12338 6164 12338 6160 12338 6165 12339 6160 12339 6164 12339 6150 12340 6163 12340 6160 12340 6165 12341 6161 12341 6160 12341 6166 12342 6164 12342 6163 12342 6166 12343 6165 12343 6164 12343 6143 12344 6163 12344 6150 12344 6166 12345 6163 12345 6143 12345 6144 12346 6143 12346 6150 12346 6167 12347 6157 12347 6159 12347 6155 12348 6157 12348 6167 12348 6167 12349 6159 12349 6162 12349 6167 12350 6162 12350 6161 12350 6168 12351 6167 12351 6161 12351 6169 12352 6168 12352 6161 12352 6165 12353 6169 12353 6161 12353 6170 12354 6171 12354 6167 12354 6156 12355 6167 12355 6171 12355 6168 12356 6170 12356 6167 12356 6156 12357 6155 12357 6167 12357 6156 12358 6171 12358 6170 12358 6172 12359 6170 12359 6168 12359 6173 12360 6156 12360 6170 12360 6174 12361 6173 12361 6170 12361 6175 12362 6170 12362 6172 12362 6175 12363 6174 12363 6170 12363 6169 12364 6172 12364 6168 12364 6176 12365 6156 12365 6173 12365 6147 12366 6156 12366 6176 12366 6177 12367 6176 12367 6173 12367 6178 12368 6177 12368 6173 12368 6178 12369 6173 12369 6179 12369 6180 12370 6179 12370 6173 12370 6174 12371 6180 12371 6173 12371 6181 12372 6182 12372 6176 12372 5496 12373 6176 12373 6182 12373 6177 12374 6181 12374 6176 12374 5496 12375 6147 12375 6176 12375 5496 12376 6182 12376 6181 12376 6183 12377 6181 12377 6177 12377 5497 12378 5496 12378 6181 12378 6183 12379 5497 12379 6181 12379 6178 12380 6183 12380 6177 12380 5512 12381 5495 12381 5497 12381 6184 12382 5512 12382 5497 12382 6183 12383 6184 12383 5497 12383 5510 12384 5512 12384 6184 12384 6185 12385 6184 12385 6183 12385 6186 12386 5510 12386 6184 12386 6185 12387 6186 12387 6184 12387 6178 12388 6185 12388 6183 12388 6142 12389 5511 12389 5510 12389 6187 12390 6142 12390 5510 12390 6186 12391 6187 12391 5510 12391 6186 12392 6142 12392 6187 12392 6188 12393 6142 12393 6186 12393 6143 12394 6142 12394 6188 12394 6178 12395 6186 12395 6185 12395 6179 12396 6188 12396 6186 12396 6178 12397 6179 12397 6186 12397 6189 12398 6188 12398 6179 12398 6190 12399 6143 12399 6188 12399 6189 12400 6190 12400 6188 12400 6191 12401 6179 12401 6172 12401 6154 12402 6172 12402 6179 12402 6191 12403 6189 12403 6179 12403 6154 12404 6179 12404 6180 12404 6189 12405 6143 12405 6190 12405 6166 12406 6143 12406 6189 12406 6169 12407 6191 12407 6172 12407 6154 12408 6175 12408 6172 12408 6169 12409 6189 12409 6191 12409 6165 12410 6189 12410 6169 12410 6166 12411 6189 12411 6165 12411 6146 12412 6180 12412 6174 12412 6145 12413 6154 12413 6180 12413 6146 12414 6145 12414 6180 12414 6140 12415 6174 12415 6175 12415 6140 12416 6146 12416 6174 12416 6153 12417 6175 12417 6154 12417 6140 12418 6175 12418 6153 12418 5535 12419 5534 12419 6006 12419 6192 12420 6006 12420 6007 12420 6193 12421 5535 12421 6006 12421 6192 12422 6193 12422 6006 12422 6008 12423 6194 12423 6007 12423 6195 12424 6007 12424 6194 12424 6192 12425 6007 12425 6196 12425 6195 12426 6196 12426 6007 12426 5526 12427 6194 12427 6008 12427 5526 12428 6197 12428 6194 12428 6198 12429 6194 12429 6197 12429 6199 12430 6194 12430 6198 12430 6200 12431 6194 12431 6199 12431 6201 12432 6194 12432 6200 12432 6201 12433 6195 12433 6194 12433 5526 12434 6008 12434 5522 12434 5524 12435 5526 12435 5522 12435 5532 12436 5535 12436 6193 12436 6202 12437 6193 12437 6192 12437 5532 12438 6193 12438 6202 12438 6203 12439 6196 12439 6204 12439 6205 12440 6204 12440 6196 12440 6206 12441 6203 12441 6204 12441 6199 12442 6206 12442 6204 12442 6200 12443 6204 12443 6207 12443 6205 12444 6207 12444 6204 12444 6200 12445 6199 12445 6204 12445 6208 12446 6192 12446 6196 12446 6203 12447 6208 12447 6196 12447 6195 12448 6205 12448 6196 12448 6209 12449 6192 12449 6208 12449 6210 12450 6192 12450 6209 12450 6202 12451 6192 12451 6210 12451 6211 12452 6208 12452 6203 12452 6212 12453 6208 12453 6211 12453 6209 12454 6208 12454 6212 12454 6206 12455 6211 12455 6203 12455 6206 12456 6213 12456 6211 12456 6212 12457 6211 12457 6213 12457 6206 12458 6214 12458 6213 12458 6215 12459 6213 12459 6214 12459 6215 12460 6212 12460 6213 12460 6206 12461 6216 12461 6214 12461 6217 12462 6214 12462 6216 12462 6217 12463 6215 12463 6214 12463 6206 12464 6218 12464 6216 12464 6219 12465 6216 12465 6218 12465 6219 12466 6217 12466 6216 12466 6198 12467 6218 12467 6206 12467 6219 12468 6218 12468 6198 12468 6199 12469 6198 12469 6206 12469 6220 12470 6212 12470 6215 12470 6209 12471 6212 12471 6220 12471 6221 12472 6220 12472 6215 12472 6222 12473 6221 12473 6215 12473 6217 12474 6222 12474 6215 12474 6223 12475 6224 12475 6220 12475 6210 12476 6220 12476 6224 12476 6221 12477 6223 12477 6220 12477 6210 12478 6209 12478 6220 12478 6210 12479 6224 12479 6223 12479 6225 12480 6223 12480 6221 12480 6226 12481 6210 12481 6223 12481 6227 12482 6226 12482 6223 12482 6207 12483 6223 12483 6225 12483 6228 12484 6227 12484 6223 12484 6207 12485 6228 12485 6223 12485 6222 12486 6225 12486 6221 12486 6229 12487 6210 12487 6226 12487 6202 12488 6210 12488 6229 12488 6230 12489 6229 12489 6226 12489 6231 12490 6230 12490 6226 12490 6231 12491 6226 12491 6232 12491 6227 12492 6232 12492 6226 12492 6233 12493 6234 12493 6229 12493 5532 12494 6229 12494 6234 12494 6230 12495 6233 12495 6229 12495 5532 12496 6202 12496 6229 12496 5532 12497 6234 12497 6233 12497 6235 12498 6233 12498 6230 12498 5533 12499 5532 12499 6233 12499 6235 12500 5533 12500 6233 12500 6231 12501 6235 12501 6230 12501 5528 12502 5527 12502 5533 12502 6236 12503 5528 12503 5533 12503 6235 12504 6236 12504 5533 12504 5525 12505 5528 12505 6236 12505 6237 12506 6236 12506 6235 12506 5525 12507 6236 12507 6237 12507 6231 12508 6237 12508 6235 12508 6238 12509 6197 12509 6239 12509 5525 12510 6239 12510 6197 12510 6240 12511 6197 12511 6238 12511 5526 12512 5525 12512 6197 12512 6198 12513 6197 12513 6240 12513 5525 12514 6238 12514 6239 12514 5525 12515 6237 12515 6238 12515 6231 12516 6238 12516 6237 12516 6232 12517 6240 12517 6238 12517 6231 12518 6232 12518 6238 12518 6241 12519 6240 12519 6232 12519 6242 12520 6198 12520 6240 12520 6241 12521 6242 12521 6240 12521 6243 12522 6241 12522 6232 12522 6225 12523 6243 12523 6232 12523 6207 12524 6225 12524 6232 12524 6244 12525 6232 12525 6227 12525 6244 12526 6207 12526 6232 12526 6241 12527 6198 12527 6242 12527 6219 12528 6198 12528 6241 12528 6222 12529 6241 12529 6243 12529 6217 12530 6241 12530 6222 12530 6219 12531 6241 12531 6217 12531 6222 12532 6243 12532 6225 12532 6195 12533 6227 12533 6228 12533 6201 12534 6244 12534 6227 12534 6201 12535 6227 12535 6195 12535 6205 12536 6228 12536 6207 12536 6195 12537 6228 12537 6205 12537 6200 12538 6207 12538 6244 12538 6201 12539 6200 12539 6244 12539 6245 12540 6010 12540 6009 12540 6246 12541 6009 12541 6011 12541 6246 12542 6245 12542 6009 12542 6247 12543 6026 12543 6027 12543 6248 12544 6025 12544 6026 12544 6247 12545 6248 12545 6026 12545 6249 12546 6027 12546 6028 12546 6249 12547 6247 12547 6027 12547 6250 12548 6028 12548 6010 12548 6250 12549 6249 12549 6028 12549 6245 12550 6250 12550 6010 12550 6251 12551 6012 12551 6013 12551 6252 12552 6013 12552 6014 12552 6252 12553 6251 12553 6013 12553 6251 12554 6011 12554 6012 12554 6251 12555 6246 12555 6011 12555 6253 12556 6014 12556 6015 12556 6253 12557 6252 12557 6014 12557 6254 12558 6015 12558 6016 12558 6254 12559 6253 12559 6015 12559 6255 12560 6024 12560 6025 12560 6256 12561 6255 12561 6025 12561 6248 12562 6256 12562 6025 12562 6257 12563 6023 12563 6024 12563 6255 12564 6257 12564 6024 12564 6258 12565 6022 12565 6023 12565 6257 12566 6258 12566 6023 12566 6259 12567 6021 12567 6022 12567 6258 12568 6259 12568 6022 12568 6018 12569 6020 12569 6021 12569 6260 12570 6018 12570 6021 12570 6261 12571 6260 12571 6021 12571 6259 12572 6261 12572 6021 12572 6018 12573 6019 12573 6020 12573 6262 12574 6017 12574 6018 12574 6260 12575 6262 12575 6018 12575 6263 12576 6016 12576 6017 12576 6263 12577 6017 12577 6262 12577 6264 12578 6254 12578 6016 12578 6263 12579 6264 12579 6016 12579 6265 12580 6262 12580 6260 12580 6266 12581 6263 12581 6262 12581 6267 12582 6266 12582 6262 12582 6268 12583 6267 12583 6262 12583 6269 12584 6268 12584 6262 12584 6270 12585 6269 12585 6262 12585 6265 12586 6270 12586 6262 12586 6271 12587 6260 12587 6261 12587 6271 12588 6265 12588 6260 12588 6272 12589 6261 12589 6259 12589 6271 12590 6261 12590 6272 12590 6273 12591 6259 12591 6258 12591 6274 12592 6272 12592 6259 12592 6273 12593 6274 12593 6259 12593 6275 12594 6258 12594 6257 12594 6276 12595 6273 12595 6258 12595 6277 12596 6276 12596 6258 12596 6278 12597 6277 12597 6258 12597 6279 12598 6278 12598 6258 12598 6275 12599 6279 12599 6258 12599 6280 12600 6257 12600 6255 12600 6281 12601 6275 12601 6257 12601 6282 12602 6281 12602 6257 12602 6283 12603 6282 12603 6257 12603 6280 12604 6283 12604 6257 12604 6284 12605 6255 12605 6256 12605 6285 12606 6280 12606 6255 12606 6286 12607 6285 12607 6255 12607 6284 12608 6286 12608 6255 12608 6287 12609 6256 12609 6248 12609 6287 12610 6288 12610 6256 12610 6289 12611 6256 12611 6288 12611 6290 12612 6256 12612 6289 12612 6290 12613 6284 12613 6256 12613 6291 12614 6248 12614 6247 12614 6287 12615 6248 12615 6291 12615 6292 12616 6247 12616 6249 12616 6291 12617 6247 12617 6292 12617 6293 12618 6249 12618 6250 12618 6292 12619 6249 12619 6293 12619 6294 12620 6250 12620 6245 12620 6293 12621 6250 12621 6294 12621 6295 12622 6245 12622 6246 12622 6295 12623 6296 12623 6245 12623 6294 12624 6245 12624 6296 12624 6297 12625 6246 12625 6251 12625 6298 12626 6295 12626 6246 12626 6299 12627 6298 12627 6246 12627 6300 12628 6299 12628 6246 12628 6301 12629 6300 12629 6246 12629 6297 12630 6301 12630 6246 12630 6302 12631 6251 12631 6252 12631 6303 12632 6304 12632 6251 12632 6305 12633 6251 12633 6304 12633 6302 12634 6303 12634 6251 12634 6306 12635 6297 12635 6251 12635 6305 12636 6306 12636 6251 12636 6307 12637 6252 12637 6253 12637 6308 12638 6252 12638 6307 12638 6309 12639 6302 12639 6252 12639 6310 12640 6309 12640 6252 12640 6311 12641 6310 12641 6252 12641 6308 12642 6311 12642 6252 12642 6312 12643 6253 12643 6254 12643 6312 12644 6307 12644 6253 12644 6313 12645 6254 12645 6264 12645 6314 12646 6254 12646 6313 12646 6312 12647 6254 12647 6314 12647 6315 12648 6264 12648 6263 12648 6316 12649 6313 12649 6264 12649 6317 12650 6316 12650 6264 12650 6318 12651 6317 12651 6264 12651 6319 12652 6318 12652 6264 12652 6315 12653 6319 12653 6264 12653 6320 12654 6315 12654 6263 12654 6321 12655 6320 12655 6263 12655 6322 12656 6321 12656 6263 12656 6323 12657 6322 12657 6263 12657 6266 12658 6323 12658 6263 12658 6317 12659 6313 12659 6316 12659 6324 12660 6313 12660 6317 12660 6325 12661 6314 12661 6313 12661 6326 12662 6325 12662 6313 12662 6327 12663 6326 12663 6313 12663 6328 12664 6313 12664 6324 12664 6329 12665 6313 12665 6328 12665 6330 12666 6313 12666 6329 12666 6327 12667 6313 12667 6330 12667 6331 12668 6317 12668 6318 12668 6324 12669 6317 12669 6331 12669 6331 12670 6318 12670 6319 12670 6315 12671 6332 12671 6319 12671 6333 12672 6319 12672 6332 12672 6334 12673 6319 12673 6333 12673 6331 12674 6319 12674 6334 12674 6335 12675 6332 12675 6315 12675 6333 12676 6332 12676 6335 12676 6321 12677 6315 12677 6320 12677 6335 12678 6315 12678 6321 12678 6336 12679 6321 12679 6322 12679 6337 12680 6321 12680 6336 12680 6338 12681 6321 12681 6337 12681 6335 12682 6321 12682 6338 12682 6339 12683 6322 12683 6323 12683 6336 12684 6322 12684 6339 12684 6266 12685 6340 12685 6323 12685 6341 12686 6323 12686 6340 12686 6339 12687 6323 12687 6341 12687 6342 12688 6340 12688 6266 12688 6341 12689 6340 12689 6342 12689 6343 12690 6266 12690 6267 12690 6344 12691 6266 12691 6343 12691 6344 12692 6342 12692 6266 12692 6343 12693 6267 12693 6268 12693 6345 12694 6268 12694 6269 12694 6343 12695 6268 12695 6345 12695 6345 12696 6269 12696 6270 12696 6346 12697 6270 12697 6265 12697 6346 12698 6345 12698 6270 12698 6347 12699 6265 12699 6271 12699 6348 12700 6346 12700 6265 12700 6347 12701 6348 12701 6265 12701 6349 12702 6314 12702 6325 12702 6350 12703 6312 12703 6314 12703 6349 12704 6350 12704 6314 12704 6351 12705 6325 12705 6326 12705 6352 12706 6325 12706 6351 12706 6349 12707 6325 12707 6352 12707 6353 12708 6326 12708 6327 12708 6351 12709 6326 12709 6353 12709 6350 12710 6307 12710 6312 12710 6354 12711 6308 12711 6307 12711 6354 12712 6307 12712 6355 12712 6350 12713 6355 12713 6307 12713 6356 12714 6304 12714 6303 12714 6356 12715 6305 12715 6304 12715 6302 12716 6357 12716 6303 12716 6358 12717 6303 12717 6357 12717 6359 12718 6356 12718 6303 12718 6359 12719 6303 12719 6358 12719 6360 12720 6357 12720 6302 12720 6358 12721 6357 12721 6360 12721 6310 12722 6302 12722 6309 12722 6360 12723 6302 12723 6310 12723 6354 12724 6310 12724 6311 12724 6361 12725 6310 12725 6354 12725 6362 12726 6310 12726 6361 12726 6360 12727 6310 12727 6362 12727 6354 12728 6311 12728 6308 12728 6295 12729 6363 12729 6296 12729 6364 12730 6296 12730 6363 12730 6365 12731 6366 12731 6296 12731 6294 12732 6296 12732 6366 12732 6364 12733 6365 12733 6296 12733 6295 12734 6367 12734 6363 12734 6368 12735 6363 12735 6367 12735 6364 12736 6363 12736 6368 12736 6369 12737 6367 12737 6295 12737 6368 12738 6367 12738 6369 12738 6370 12739 6295 12739 6298 12739 6371 12740 6295 12740 6370 12740 6371 12741 6369 12741 6295 12741 6370 12742 6298 12742 6299 12742 6372 12743 6299 12743 6300 12743 6370 12744 6299 12744 6372 12744 6372 12745 6300 12745 6301 12745 6297 12746 6373 12746 6301 12746 6374 12747 6301 12747 6373 12747 6374 12748 6372 12748 6301 12748 6375 12749 6373 12749 6297 12749 6376 12750 6373 12750 6375 12750 6374 12751 6373 12751 6376 12751 6305 12752 6297 12752 6306 12752 6377 12753 6297 12753 6305 12753 6378 12754 6297 12754 6377 12754 6378 12755 6375 12755 6297 12755 6356 12756 6377 12756 6305 12756 6359 12757 6377 12757 6356 12757 6379 12758 6378 12758 6377 12758 6380 12759 6377 12759 6359 12759 6380 12760 6379 12760 6377 12760 6381 12761 6375 12761 6378 12761 6381 12762 6376 12762 6375 12762 6379 12763 6381 12763 6378 12763 6381 12764 6374 12764 6376 12764 6370 12765 6372 12765 6374 12765 6382 12766 6370 12766 6374 12766 6381 12767 6382 12767 6374 12767 6383 12768 6371 12768 6370 12768 6382 12769 6383 12769 6370 12769 6383 12770 6369 12770 6371 12770 6383 12771 6368 12771 6369 12771 6383 12772 6364 12772 6368 12772 6287 12773 6384 12773 6288 12773 6289 12774 6288 12774 6384 12774 6287 12775 6385 12775 6384 12775 6386 12776 6384 12776 6385 12776 6386 12777 6289 12777 6384 12777 6287 12778 6387 12778 6385 12778 6388 12779 6385 12779 6387 12779 6389 12780 6386 12780 6385 12780 6388 12781 6389 12781 6385 12781 6287 12782 6390 12782 6387 12782 5274 12783 6387 12783 6390 12783 6388 12784 6387 12784 5274 12784 6293 12785 6391 12785 6390 12785 5275 12786 6390 12786 6391 12786 6292 12787 6293 12787 6390 12787 6291 12788 6292 12788 6390 12788 6287 12789 6291 12789 6390 12789 5275 12790 5274 12790 6390 12790 6294 12791 6366 12791 6391 12791 5271 12792 6391 12792 6366 12792 6293 12793 6294 12793 6391 12793 5275 12794 6391 12794 5271 12794 5272 12795 6366 12795 6365 12795 5272 12796 5271 12796 6366 12796 5276 12797 6365 12797 6364 12797 5272 12798 6365 12798 5276 12798 6392 12799 5276 12799 6364 12799 6383 12800 6392 12800 6364 12800 6285 12801 6289 12801 6386 12801 6286 12802 6289 12802 6285 12802 6290 12803 6289 12803 6286 12803 6393 12804 6285 12804 6386 12804 6393 12805 6386 12805 6394 12805 6389 12806 6394 12806 6386 12806 6395 12807 6272 12807 6274 12807 6396 12808 6271 12808 6272 12808 6395 12809 6396 12809 6272 12809 6273 12810 6397 12810 6274 12810 6398 12811 6274 12811 6397 12811 6399 12812 6395 12812 6274 12812 6398 12813 6399 12813 6274 12813 6400 12814 6397 12814 6273 12814 6400 12815 6398 12815 6397 12815 6277 12816 6273 12816 6276 12816 6400 12817 6273 12817 6277 12817 6401 12818 6277 12818 6278 12818 6402 12819 6277 12819 6401 12819 6403 12820 6277 12820 6402 12820 6400 12821 6277 12821 6403 12821 6404 12822 6278 12822 6279 12822 6401 12823 6278 12823 6404 12823 6275 12824 6405 12824 6279 12824 6406 12825 6279 12825 6405 12825 6404 12826 6279 12826 6406 12826 6407 12827 6405 12827 6275 12827 6406 12828 6405 12828 6407 12828 6408 12829 6275 12829 6281 12829 6409 12830 6275 12830 6408 12830 6407 12831 6275 12831 6409 12831 6408 12832 6281 12832 6282 12832 6410 12833 6282 12833 6283 12833 6408 12834 6282 12834 6410 12834 6410 12835 6283 12835 6280 12835 6285 12836 6411 12836 6280 12836 6412 12837 6280 12837 6411 12837 6410 12838 6280 12838 6412 12838 6413 12839 6411 12839 6285 12839 6414 12840 6411 12840 6413 12840 6412 12841 6411 12841 6414 12841 6415 12842 6285 12842 6416 12842 6393 12843 6416 12843 6285 12843 6413 12844 6285 12844 6415 12844 6290 12845 6286 12845 6284 12845 6396 12846 6347 12846 6271 12846 6343 12847 6345 12847 6346 12847 6417 12848 6346 12848 6348 12848 6418 12849 6343 12849 6346 12849 6417 12850 6418 12850 6346 12850 6419 12851 6348 12851 6347 12851 6419 12852 6417 12852 6348 12852 6420 12853 6347 12853 6396 12853 6420 12854 6419 12854 6347 12854 6421 12855 6396 12855 6395 12855 6420 12856 6396 12856 6421 12856 6422 12857 6395 12857 6399 12857 6421 12858 6395 12858 6422 12858 6423 12859 6399 12859 6398 12859 6423 12860 6424 12860 6399 12860 6422 12861 6399 12861 6424 12861 6400 12862 6423 12862 6398 12862 6425 12863 6344 12863 6343 12863 6418 12864 6425 12864 6343 12864 6425 12865 6342 12865 6344 12865 6425 12866 6341 12866 6342 12866 6425 12867 6426 12867 6341 12867 6339 12868 6341 12868 6426 12868 6324 12869 6427 12869 6428 12869 6429 12870 6428 12870 6427 12870 6328 12871 6324 12871 6428 12871 6329 12872 6328 12872 6428 12872 6430 12873 6329 12873 6428 12873 6431 12874 6430 12874 6428 12874 6432 12875 6433 12875 6428 12875 126 12876 6428 12876 6433 12876 6429 12877 6432 12877 6428 12877 126 12878 6431 12878 6428 12878 6334 12879 6434 12879 6427 12879 6435 12880 6427 12880 6434 12880 6324 12881 6334 12881 6427 12881 6429 12882 6427 12882 6436 12882 123 12883 6436 12883 6427 12883 123 12884 6427 12884 6435 12884 6337 12885 6437 12885 6434 12885 6438 12886 6434 12886 6437 12886 6338 12887 6337 12887 6434 12887 6335 12888 6338 12888 6434 12888 6333 12889 6335 12889 6434 12889 6334 12890 6333 12890 6434 12890 6439 12891 6435 12891 6434 12891 6438 12892 6439 12892 6434 12892 6339 12893 6426 12893 6437 12893 6440 12894 6437 12894 6426 12894 6337 12895 6339 12895 6437 12895 6440 12896 6438 12896 6437 12896 6441 12897 6426 12897 6425 12897 6441 12898 6442 12898 6426 12898 6440 12899 6426 12899 6442 12899 6443 12900 6425 12900 6418 12900 6444 12901 6441 12901 6425 12901 6443 12902 6444 12902 6425 12902 6445 12903 6418 12903 6417 12903 6445 12904 6446 12904 6418 12904 6443 12905 6418 12905 6446 12905 6447 12906 6448 12906 6417 12906 6449 12907 6417 12907 6448 12907 6419 12908 6447 12908 6417 12908 6450 12909 6445 12909 6417 12909 6449 12910 6450 12910 6417 12910 6422 12911 6424 12911 6448 12911 6451 12912 6448 12912 6424 12912 6447 12913 6422 12913 6448 12913 6449 12914 6448 12914 6451 12914 6452 12915 6424 12915 6423 12915 6453 12916 6451 12916 6424 12916 6452 12917 6453 12917 6424 12917 6402 12918 6454 12918 6423 12918 6455 12919 6423 12919 6454 12919 6403 12920 6402 12920 6423 12920 6400 12921 6403 12921 6423 12921 6452 12922 6423 12922 6455 12922 6404 12923 6456 12923 6454 12923 6457 12924 6454 12924 6456 12924 6402 12925 6404 12925 6454 12925 6457 12926 6455 12926 6454 12926 6404 12927 6458 12927 6456 12927 6459 12928 6456 12928 6458 12928 6460 12929 6456 12929 6459 12929 6461 12930 6456 12930 6460 12930 6461 12931 6457 12931 6456 12931 6408 12932 6462 12932 6458 12932 6463 12933 6458 12933 6462 12933 6409 12934 6408 12934 6458 12934 6407 12935 6409 12935 6458 12935 6406 12936 6407 12936 6458 12936 6404 12937 6406 12937 6458 12937 6463 12938 6459 12938 6458 12938 6412 12939 6464 12939 6462 12939 6465 12940 6462 12940 6464 12940 6408 12941 6412 12941 6462 12941 6466 12942 6462 12942 6465 12942 6467 12943 6462 12943 6466 12943 6467 12944 6463 12944 6462 12944 6416 12945 6394 12945 6464 12945 6468 12946 6464 12946 6394 12946 6415 12947 6416 12947 6464 12947 6413 12948 6415 12948 6464 12948 6414 12949 6413 12949 6464 12949 6412 12950 6414 12950 6464 12950 6468 12951 6465 12951 6464 12951 6393 12952 6394 12952 6416 12952 6469 12953 6394 12953 6389 12953 6468 12954 6394 12954 6469 12954 6408 12955 6410 12955 6412 12955 6402 12956 6401 12956 6404 12956 6470 12957 6422 12957 6447 12957 6470 12958 6421 12958 6422 12958 6471 12959 6447 12959 6419 12959 6471 12960 6470 12960 6447 12960 6472 12961 6419 12961 6420 12961 6472 12962 6471 12962 6419 12962 6337 12963 6336 12963 6339 12963 6324 12964 6331 12964 6334 12964 6430 12965 6330 12965 6329 12965 6430 12966 6327 12966 6330 12966 6430 12967 6353 12967 6327 12967 6430 12968 6351 12968 6353 12968 6473 12969 6352 12969 6351 12969 6474 12970 6473 12970 6351 12970 6430 12971 6474 12971 6351 12971 6475 12972 6352 12972 6473 12972 6475 12973 6349 12973 6352 12973 6476 12974 6477 12974 6473 12974 6478 12975 6473 12975 6477 12975 6474 12976 6476 12976 6473 12976 6478 12977 6475 12977 6473 12977 6476 12978 6479 12978 6477 12978 6480 12979 6477 12979 6479 12979 6478 12980 6477 12980 6480 12980 6481 12981 6482 12981 6479 12981 6350 12982 6479 12982 6482 12982 6476 12983 6481 12983 6479 12983 6483 12984 6479 12984 6350 12984 6484 12985 6479 12985 6483 12985 6484 12986 6480 12986 6479 12986 6481 12987 6355 12987 6482 12987 6350 12988 6482 12988 6355 12988 6361 12989 6354 12989 6355 12989 6485 12990 6361 12990 6355 12990 6481 12991 6485 12991 6355 12991 6486 12992 6362 12992 6361 12992 6485 12993 6486 12993 6361 12993 6486 12994 6360 12994 6362 12994 6486 12995 6358 12995 6360 12995 6486 12996 6359 12996 6358 12996 6486 12997 6380 12997 6359 12997 6487 12998 5273 12998 5276 12998 6392 12999 6487 12999 5276 12999 5269 13000 5272 13000 5276 13000 6388 13001 5274 13001 5273 13001 6487 13002 6388 13002 5273 13002 6488 13003 6389 13003 6388 13003 6489 13004 6490 13004 6389 13004 128 13005 6389 13005 6490 13005 6488 13006 6489 13006 6389 13006 6491 13007 6469 13007 6389 13007 128 13008 6491 13008 6389 13008 6492 13009 6388 13009 6487 13009 6492 13010 6488 13010 6388 13010 6493 13011 6487 13011 6392 13011 6493 13012 6494 13012 6487 13012 6492 13013 6487 13013 6494 13013 6495 13014 6392 13014 6383 13014 6496 13015 6493 13015 6392 13015 6495 13016 6496 13016 6392 13016 6497 13017 6383 13017 6382 13017 6497 13018 6498 13018 6383 13018 6495 13019 6383 13019 6498 13019 6499 13020 6382 13020 6381 13020 6500 13021 6497 13021 6382 13021 6499 13022 6500 13022 6382 13022 6501 13023 6381 13023 6379 13023 6501 13024 6502 13024 6381 13024 6499 13025 6381 13025 6502 13025 6503 13026 6379 13026 6380 13026 6504 13027 6501 13027 6379 13027 6503 13028 6504 13028 6379 13028 6505 13029 6380 13029 6486 13029 6503 13030 6380 13030 6505 13030 6506 13031 6486 13031 6485 13031 6507 13032 6505 13032 6486 13032 6506 13033 6507 13033 6486 13033 6508 13034 6485 13034 6481 13034 6509 13035 6485 13035 6508 13035 6506 13036 6485 13036 6509 13036 6510 13037 6481 13037 6476 13037 6510 13038 6508 13038 6481 13038 6511 13039 6476 13039 6474 13039 6512 13040 6476 13040 6511 13040 6513 13041 6476 13041 6512 13041 6513 13042 6510 13042 6476 13042 6514 13043 6474 13043 6430 13043 6514 13044 6511 13044 6474 13044 6515 13045 6430 13045 6431 13045 6515 13046 6514 13046 6430 13046 6483 13047 6350 13047 6349 13047 6475 13048 6483 13048 6349 13048 6484 13049 6483 13049 6475 13049 6516 13050 6484 13050 6475 13050 6478 13051 6516 13051 6475 13051 3409 13052 6480 13052 6484 13052 3411 13053 6478 13053 6480 13053 3409 13054 3411 13054 6480 13054 3410 13055 6484 13055 6516 13055 3410 13056 3409 13056 6484 13056 3412 13057 6516 13057 6478 13057 3410 13058 6516 13058 3412 13058 3411 13059 3412 13059 6478 13059 6517 13060 6436 13060 6518 13060 123 13061 6518 13061 6436 13061 6519 13062 6436 13062 6517 13062 6520 13063 6429 13063 6436 13063 6519 13064 6520 13064 6436 13064 123 13065 6517 13065 6518 13065 126 13066 6433 13066 6517 13066 6521 13067 6517 13067 6433 13067 123 13068 126 13068 6517 13068 6521 13069 6519 13069 6517 13069 6522 13070 6433 13070 6432 13070 6521 13071 6433 13071 6522 13071 6522 13072 6432 13072 6429 13072 6522 13073 6429 13073 6520 13073 126 13074 6523 13074 6431 13074 6524 13075 6431 13075 6523 13075 6525 13076 6515 13076 6431 13076 6524 13077 6525 13077 6431 13077 126 13078 6526 13078 6523 13078 6524 13079 6523 13079 6526 13079 126 13080 6511 13080 6526 13080 6527 13081 6526 13081 6511 13081 6527 13082 6524 13082 6526 13082 6515 13083 6511 13083 6514 13083 6528 13084 6511 13084 6515 13084 125 13085 6512 13085 6511 13085 126 13086 125 13086 6511 13086 6527 13087 6511 13087 6528 13087 6528 13088 6515 13088 6525 13088 125 13089 6529 13089 6512 13089 6530 13090 6512 13090 6529 13090 6531 13091 6513 13091 6512 13091 6530 13092 6531 13092 6512 13092 125 13093 6532 13093 6529 13093 6530 13094 6529 13094 6532 13094 125 13095 6508 13095 6532 13095 6533 13096 6532 13096 6508 13096 6533 13097 6530 13097 6532 13097 6513 13098 6508 13098 6510 13098 6534 13099 6508 13099 6513 13099 6498 13100 6509 13100 6508 13100 6495 13101 6498 13101 6508 13101 125 13102 6495 13102 6508 13102 6533 13103 6508 13103 6534 13103 6534 13104 6513 13104 6531 13104 6535 13105 6536 13105 6509 13105 6537 13106 6509 13106 6536 13106 6538 13107 6506 13107 6509 13107 6498 13108 6535 13108 6509 13108 6537 13109 6538 13109 6509 13109 6539 13110 6540 13110 6536 13110 6537 13111 6536 13111 6540 13111 6535 13112 6539 13112 6536 13112 6541 13113 6505 13113 6540 13113 6542 13114 6540 13114 6505 13114 6502 13115 6541 13115 6540 13115 6539 13116 6502 13116 6540 13116 6542 13117 6537 13117 6540 13117 6506 13118 6505 13118 6507 13118 6543 13119 6505 13119 6506 13119 6503 13120 6505 13120 6541 13120 6542 13121 6505 13121 6543 13121 6543 13122 6506 13122 6538 13122 6502 13123 6544 13123 6541 13123 6545 13124 6541 13124 6544 13124 6546 13125 6503 13125 6541 13125 6545 13126 6546 13126 6541 13126 6545 13127 6544 13127 6502 13127 6547 13128 6502 13128 6501 13128 6499 13129 6502 13129 6539 13129 6547 13130 6545 13130 6502 13130 6503 13131 6501 13131 6504 13131 6548 13132 6501 13132 6503 13132 6547 13133 6501 13133 6548 13133 6548 13134 6503 13134 6546 13134 6549 13135 6539 13135 6535 13135 6550 13136 6499 13136 6539 13136 6549 13137 6550 13137 6539 13137 6549 13138 6535 13138 6498 13138 6551 13139 6498 13139 6497 13139 6551 13140 6549 13140 6498 13140 6499 13141 6497 13141 6500 13141 6552 13142 6497 13142 6499 13142 6551 13143 6497 13143 6552 13143 6552 13144 6499 13144 6550 13144 128 13145 6553 13145 6554 13145 6555 13146 6554 13146 6553 13146 127 13147 6554 13147 6495 13147 6556 13148 6495 13148 6554 13148 127 13149 128 13149 6554 13149 6555 13150 6556 13150 6554 13150 128 13151 6494 13151 6553 13151 6555 13152 6553 13152 6494 13152 6557 13153 6494 13153 6493 13153 6492 13154 6494 13154 6558 13154 128 13155 6558 13155 6494 13155 6555 13156 6494 13156 6557 13156 6495 13157 6493 13157 6496 13157 6559 13158 6493 13158 6495 13158 6557 13159 6493 13159 6559 13159 125 13160 127 13160 6495 13160 6559 13161 6495 13161 6556 13161 128 13162 6560 13162 6558 13162 6561 13163 6558 13163 6560 13163 6562 13164 6492 13164 6558 13164 6561 13165 6562 13165 6558 13165 128 13166 6490 13166 6560 13166 6561 13167 6560 13167 6490 13167 6563 13168 6490 13168 6489 13168 6561 13169 6490 13169 6563 13169 6492 13170 6489 13170 6488 13170 6564 13171 6489 13171 6492 13171 6563 13172 6489 13172 6564 13172 6564 13173 6492 13173 6562 13173 6565 13174 6469 13174 6491 13174 6468 13175 6469 13175 6465 13175 6566 13176 6465 13176 6469 13176 6566 13177 6469 13177 6565 13177 130 13178 6567 13178 6491 13178 6568 13179 6491 13179 6567 13179 130 13180 6491 13180 128 13180 6568 13181 6565 13181 6491 13181 130 13182 6569 13182 6567 13182 6568 13183 6567 13183 6569 13183 130 13184 6465 13184 6569 13184 6570 13185 6569 13185 6465 13185 6568 13186 6569 13186 6570 13186 130 13187 6466 13187 6465 13187 6570 13188 6465 13188 6566 13188 130 13189 6571 13189 6466 13189 6572 13190 6466 13190 6571 13190 6573 13191 6467 13191 6466 13191 6572 13192 6573 13192 6466 13192 129 13193 6574 13193 6571 13193 6572 13194 6571 13194 6574 13194 130 13195 129 13195 6571 13195 129 13196 6459 13196 6574 13196 6575 13197 6574 13197 6459 13197 6572 13198 6574 13198 6575 13198 6467 13199 6459 13199 6463 13199 6576 13200 6459 13200 6467 13200 129 13201 6460 13201 6459 13201 6575 13202 6459 13202 6576 13202 6576 13203 6467 13203 6573 13203 129 13204 6577 13204 6460 13204 6578 13205 6460 13205 6577 13205 6579 13206 6461 13206 6460 13206 6578 13207 6579 13207 6460 13207 6580 13208 6581 13208 6577 13208 6578 13209 6577 13209 6581 13209 6582 13210 6580 13210 6577 13210 129 13211 6582 13211 6577 13211 6583 13212 6455 13212 6581 13212 6584 13213 6581 13213 6455 13213 6446 13214 6583 13214 6581 13214 6443 13215 6446 13215 6581 13215 6443 13216 6581 13216 6580 13216 6578 13217 6581 13217 6584 13217 6461 13218 6455 13218 6457 13218 6585 13219 6455 13219 6461 13219 6452 13220 6455 13220 6583 13220 6584 13221 6455 13221 6585 13221 6585 13222 6461 13222 6579 13222 6586 13223 6587 13223 6583 13223 6588 13224 6583 13224 6587 13224 6589 13225 6452 13225 6583 13225 6446 13226 6586 13226 6583 13226 6588 13227 6589 13227 6583 13227 6590 13228 6591 13228 6587 13228 6588 13229 6587 13229 6591 13229 6586 13230 6590 13230 6587 13230 6449 13231 6451 13231 6591 13231 6592 13232 6591 13232 6451 13232 6449 13233 6591 13233 6590 13233 6588 13234 6591 13234 6592 13234 6452 13235 6451 13235 6453 13235 6593 13236 6451 13236 6452 13236 6592 13237 6451 13237 6593 13237 6593 13238 6452 13238 6589 13238 6594 13239 6590 13239 6586 13239 6595 13240 6449 13240 6590 13240 6594 13241 6595 13241 6590 13241 6594 13242 6586 13242 6446 13242 6596 13243 6446 13243 6445 13243 6594 13244 6446 13244 6596 13244 6449 13245 6445 13245 6450 13245 6597 13246 6445 13246 6449 13246 6596 13247 6445 13247 6597 13247 6597 13248 6449 13248 6595 13248 6598 13249 6580 13249 6582 13249 6599 13250 6443 13250 6580 13250 6598 13251 6599 13251 6580 13251 124 13252 6442 13252 6582 13252 6598 13253 6582 13253 6442 13253 129 13254 124 13254 6582 13254 6600 13255 6442 13255 6441 13255 6440 13256 6442 13256 6601 13256 123 13257 6601 13257 6442 13257 124 13258 123 13258 6442 13258 6598 13259 6442 13259 6600 13259 6443 13260 6441 13260 6444 13260 6602 13261 6441 13261 6443 13261 6600 13262 6441 13262 6602 13262 6602 13263 6443 13263 6599 13263 123 13264 6603 13264 6601 13264 6604 13265 6601 13265 6603 13265 6605 13266 6440 13266 6601 13266 6604 13267 6605 13267 6601 13267 123 13268 6435 13268 6603 13268 6604 13269 6603 13269 6435 13269 6606 13270 6435 13270 6439 13270 6606 13271 6604 13271 6435 13271 6440 13272 6439 13272 6438 13272 6607 13273 6439 13273 6440 13273 6606 13274 6439 13274 6607 13274 6607 13275 6440 13275 6605 13275 6608 13276 6609 13276 6610 13276 6611 13277 6610 13277 6609 13277 6612 13278 6608 13278 6610 13278 6613 13279 6612 13279 6610 13279 6611 13280 6614 13280 6610 13280 6613 13281 6610 13281 6614 13281 6522 13282 6520 13282 6609 13282 6611 13283 6609 13283 6520 13283 6608 13284 6522 13284 6609 13284 6611 13285 6520 13285 6615 13285 6519 13286 6615 13286 6520 13286 6521 13287 6522 13287 6608 13287 6613 13288 6608 13288 6612 13288 6616 13289 6608 13289 6613 13289 6521 13290 6608 13290 6616 13290 6615 13291 6617 13291 6614 13291 6613 13292 6614 13292 6617 13292 6611 13293 6615 13293 6614 13293 6618 13294 6617 13294 6615 13294 6613 13295 6617 13295 6618 13295 6619 13296 6618 13296 6615 13296 6519 13297 6619 13297 6615 13297 6616 13298 6613 13298 6618 13298 6619 13299 6616 13299 6618 13299 6521 13300 6616 13300 6619 13300 6521 13301 6619 13301 6519 13301 6620 13302 6621 13302 6622 13302 6623 13303 6622 13303 6621 13303 6624 13304 6620 13304 6622 13304 6625 13305 6624 13305 6622 13305 6623 13306 6625 13306 6622 13306 6528 13307 6525 13307 6621 13307 6623 13308 6621 13308 6525 13308 6620 13309 6528 13309 6621 13309 6623 13310 6525 13310 6626 13310 6524 13311 6626 13311 6525 13311 6527 13312 6528 13312 6620 13312 6627 13313 6620 13313 6624 13313 6628 13314 6620 13314 6627 13314 6527 13315 6620 13315 6628 13315 6627 13316 6624 13316 6625 13316 6626 13317 6629 13317 6625 13317 6627 13318 6625 13318 6629 13318 6623 13319 6626 13319 6625 13319 6630 13320 6629 13320 6626 13320 6630 13321 6627 13321 6629 13321 6631 13322 6630 13322 6626 13322 6524 13323 6631 13323 6626 13323 6628 13324 6627 13324 6630 13324 6631 13325 6628 13325 6630 13325 6527 13326 6628 13326 6631 13326 6527 13327 6631 13327 6524 13327 6632 13328 6633 13328 6634 13328 6635 13329 6634 13329 6633 13329 6636 13330 6632 13330 6634 13330 6637 13331 6636 13331 6634 13331 6635 13332 6637 13332 6634 13332 6534 13333 6531 13333 6633 13333 6635 13334 6633 13334 6531 13334 6632 13335 6534 13335 6633 13335 6635 13336 6531 13336 6638 13336 6530 13337 6638 13337 6531 13337 6533 13338 6534 13338 6632 13338 6639 13339 6632 13339 6636 13339 6640 13340 6632 13340 6639 13340 6533 13341 6632 13341 6640 13341 6639 13342 6636 13342 6637 13342 6638 13343 6641 13343 6637 13343 6639 13344 6637 13344 6641 13344 6635 13345 6638 13345 6637 13345 6642 13346 6641 13346 6638 13346 6642 13347 6639 13347 6641 13347 6643 13348 6642 13348 6638 13348 6530 13349 6643 13349 6638 13349 6640 13350 6639 13350 6642 13350 6643 13351 6640 13351 6642 13351 6533 13352 6640 13352 6643 13352 6533 13353 6643 13353 6530 13353 6644 13354 6645 13354 6646 13354 6647 13355 6646 13355 6645 13355 6648 13356 6644 13356 6646 13356 6649 13357 6648 13357 6646 13357 6647 13358 6650 13358 6646 13358 6649 13359 6646 13359 6650 13359 6543 13360 6538 13360 6645 13360 6647 13361 6645 13361 6538 13361 6644 13362 6543 13362 6645 13362 6647 13363 6538 13363 6651 13363 6537 13364 6651 13364 6538 13364 6542 13365 6543 13365 6644 13365 6649 13366 6644 13366 6648 13366 6652 13367 6644 13367 6649 13367 6542 13368 6644 13368 6652 13368 6651 13369 6653 13369 6650 13369 6654 13370 6650 13370 6653 13370 6647 13371 6651 13371 6650 13371 6654 13372 6649 13372 6650 13372 6654 13373 6653 13373 6651 13373 6655 13374 6654 13374 6651 13374 6537 13375 6655 13375 6651 13375 6652 13376 6649 13376 6654 13376 6655 13377 6652 13377 6654 13377 6542 13378 6652 13378 6655 13378 6542 13379 6655 13379 6537 13379 6656 13380 6657 13380 6658 13380 6659 13381 6658 13381 6657 13381 6660 13382 6656 13382 6658 13382 6661 13383 6660 13383 6658 13383 6659 13384 6661 13384 6658 13384 6548 13385 6546 13385 6657 13385 6659 13386 6657 13386 6546 13386 6656 13387 6548 13387 6657 13387 6659 13388 6546 13388 6662 13388 6545 13389 6662 13389 6546 13389 6547 13390 6548 13390 6656 13390 6663 13391 6656 13391 6660 13391 6664 13392 6656 13392 6663 13392 6547 13393 6656 13393 6664 13393 6663 13394 6660 13394 6661 13394 6662 13395 6665 13395 6661 13395 6663 13396 6661 13396 6665 13396 6659 13397 6662 13397 6661 13397 6666 13398 6665 13398 6662 13398 6666 13399 6663 13399 6665 13399 6667 13400 6666 13400 6662 13400 6545 13401 6667 13401 6662 13401 6664 13402 6663 13402 6666 13402 6667 13403 6664 13403 6666 13403 6547 13404 6664 13404 6667 13404 6547 13405 6667 13405 6545 13405 6668 13406 6669 13406 6670 13406 6671 13407 6670 13407 6669 13407 6672 13408 6668 13408 6670 13408 6673 13409 6672 13409 6670 13409 6671 13410 6673 13410 6670 13410 6552 13411 6550 13411 6669 13411 6671 13412 6669 13412 6550 13412 6668 13413 6552 13413 6669 13413 6671 13414 6550 13414 6674 13414 6549 13415 6674 13415 6550 13415 6551 13416 6552 13416 6668 13416 6675 13417 6668 13417 6672 13417 6676 13418 6668 13418 6675 13418 6551 13419 6668 13419 6676 13419 6675 13420 6672 13420 6673 13420 6674 13421 6677 13421 6673 13421 6675 13422 6673 13422 6677 13422 6671 13423 6674 13423 6673 13423 6678 13424 6677 13424 6674 13424 6678 13425 6675 13425 6677 13425 6679 13426 6678 13426 6674 13426 6549 13427 6679 13427 6674 13427 6676 13428 6675 13428 6678 13428 6679 13429 6676 13429 6678 13429 6551 13430 6676 13430 6679 13430 6551 13431 6679 13431 6549 13431 6680 13432 6681 13432 6682 13432 6683 13433 6682 13433 6681 13433 6684 13434 6680 13434 6682 13434 6685 13435 6684 13435 6682 13435 6683 13436 6686 13436 6682 13436 6685 13437 6682 13437 6686 13437 6559 13438 6556 13438 6681 13438 6683 13439 6681 13439 6556 13439 6680 13440 6559 13440 6681 13440 6683 13441 6556 13441 6687 13441 6555 13442 6687 13442 6556 13442 6557 13443 6559 13443 6680 13443 6685 13444 6680 13444 6684 13444 6688 13445 6680 13445 6685 13445 6557 13446 6680 13446 6688 13446 6687 13447 6689 13447 6686 13447 6690 13448 6686 13448 6689 13448 6683 13449 6687 13449 6686 13449 6690 13450 6685 13450 6686 13450 6690 13451 6689 13451 6687 13451 6691 13452 6690 13452 6687 13452 6555 13453 6691 13453 6687 13453 6688 13454 6685 13454 6690 13454 6691 13455 6688 13455 6690 13455 6557 13456 6688 13456 6691 13456 6555 13457 6557 13457 6691 13457 6692 13458 6693 13458 6694 13458 6695 13459 6694 13459 6693 13459 6696 13460 6692 13460 6694 13460 6564 13461 6696 13461 6694 13461 6563 13462 6564 13462 6694 13462 6697 13463 6563 13463 6694 13463 6695 13464 6697 13464 6694 13464 6695 13465 6693 13465 6692 13465 6698 13466 6692 13466 6696 13466 6699 13467 6695 13467 6692 13467 6698 13468 6699 13468 6692 13468 6564 13469 6562 13469 6696 13469 6698 13470 6696 13470 6562 13470 6561 13471 6700 13471 6562 13471 6698 13472 6562 13472 6700 13472 6697 13473 6701 13473 6563 13473 6561 13474 6563 13474 6701 13474 6702 13475 6701 13475 6697 13475 6700 13476 6701 13476 6702 13476 6561 13477 6701 13477 6700 13477 6695 13478 6702 13478 6697 13478 6699 13479 6702 13479 6695 13479 6703 13480 6700 13480 6702 13480 6699 13481 6703 13481 6702 13481 6699 13482 6700 13482 6703 13482 6698 13483 6700 13483 6699 13483 6704 13484 6705 13484 6706 13484 6707 13485 6706 13485 6705 13485 6708 13486 6704 13486 6706 13486 6566 13487 6708 13487 6706 13487 6570 13488 6566 13488 6706 13488 6709 13489 6570 13489 6706 13489 6707 13490 6709 13490 6706 13490 6710 13491 6705 13491 6704 13491 6707 13492 6705 13492 6710 13492 6711 13493 6704 13493 6708 13493 6710 13494 6704 13494 6711 13494 6566 13495 6565 13495 6708 13495 6711 13496 6708 13496 6565 13496 6712 13497 6565 13497 6568 13497 6711 13498 6565 13498 6712 13498 6709 13499 6713 13499 6570 13499 6568 13500 6570 13500 6713 13500 6714 13501 6713 13501 6709 13501 6712 13502 6568 13502 6713 13502 6714 13503 6712 13503 6713 13503 6707 13504 6714 13504 6709 13504 6714 13505 6715 13505 6712 13505 6710 13506 6712 13506 6715 13506 6710 13507 6711 13507 6712 13507 6707 13508 6715 13508 6714 13508 6707 13509 6710 13509 6715 13509 6716 13510 6717 13510 6718 13510 6719 13511 6718 13511 6717 13511 6720 13512 6716 13512 6718 13512 6576 13513 6720 13513 6718 13513 6575 13514 6576 13514 6718 13514 6721 13515 6575 13515 6718 13515 6719 13516 6721 13516 6718 13516 6722 13517 6717 13517 6716 13517 6719 13518 6717 13518 6722 13518 6723 13519 6716 13519 6720 13519 6723 13520 6722 13520 6716 13520 6576 13521 6573 13521 6720 13521 6723 13522 6720 13522 6573 13522 6572 13523 6724 13523 6573 13523 6723 13524 6573 13524 6724 13524 6721 13525 6725 13525 6575 13525 6572 13526 6575 13526 6725 13526 6726 13527 6725 13527 6721 13527 6726 13528 6724 13528 6725 13528 6572 13529 6725 13529 6724 13529 6719 13530 6726 13530 6721 13530 6726 13531 6727 13531 6724 13531 6722 13532 6724 13532 6727 13532 6723 13533 6724 13533 6722 13533 6719 13534 6727 13534 6726 13534 6719 13535 6722 13535 6727 13535 6728 13536 6729 13536 6730 13536 6731 13537 6730 13537 6729 13537 6732 13538 6728 13538 6730 13538 6585 13539 6732 13539 6730 13539 6584 13540 6585 13540 6730 13540 6733 13541 6584 13541 6730 13541 6731 13542 6733 13542 6730 13542 6731 13543 6729 13543 6728 13543 6734 13544 6728 13544 6732 13544 6735 13545 6731 13545 6728 13545 6734 13546 6735 13546 6728 13546 6585 13547 6579 13547 6732 13547 6734 13548 6732 13548 6579 13548 6578 13549 6736 13549 6579 13549 6734 13550 6579 13550 6736 13550 6733 13551 6737 13551 6584 13551 6578 13552 6584 13552 6737 13552 6738 13553 6737 13553 6733 13553 6736 13554 6737 13554 6738 13554 6578 13555 6737 13555 6736 13555 6731 13556 6738 13556 6733 13556 6735 13557 6738 13557 6731 13557 6739 13558 6736 13558 6738 13558 6735 13559 6739 13559 6738 13559 6735 13560 6736 13560 6739 13560 6734 13561 6736 13561 6735 13561 6740 13562 6741 13562 6742 13562 6743 13563 6742 13563 6741 13563 6744 13564 6740 13564 6742 13564 6593 13565 6744 13565 6742 13565 6592 13566 6593 13566 6742 13566 6745 13567 6592 13567 6742 13567 6743 13568 6745 13568 6742 13568 6743 13569 6741 13569 6740 13569 6746 13570 6740 13570 6744 13570 6747 13571 6743 13571 6740 13571 6746 13572 6747 13572 6740 13572 6593 13573 6589 13573 6744 13573 6746 13574 6744 13574 6589 13574 6588 13575 6748 13575 6589 13575 6746 13576 6589 13576 6748 13576 6745 13577 6749 13577 6592 13577 6588 13578 6592 13578 6749 13578 6750 13579 6749 13579 6745 13579 6748 13580 6749 13580 6750 13580 6588 13581 6749 13581 6748 13581 6743 13582 6750 13582 6745 13582 6747 13583 6750 13583 6743 13583 6751 13584 6748 13584 6750 13584 6747 13585 6751 13585 6750 13585 6747 13586 6748 13586 6751 13586 6746 13587 6748 13587 6747 13587 6752 13588 6753 13588 6754 13588 6755 13589 6754 13589 6753 13589 6756 13590 6752 13590 6754 13590 6597 13591 6756 13591 6754 13591 6596 13592 6597 13592 6754 13592 6757 13593 6596 13593 6754 13593 6755 13594 6757 13594 6754 13594 6758 13595 6753 13595 6752 13595 6758 13596 6755 13596 6753 13596 6759 13597 6752 13597 6756 13597 6759 13598 6758 13598 6752 13598 6597 13599 6595 13599 6756 13599 6759 13600 6756 13600 6595 13600 6594 13601 6760 13601 6595 13601 6759 13602 6595 13602 6760 13602 6757 13603 6761 13603 6596 13603 6594 13604 6596 13604 6761 13604 6762 13605 6761 13605 6757 13605 6760 13606 6761 13606 6762 13606 6594 13607 6761 13607 6760 13607 6755 13608 6762 13608 6757 13608 6763 13609 6762 13609 6755 13609 6763 13610 6760 13610 6762 13610 6758 13611 6763 13611 6755 13611 6758 13612 6760 13612 6763 13612 6759 13613 6760 13613 6758 13613 6764 13614 6765 13614 6766 13614 6767 13615 6766 13615 6765 13615 6768 13616 6764 13616 6766 13616 6602 13617 6768 13617 6766 13617 6600 13618 6602 13618 6766 13618 6769 13619 6600 13619 6766 13619 6767 13620 6769 13620 6766 13620 6770 13621 6765 13621 6764 13621 6770 13622 6767 13622 6765 13622 6771 13623 6764 13623 6768 13623 6771 13624 6770 13624 6764 13624 6602 13625 6599 13625 6768 13625 6771 13626 6768 13626 6599 13626 6598 13627 6772 13627 6599 13627 6771 13628 6599 13628 6772 13628 6769 13629 6773 13629 6600 13629 6598 13630 6600 13630 6773 13630 6774 13631 6773 13631 6769 13631 6772 13632 6773 13632 6774 13632 6598 13633 6773 13633 6772 13633 6767 13634 6774 13634 6769 13634 6775 13635 6774 13635 6767 13635 6775 13636 6772 13636 6774 13636 6770 13637 6775 13637 6767 13637 6770 13638 6772 13638 6775 13638 6771 13639 6772 13639 6770 13639 6776 13640 6777 13640 6778 13640 6779 13641 6778 13641 6777 13641 6780 13642 6776 13642 6778 13642 6781 13643 6780 13643 6778 13643 6779 13644 6782 13644 6778 13644 6781 13645 6778 13645 6782 13645 6607 13646 6605 13646 6777 13646 6779 13647 6777 13647 6605 13647 6776 13648 6607 13648 6777 13648 6779 13649 6605 13649 6783 13649 6604 13650 6783 13650 6605 13650 6606 13651 6607 13651 6776 13651 6781 13652 6776 13652 6780 13652 6784 13653 6776 13653 6781 13653 6606 13654 6776 13654 6784 13654 6783 13655 6785 13655 6782 13655 6786 13656 6782 13656 6785 13656 6779 13657 6783 13657 6782 13657 6786 13658 6781 13658 6782 13658 6786 13659 6785 13659 6783 13659 6787 13660 6786 13660 6783 13660 6604 13661 6787 13661 6783 13661 6784 13662 6781 13662 6786 13662 6787 13663 6784 13663 6786 13663 6606 13664 6784 13664 6787 13664 6606 13665 6787 13665 6604 13665 41 13666 3121 13666 40 13666 41 13667 3120 13667 3121 13667 30 13668 29 13668 3120 13668 41 13669 30 13669 3120 13669 41 13670 26 13670 30 13670 55 13671 3117 13671 51 13671 55 13672 3116 13672 3117 13672 61 13673 60 13673 3116 13673 55 13674 61 13674 3116 13674 55 13675 56 13675 61 13675 3113 13676 3114 13676 5 13676 8 13677 3113 13677 5 13677 8 13678 13 13678 3113 13678 8 13679 14 13679 13 13679 9 13680 14 13680 8 13680 6788 13681 6420 13681 6421 13681 6788 13682 6421 13682 6470 13682 6788 13683 6472 13683 6420 13683 3479 13684 6470 13684 6471 13684 3481 13685 6788 13685 6470 13685 3479 13686 3481 13686 6470 13686 3484 13687 6471 13687 6472 13687 3480 13688 3479 13688 6471 13688 3480 13689 6471 13689 3483 13689 3484 13690 3483 13690 6471 13690 3478 13691 6472 13691 6788 13691 3484 13692 6472 13692 3478 13692 3481 13693 3482 13693 6788 13693 3477 13694 6788 13694 3482 13694 3477 13695 3478 13695 6788 13695 5461 13696 5460 13696 5458 13696 5462 13697 5463 13697 5460 13697 5464 13698 5460 13698 5463 13698 5461 13699 5462 13699 5460 13699 5471 13700 5470 13700 5468 13700 5472 13701 5474 13701 5470 13701 5475 13702 5470 13702 5474 13702 5471 13703 5472 13703 5470 13703 6789 13704 5257 13704 5256 13704 6790 13705 3384 13705 5257 13705 6789 13706 6790 13706 5257 13706 6791 13707 5256 13707 3383 13707 6791 13708 6789 13708 5256 13708 6792 13709 3383 13709 3384 13709 6791 13710 3383 13710 6792 13710 6790 13711 6792 13711 3384 13711 6791 13712 6792 13712 6790 13712 6791 13713 6790 13713 6789 13713 6793 13714 5595 13714 5593 13714 6794 13715 5594 13715 5595 13715 6793 13716 6794 13716 5595 13716 6795 13717 5593 13717 5592 13717 6795 13718 6793 13718 5593 13718 6796 13719 5592 13719 5594 13719 6795 13720 5592 13720 6796 13720 6794 13721 6796 13721 5594 13721 6795 13722 6796 13722 6794 13722 6795 13723 6794 13723 6793 13723 6797 13724 6798 13724 6799 13724 6800 13725 6799 13725 6798 13725 6801 13726 6797 13726 6799 13726 6802 13727 6799 13727 6800 13727 6803 13728 6799 13728 6802 13728 6803 13729 6801 13729 6799 13729 6797 13730 6804 13730 6798 13730 6805 13731 6798 13731 6804 13731 6806 13732 6800 13732 6798 13732 6805 13733 6806 13733 6798 13733 6807 13734 6808 13734 6804 13734 6809 13735 6804 13735 6808 13735 6797 13736 6807 13736 6804 13736 6809 13737 6805 13737 6804 13737 6802 13738 6808 13738 6807 13738 6802 13739 6800 13739 6808 13739 6810 13740 6808 13740 6800 13740 6809 13741 6808 13741 6810 13741 6811 13742 6807 13742 6797 13742 6812 13743 6802 13743 6807 13743 6812 13744 6807 13744 6811 13744 6801 13745 6811 13745 6797 13745 6806 13746 6810 13746 6800 13746 6812 13747 6803 13747 6802 13747 6809 13748 6810 13748 6806 13748 6809 13749 6806 13749 6805 13749 6813 13750 6811 13750 6801 13750 6814 13751 6812 13751 6811 13751 6815 13752 6811 13752 6813 13752 6815 13753 6814 13753 6811 13753 6816 13754 6801 13754 6803 13754 6817 13755 6801 13755 6816 13755 6813 13756 6801 13756 6817 13756 6818 13757 6803 13757 6812 13757 6816 13758 6803 13758 6819 13758 6818 13759 6819 13759 6803 13759 6820 13760 6818 13760 6812 13760 6814 13761 6820 13761 6812 13761 6821 13762 6816 13762 6819 13762 6822 13763 6819 13763 6818 13763 6823 13764 6821 13764 6819 13764 6823 13765 6819 13765 6824 13765 6822 13766 6824 13766 6819 13766 6821 13767 6817 13767 6816 13767 6821 13768 6813 13768 6817 13768 6821 13769 6815 13769 6813 13769 6822 13770 6818 13770 6820 13770 6822 13771 6820 13771 6814 13771 6822 13772 6814 13772 6815 13772 6825 13773 6815 13773 6821 13773 6826 13774 6815 13774 6825 13774 6826 13775 6822 13775 6815 13775 6823 13776 6825 13776 6821 13776 6827 13777 6823 13777 6824 13777 6826 13778 6824 13778 6822 13778 6828 13779 6824 13779 6826 13779 6828 13780 6827 13780 6824 13780 6829 13781 6825 13781 6823 13781 6830 13782 6826 13782 6825 13782 6830 13783 6825 13783 6829 13783 6827 13784 6829 13784 6823 13784 6830 13785 6828 13785 6826 13785 6831 13786 6829 13786 6827 13786 6832 13787 6830 13787 6829 13787 6831 13788 6832 13788 6829 13788 6833 13789 6827 13789 6828 13789 6831 13790 6827 13790 6834 13790 6833 13791 6834 13791 6827 13791 6835 13792 6828 13792 6830 13792 6833 13793 6828 13793 6835 13793 6836 13794 6835 13794 6830 13794 6832 13795 6836 13795 6830 13795 6833 13796 6835 13796 6836 13796 6837 13797 6836 13797 6832 13797 6838 13798 6833 13798 6836 13798 6837 13799 6838 13799 6836 13799 6831 13800 6834 13800 6832 13800 6839 13801 6832 13801 6834 13801 6839 13802 6837 13802 6832 13802 6840 13803 6834 13803 6833 13803 6839 13804 6834 13804 6840 13804 6838 13805 6840 13805 6833 13805 6839 13806 6840 13806 6838 13806 6839 13807 6838 13807 6837 13807 6841 13808 6842 13808 6843 13808 6844 13809 6843 13809 6842 13809 6845 13810 6841 13810 6843 13810 6846 13811 6843 13811 6844 13811 6847 13812 6843 13812 6846 13812 6845 13813 6843 13813 6847 13813 6841 13814 6848 13814 6842 13814 6849 13815 6842 13815 6848 13815 6850 13816 6844 13816 6842 13816 6849 13817 6850 13817 6842 13817 6851 13818 6852 13818 6848 13818 6853 13819 6848 13819 6852 13819 6841 13820 6851 13820 6848 13820 6853 13821 6849 13821 6848 13821 6846 13822 6852 13822 6851 13822 6846 13823 6844 13823 6852 13823 6854 13824 6852 13824 6844 13824 6853 13825 6852 13825 6854 13825 6855 13826 6851 13826 6841 13826 6856 13827 6846 13827 6851 13827 6855 13828 6856 13828 6851 13828 6845 13829 6855 13829 6841 13829 6850 13830 6854 13830 6844 13830 6856 13831 6847 13831 6846 13831 6853 13832 6854 13832 6850 13832 6853 13833 6850 13833 6849 13833 6857 13834 6847 13834 6856 13834 6858 13835 6845 13835 6847 13835 6859 13836 6847 13836 6857 13836 6859 13837 6858 13837 6847 13837 6860 13838 6856 13838 6855 13838 6861 13839 6856 13839 6860 13839 6857 13840 6856 13840 6861 13840 6862 13841 6855 13841 6845 13841 6860 13842 6855 13842 6863 13842 6862 13843 6863 13843 6855 13843 6864 13844 6862 13844 6845 13844 6858 13845 6864 13845 6845 13845 6865 13846 6860 13846 6863 13846 6866 13847 6863 13847 6862 13847 6867 13848 6865 13848 6863 13848 6867 13849 6863 13849 6868 13849 6866 13850 6868 13850 6863 13850 6865 13851 6861 13851 6860 13851 6865 13852 6857 13852 6861 13852 6865 13853 6859 13853 6857 13853 6866 13854 6862 13854 6864 13854 6866 13855 6864 13855 6858 13855 6866 13856 6858 13856 6859 13856 6869 13857 6859 13857 6865 13857 6870 13858 6859 13858 6869 13858 6870 13859 6866 13859 6859 13859 6867 13860 6869 13860 6865 13860 6871 13861 6867 13861 6868 13861 6870 13862 6868 13862 6866 13862 6872 13863 6868 13863 6870 13863 6872 13864 6871 13864 6868 13864 6873 13865 6869 13865 6867 13865 6874 13866 6870 13866 6869 13866 6874 13867 6869 13867 6873 13867 6871 13868 6873 13868 6867 13868 6874 13869 6872 13869 6870 13869 6875 13870 6873 13870 6871 13870 6876 13871 6874 13871 6873 13871 6875 13872 6876 13872 6873 13872 6877 13873 6871 13873 6872 13873 6875 13874 6871 13874 6878 13874 6877 13875 6878 13875 6871 13875 6879 13876 6872 13876 6874 13876 6877 13877 6872 13877 6879 13877 6880 13878 6879 13878 6874 13878 6876 13879 6880 13879 6874 13879 6877 13880 6879 13880 6880 13880 6881 13881 6880 13881 6876 13881 6882 13882 6877 13882 6880 13882 6881 13883 6882 13883 6880 13883 6875 13884 6878 13884 6876 13884 6883 13885 6876 13885 6878 13885 6883 13886 6881 13886 6876 13886 6884 13887 6878 13887 6877 13887 6883 13888 6878 13888 6884 13888 6882 13889 6884 13889 6877 13889 6883 13890 6884 13890 6882 13890 6883 13891 6882 13891 6881 13891 6885 13892 6886 13892 6887 13892 6888 13893 6887 13893 6886 13893 6889 13894 6885 13894 6887 13894 6890 13895 6887 13895 6888 13895 6889 13896 6887 13896 6890 13896 6885 13897 6891 13897 6886 13897 6892 13898 6886 13898 6891 13898 6892 13899 6888 13899 6886 13899 6893 13900 6894 13900 6891 13900 6895 13901 6891 13901 6894 13901 6885 13902 6893 13902 6891 13902 6895 13903 6892 13903 6891 13903 6896 13904 6897 13904 6894 13904 6898 13905 6894 13905 6897 13905 6893 13906 6896 13906 6894 13906 6899 13907 6895 13907 6894 13907 6898 13908 6899 13908 6894 13908 6900 13909 6901 13909 6897 13909 6902 13910 6897 13910 6901 13910 6896 13911 6900 13911 6897 13911 6902 13912 6898 13912 6897 13912 6903 13913 6901 13913 6900 13913 6902 13914 6901 13914 6904 13914 6903 13915 6904 13915 6901 13915 6905 13916 6900 13916 6896 13916 6905 13917 6903 13917 6900 13917 6906 13918 6896 13918 6893 13918 6906 13919 6905 13919 6896 13919 6907 13920 6893 13920 6885 13920 6908 13921 6906 13921 6893 13921 6907 13922 6908 13922 6893 13922 6889 13923 6907 13923 6885 13923 6909 13924 6910 13924 6888 13924 6890 13925 6888 13925 6910 13925 6909 13926 6888 13926 6892 13926 6911 13927 6904 13927 6910 13927 6912 13928 6910 13928 6904 13928 6913 13929 6911 13929 6910 13929 6909 13930 6913 13930 6910 13930 6912 13931 6890 13931 6910 13931 6911 13932 6902 13932 6904 13932 6903 13933 6912 13933 6904 13933 6914 13934 6892 13934 6895 13934 6915 13935 6909 13935 6892 13935 6915 13936 6892 13936 6914 13936 6916 13937 6895 13937 6899 13937 6916 13938 6914 13938 6895 13938 6917 13939 6899 13939 6898 13939 6916 13940 6899 13940 6917 13940 6918 13941 6898 13941 6902 13941 6917 13942 6898 13942 6918 13942 6919 13943 6902 13943 6911 13943 6918 13944 6902 13944 6919 13944 6920 13945 6911 13945 6913 13945 6920 13946 6919 13946 6911 13946 6921 13947 6913 13947 6909 13947 6921 13948 6920 13948 6913 13948 6915 13949 6921 13949 6909 13949 6922 13950 6890 13950 6912 13950 6922 13951 6889 13951 6890 13951 6923 13952 6912 13952 6903 13952 6924 13953 6922 13953 6912 13953 6923 13954 6924 13954 6912 13954 6923 13955 6903 13955 6905 13955 6925 13956 6926 13956 6927 13956 6928 13957 6927 13957 6926 13957 6929 13958 6925 13958 6927 13958 6930 13959 6927 13959 6928 13959 6929 13960 6927 13960 6930 13960 6925 13961 6931 13961 6926 13961 6932 13962 6926 13962 6931 13962 6932 13963 6928 13963 6926 13963 6933 13964 6934 13964 6931 13964 6935 13965 6931 13965 6934 13965 6925 13966 6933 13966 6931 13966 6935 13967 6932 13967 6931 13967 6936 13968 6937 13968 6934 13968 6938 13969 6934 13969 6937 13969 6933 13970 6936 13970 6934 13970 6939 13971 6935 13971 6934 13971 6938 13972 6939 13972 6934 13972 6940 13973 6941 13973 6937 13973 6942 13974 6937 13974 6941 13974 6936 13975 6940 13975 6937 13975 6942 13976 6938 13976 6937 13976 6943 13977 6941 13977 6940 13977 6942 13978 6941 13978 6944 13978 6943 13979 6944 13979 6941 13979 6945 13980 6940 13980 6936 13980 6945 13981 6943 13981 6940 13981 6946 13982 6936 13982 6933 13982 6946 13983 6945 13983 6936 13983 6947 13984 6933 13984 6925 13984 6948 13985 6946 13985 6933 13985 6947 13986 6948 13986 6933 13986 6929 13987 6947 13987 6925 13987 6949 13988 6950 13988 6928 13988 6930 13989 6928 13989 6950 13989 6949 13990 6928 13990 6932 13990 6951 13991 6944 13991 6950 13991 6952 13992 6950 13992 6944 13992 6953 13993 6951 13993 6950 13993 6949 13994 6953 13994 6950 13994 6952 13995 6930 13995 6950 13995 6951 13996 6942 13996 6944 13996 6943 13997 6952 13997 6944 13997 6954 13998 6932 13998 6935 13998 6955 13999 6949 13999 6932 13999 6955 14000 6932 14000 6954 14000 6956 14001 6935 14001 6939 14001 6954 14002 6935 14002 6956 14002 6957 14003 6939 14003 6938 14003 6956 14004 6939 14004 6957 14004 6958 14005 6938 14005 6942 14005 6957 14006 6938 14006 6958 14006 6959 14007 6942 14007 6951 14007 6958 14008 6942 14008 6959 14008 6960 14009 6951 14009 6953 14009 6960 14010 6959 14010 6951 14010 6961 14011 6953 14011 6949 14011 6961 14012 6960 14012 6953 14012 6955 14013 6961 14013 6949 14013 6962 14014 6930 14014 6952 14014 6962 14015 6929 14015 6930 14015 6963 14016 6952 14016 6943 14016 6964 14017 6962 14017 6952 14017 6963 14018 6964 14018 6952 14018 6963 14019 6943 14019 6945 14019 6919 14020 6905 14020 6906 14020 6920 14021 6923 14021 6905 14021 6920 14022 6905 14022 6919 14022 6918 14023 6906 14023 6908 14023 6918 14024 6919 14024 6906 14024 6917 14025 6908 14025 6907 14025 6917 14026 6918 14026 6908 14026 6916 14027 6907 14027 6889 14027 6916 14028 6917 14028 6907 14028 6914 14029 6889 14029 6922 14029 6916 14030 6889 14030 6914 14030 6915 14031 6922 14031 6924 14031 6915 14032 6914 14032 6922 14032 6921 14033 6924 14033 6923 14033 6915 14034 6924 14034 6921 14034 6921 14035 6923 14035 6920 14035 6959 14036 6945 14036 6946 14036 6960 14037 6963 14037 6945 14037 6960 14038 6945 14038 6959 14038 6958 14039 6946 14039 6948 14039 6958 14040 6959 14040 6946 14040 6957 14041 6948 14041 6947 14041 6957 14042 6958 14042 6948 14042 6956 14043 6947 14043 6929 14043 6956 14044 6957 14044 6947 14044 6954 14045 6929 14045 6962 14045 6954 14046 6956 14046 6929 14046 6955 14047 6962 14047 6964 14047 6955 14048 6954 14048 6962 14048 6961 14049 6964 14049 6963 14049 6955 14050 6964 14050 6961 14050 6961 14051 6963 14051 6960 14051 6965 14052 6966 14052 6967 14052 6968 14053 6967 14053 6966 14053 6969 14054 6967 14054 6970 14054 6971 14055 6970 14055 6967 14055 6969 14056 6965 14056 6967 14056 6971 14057 6967 14057 6968 14057 6972 14058 6973 14058 6966 14058 6974 14059 6966 14059 6973 14059 6965 14060 6972 14060 6966 14060 6974 14061 6968 14061 6966 14061 6972 14062 6975 14062 6973 14062 6976 14063 6973 14063 6975 14063 6976 14064 6974 14064 6973 14064 6977 14065 6978 14065 6975 14065 6979 14066 6975 14066 6978 14066 6980 14067 6975 14067 6972 14067 6980 14068 6977 14068 6975 14068 6979 14069 6976 14069 6975 14069 6981 14070 6982 14070 6978 14070 6983 14071 6978 14071 6982 14071 6977 14072 6981 14072 6978 14072 6979 14073 6978 14073 6983 14073 6984 14074 6985 14074 6982 14074 6986 14075 6982 14075 6985 14075 6981 14076 6984 14076 6982 14076 6986 14077 6983 14077 6982 14077 6984 14078 6970 14078 6985 14078 6987 14079 6985 14079 6970 14079 6987 14080 6986 14080 6985 14080 6988 14081 6969 14081 6970 14081 6984 14082 6988 14082 6970 14082 6971 14083 6987 14083 6970 14083 6989 14084 6972 14084 6965 14084 6990 14085 6980 14085 6972 14085 6990 14086 6972 14086 6989 14086 6991 14087 6965 14087 6969 14087 6991 14088 6989 14088 6965 14088 6992 14089 6969 14089 6988 14089 6993 14090 6969 14090 6992 14090 6991 14091 6969 14091 6993 14091 6992 14092 6988 14092 6984 14092 6994 14093 6984 14093 6981 14093 6992 14094 6984 14094 6994 14094 6995 14095 6981 14095 6977 14095 6994 14096 6981 14096 6995 14096 6990 14097 6977 14097 6980 14097 6996 14098 6977 14098 6990 14098 6995 14099 6977 14099 6996 14099 6992 14100 6971 14100 6968 14100 6993 14101 6968 14101 6974 14101 6993 14102 6992 14102 6968 14102 6996 14103 6983 14103 6986 14103 6990 14104 6979 14104 6983 14104 6996 14105 6990 14105 6983 14105 6994 14106 6986 14106 6987 14106 6995 14107 6996 14107 6986 14107 6994 14108 6995 14108 6986 14108 6994 14109 6987 14109 6971 14109 6992 14110 6994 14110 6971 14110 6989 14111 6974 14111 6976 14111 6991 14112 6974 14112 6989 14112 6991 14113 6993 14113 6974 14113 6989 14114 6976 14114 6979 14114 6990 14115 6989 14115 6979 14115 6997 14116 6998 14116 6999 14116 7000 14117 6999 14117 6998 14117 7001 14118 6997 14118 6999 14118 7002 14119 7001 14119 6999 14119 7003 14120 7002 14120 6999 14120 7003 14121 6999 14121 7000 14121 6997 14122 7004 14122 6998 14122 7000 14123 6998 14123 7004 14123 7005 14124 7004 14124 6997 14124 7006 14125 7004 14125 7005 14125 7007 14126 7004 14126 7006 14126 7007 14127 7000 14127 7004 14127 7008 14128 6997 14128 7001 14128 7009 14129 7005 14129 6997 14129 7008 14130 7009 14130 6997 14130 7010 14131 7011 14131 7001 14131 7012 14132 7001 14132 7011 14132 7002 14133 7010 14133 7001 14133 7012 14134 7008 14134 7001 14134 7013 14135 7011 14135 7010 14135 7014 14136 7005 14136 7011 14136 7015 14137 7011 14137 7005 14137 7013 14138 7014 14138 7011 14138 7012 14139 7011 14139 7015 14139 7003 14140 7010 14140 7002 14140 7016 14141 7013 14141 7010 14141 7003 14142 7016 14142 7010 14142 7014 14143 7006 14143 7005 14143 7009 14144 7015 14144 7005 14144 7007 14145 7006 14145 7014 14145 7016 14146 7014 14146 7013 14146 7007 14147 7014 14147 7016 14147 7012 14148 7015 14148 7009 14148 7012 14149 7009 14149 7008 14149 7017 14150 7003 14150 7000 14150 7018 14151 7000 14151 7007 14151 7018 14152 7017 14152 7000 14152 7019 14153 7016 14153 7003 14153 7020 14154 7007 14154 7016 14154 7020 14155 7016 14155 7019 14155 7017 14156 7019 14156 7003 14156 7020 14157 7018 14157 7007 14157 7021 14158 7019 14158 7017 14158 7022 14159 7020 14159 7019 14159 7021 14160 7022 14160 7019 14160 7023 14161 7017 14161 7018 14161 7021 14162 7017 14162 7024 14162 7023 14163 7024 14163 7017 14163 7025 14164 7018 14164 7020 14164 7023 14165 7018 14165 7025 14165 7026 14166 7025 14166 7020 14166 7022 14167 7026 14167 7020 14167 7023 14168 7025 14168 7026 14168 7027 14169 7026 14169 7022 14169 7028 14170 7023 14170 7026 14170 7027 14171 7028 14171 7026 14171 7021 14172 7024 14172 7022 14172 7029 14173 7022 14173 7024 14173 7029 14174 7027 14174 7022 14174 7030 14175 7024 14175 7023 14175 7029 14176 7024 14176 7030 14176 7028 14177 7030 14177 7023 14177 7029 14178 7030 14178 7028 14178 7029 14179 7028 14179 7027 14179 7031 14180 7032 14180 7033 14180 7034 14181 7033 14181 7032 14181 7035 14182 7031 14182 7033 14182 7036 14183 7035 14183 7033 14183 7037 14184 7036 14184 7033 14184 7037 14185 7033 14185 7034 14185 7031 14186 7038 14186 7032 14186 7034 14187 7032 14187 7038 14187 7039 14188 7038 14188 7031 14188 7039 14189 7040 14189 7038 14189 7041 14190 7038 14190 7040 14190 7041 14191 7034 14191 7038 14191 7042 14192 7031 14192 7035 14192 7043 14193 7039 14193 7031 14193 7042 14194 7043 14194 7031 14194 7044 14195 7045 14195 7035 14195 7046 14196 7035 14196 7045 14196 7036 14197 7044 14197 7035 14197 7046 14198 7042 14198 7035 14198 7047 14199 7045 14199 7044 14199 7047 14200 7048 14200 7045 14200 7039 14201 7045 14201 7048 14201 7049 14202 7045 14202 7039 14202 7046 14203 7045 14203 7049 14203 7037 14204 7044 14204 7036 14204 7050 14205 7047 14205 7044 14205 7037 14206 7050 14206 7044 14206 7039 14207 7048 14207 7040 14207 7041 14208 7040 14208 7048 14208 7050 14209 7048 14209 7047 14209 7050 14210 7041 14210 7048 14210 7043 14211 7049 14211 7039 14211 7046 14212 7049 14212 7043 14212 7046 14213 7043 14213 7042 14213 7051 14214 7034 14214 7041 14214 7052 14215 7037 14215 7034 14215 7052 14216 7034 14216 7051 14216 7053 14217 7041 14217 7050 14217 7053 14218 7051 14218 7041 14218 7054 14219 7050 14219 7037 14219 7054 14220 7053 14220 7050 14220 7052 14221 7054 14221 7037 14221 7055 14222 7051 14222 7053 14222 7056 14223 7052 14223 7051 14223 7055 14224 7056 14224 7051 14224 7057 14225 7053 14225 7054 14225 7055 14226 7053 14226 7058 14226 7057 14227 7058 14227 7053 14227 7059 14228 7054 14228 7052 14228 7057 14229 7054 14229 7059 14229 7060 14230 7059 14230 7052 14230 7056 14231 7060 14231 7052 14231 7057 14232 7059 14232 7060 14232 7061 14233 7060 14233 7056 14233 7062 14234 7057 14234 7060 14234 7061 14235 7062 14235 7060 14235 7055 14236 7058 14236 7056 14236 7063 14237 7056 14237 7058 14237 7063 14238 7061 14238 7056 14238 7064 14239 7058 14239 7057 14239 7063 14240 7058 14240 7064 14240 7062 14241 7064 14241 7057 14241 7063 14242 7064 14242 7062 14242 7063 14243 7062 14243 7061 14243 7065 14244 7066 14244 7067 14244 7068 14245 7067 14245 7066 14245 7069 14246 7065 14246 7067 14246 7070 14247 7067 14247 7068 14247 7070 14248 7069 14248 7067 14248 7065 14249 7071 14249 7066 14249 7072 14250 7066 14250 7071 14250 7073 14251 7068 14251 7066 14251 7072 14252 7073 14252 7066 14252 7074 14253 7075 14253 7071 14253 7072 14254 7071 14254 7075 14254 7065 14255 7074 14255 7071 14255 7076 14256 7075 14256 7074 14256 7077 14257 7072 14257 7075 14257 7078 14258 7077 14258 7075 14258 7076 14259 7078 14259 7075 14259 7069 14260 7074 14260 7065 14260 7069 14261 7076 14261 7074 14261 7079 14262 7068 14262 7073 14262 7080 14263 7068 14263 7079 14263 7070 14264 7068 14264 7080 14264 7081 14265 7079 14265 7073 14265 7081 14266 7073 14266 7072 14266 7080 14267 7082 14267 7083 14267 7084 14268 7083 14268 7082 14268 7070 14269 7080 14269 7083 14269 7085 14270 7083 14270 7084 14270 7086 14271 7083 14271 7085 14271 7086 14272 7070 14272 7083 14272 7080 14273 7079 14273 7082 14273 7081 14274 7082 14274 7079 14274 7084 14275 7082 14275 7081 14275 7087 14276 7072 14276 7088 14276 7077 14277 7088 14277 7072 14277 7089 14278 7087 14278 7088 14278 7089 14279 7088 14279 7077 14279 7087 14280 7081 14280 7072 14280 7090 14281 7091 14281 7081 14281 7092 14282 7081 14282 7091 14282 7087 14283 7090 14283 7081 14283 7084 14284 7081 14284 7092 14284 7089 14285 7091 14285 7090 14285 7089 14286 7077 14286 7091 14286 7093 14287 7091 14287 7077 14287 7092 14288 7091 14288 7093 14288 7089 14289 7090 14289 7087 14289 7094 14290 7077 14290 7078 14290 7093 14291 7077 14291 7094 14291 7076 14292 7094 14292 7078 14292 7095 14293 7093 14293 7094 14293 7096 14294 7095 14294 7094 14294 7076 14295 7096 14295 7094 14295 7097 14296 7092 14296 7093 14296 7095 14297 7097 14297 7093 14297 7085 14298 7084 14298 7092 14298 7097 14299 7085 14299 7092 14299 7086 14300 7085 14300 7097 14300 7086 14301 7097 14301 7095 14301 7098 14302 7095 14302 7096 14302 7086 14303 7095 14303 7098 14303 7069 14304 7096 14304 7076 14304 7069 14305 7098 14305 7096 14305 7099 14306 7098 14306 7069 14306 7100 14307 7086 14307 7098 14307 7099 14308 7100 14308 7098 14308 7101 14309 7069 14309 7070 14309 7099 14310 7069 14310 7102 14310 7101 14311 7102 14311 7069 14311 7103 14312 7070 14312 7086 14312 7101 14313 7070 14313 7103 14313 7104 14314 7103 14314 7086 14314 7100 14315 7104 14315 7086 14315 7101 14316 7103 14316 7104 14316 7105 14317 7104 14317 7100 14317 7106 14318 7101 14318 7104 14318 7105 14319 7106 14319 7104 14319 7099 14320 7102 14320 7100 14320 7107 14321 7100 14321 7102 14321 7107 14322 7105 14322 7100 14322 7108 14323 7102 14323 7101 14323 7107 14324 7102 14324 7108 14324 7106 14325 7108 14325 7101 14325 7107 14326 7108 14326 7106 14326 7107 14327 7106 14327 7105 14327 7109 14328 7110 14328 7111 14328 7112 14329 7111 14329 7110 14329 7113 14330 7109 14330 7111 14330 7112 14331 7113 14331 7111 14331 7114 14332 7115 14332 7110 14332 7112 14333 7110 14333 7115 14333 7109 14334 7114 14334 7110 14334 7116 14335 7115 14335 7114 14335 7116 14336 7112 14336 7115 14336 7117 14337 7114 14337 7109 14337 7118 14338 7116 14338 7114 14338 7118 14339 7114 14339 7117 14339 7119 14340 7109 14340 7113 14340 7117 14341 7109 14341 7119 14341 7116 14342 7113 14342 7112 14342 7120 14343 7113 14343 7116 14343 7119 14344 7113 14344 7120 14344 7118 14345 7120 14345 7116 14345 7121 14346 7120 14346 7122 14346 7118 14347 7122 14347 7120 14347 7123 14348 7121 14348 7122 14348 7124 14349 7122 14349 7118 14349 7125 14350 7122 14350 7124 14350 7125 14351 7123 14351 7122 14351 7121 14352 7119 14352 7120 14352 7126 14353 7117 14353 7119 14353 7121 14354 7126 14354 7119 14354 7124 14355 7117 14355 7126 14355 7124 14356 7118 14356 7117 14356 7127 14357 7126 14357 7121 14357 7128 14358 7124 14358 7126 14358 7128 14359 7126 14359 7127 14359 7123 14360 7127 14360 7121 14360 7128 14361 7125 14361 7124 14361 7129 14362 7127 14362 7123 14362 7130 14363 7128 14363 7127 14363 7129 14364 7130 14364 7127 14364 7131 14365 7123 14365 7125 14365 7129 14366 7123 14366 7132 14366 7131 14367 7132 14367 7123 14367 7133 14368 7125 14368 7128 14368 7131 14369 7125 14369 7133 14369 7134 14370 7133 14370 7128 14370 7130 14371 7134 14371 7128 14371 7131 14372 7133 14372 7134 14372 7135 14373 7134 14373 7130 14373 7136 14374 7131 14374 7134 14374 7135 14375 7136 14375 7134 14375 7129 14376 7132 14376 7130 14376 7137 14377 7130 14377 7132 14377 7137 14378 7135 14378 7130 14378 7138 14379 7132 14379 7131 14379 7137 14380 7132 14380 7138 14380 7136 14381 7138 14381 7131 14381 7137 14382 7138 14382 7136 14382 7137 14383 7136 14383 7135 14383 7139 14384 7140 14384 7141 14384 7142 14385 7141 14385 7140 14385 7143 14386 7141 14386 7144 14386 7145 14387 7144 14387 7141 14387 7139 14388 7141 14388 7143 14388 7145 14389 7141 14389 7142 14389 7146 14390 7147 14390 7140 14390 7148 14391 7140 14391 7147 14391 7139 14392 7146 14392 7140 14392 7148 14393 7142 14393 7140 14393 7149 14394 7144 14394 7147 14394 7150 14395 7147 14395 7144 14395 7146 14396 7149 14396 7147 14396 7150 14397 7148 14397 7147 14397 7149 14398 7143 14398 7144 14398 7145 14399 7150 14399 7144 14399 7151 14400 7143 14400 7149 14400 7152 14401 7139 14401 7143 14401 7152 14402 7143 14402 7151 14402 7153 14403 7149 14403 7146 14403 7153 14404 7151 14404 7149 14404 7154 14405 7146 14405 7139 14405 7153 14406 7146 14406 7154 14406 7152 14407 7154 14407 7139 14407 7145 14408 7142 14408 7148 14408 7145 14409 7148 14409 7150 14409 7155 14410 7153 14410 7154 14410 7156 14411 7154 14411 7152 14411 7155 14412 7154 14412 7156 14412 7157 14413 7151 14413 7153 14413 7158 14414 7152 14414 7151 14414 7157 14415 7158 14415 7151 14415 7155 14416 7157 14416 7153 14416 7158 14417 7156 14417 7152 14417 7159 14418 7156 14418 7158 14418 7160 14419 7155 14419 7156 14419 7159 14420 7160 14420 7156 14420 7161 14421 7158 14421 7157 14421 7159 14422 7158 14422 7162 14422 7161 14423 7162 14423 7158 14423 7163 14424 7157 14424 7155 14424 7161 14425 7157 14425 7163 14425 7164 14426 7163 14426 7155 14426 7160 14427 7164 14427 7155 14427 7161 14428 7163 14428 7164 14428 7165 14429 7164 14429 7160 14429 7166 14430 7161 14430 7164 14430 7165 14431 7166 14431 7164 14431 7159 14432 7162 14432 7160 14432 7167 14433 7160 14433 7162 14433 7167 14434 7165 14434 7160 14434 7168 14435 7162 14435 7161 14435 7167 14436 7162 14436 7168 14436 7166 14437 7168 14437 7161 14437 7167 14438 7168 14438 7166 14438 7167 14439 7166 14439 7165 14439 7169 14440 7170 14440 7171 14440 7172 14441 7171 14441 7170 14441 7173 14442 7171 14442 7174 14442 7175 14443 7174 14443 7171 14443 7173 14444 7169 14444 7171 14444 7175 14445 7171 14445 7172 14445 7176 14446 7177 14446 7170 14446 7178 14447 7170 14447 7177 14447 7169 14448 7176 14448 7170 14448 7178 14449 7172 14449 7170 14449 7179 14450 7174 14450 7177 14450 7180 14451 7177 14451 7174 14451 7179 14452 7177 14452 7176 14452 7178 14453 7177 14453 7180 14453 7179 14454 7173 14454 7174 14454 7180 14455 7174 14455 7175 14455 7181 14456 7182 14456 7183 14456 7184 14457 7183 14457 7182 14457 7185 14458 7183 14458 7186 14458 7187 14459 7186 14459 7183 14459 7185 14460 7181 14460 7183 14460 7187 14461 7183 14461 7184 14461 7188 14462 7189 14462 7182 14462 7190 14463 7182 14463 7189 14463 7181 14464 7188 14464 7182 14464 7190 14465 7184 14465 7182 14465 7191 14466 7186 14466 7189 14466 7192 14467 7189 14467 7186 14467 7191 14468 7189 14468 7188 14468 7190 14469 7189 14469 7192 14469 7191 14470 7185 14470 7186 14470 7192 14471 7186 14471 7187 14471 7193 14472 7176 14472 7169 14472 7194 14473 7179 14473 7176 14473 7194 14474 7176 14474 7193 14474 7195 14475 7169 14475 7173 14475 7195 14476 7193 14476 7169 14476 7196 14477 7173 14477 7179 14477 7196 14478 7195 14478 7173 14478 7194 14479 7196 14479 7179 14479 7197 14480 7188 14480 7181 14480 7198 14481 7191 14481 7188 14481 7198 14482 7188 14482 7197 14482 7199 14483 7181 14483 7185 14483 7199 14484 7197 14484 7181 14484 7200 14485 7185 14485 7191 14485 7200 14486 7199 14486 7185 14486 7198 14487 7200 14487 7191 14487 7201 14488 7184 14488 7202 14488 7190 14489 7202 14489 7184 14489 7201 14490 7202 14490 7203 14490 7204 14491 7203 14491 7202 14491 7204 14492 7202 14492 7190 14492 7201 14493 7187 14493 7184 14493 7203 14494 7192 14494 7187 14494 7201 14495 7203 14495 7187 14495 7204 14496 7192 14496 7203 14496 7204 14497 7190 14497 7192 14497 7205 14498 7172 14498 7206 14498 7178 14499 7206 14499 7172 14499 7205 14500 7206 14500 7207 14500 7208 14501 7207 14501 7206 14501 7208 14502 7206 14502 7178 14502 7205 14503 7175 14503 7172 14503 7207 14504 7180 14504 7175 14504 7205 14505 7207 14505 7175 14505 7208 14506 7180 14506 7207 14506 7208 14507 7178 14507 7180 14507 7209 14508 7193 14508 7195 14508 7210 14509 7194 14509 7193 14509 7210 14510 7193 14510 7209 14510 7211 14511 7195 14511 7196 14511 7211 14512 7209 14512 7195 14512 7212 14513 7196 14513 7194 14513 7212 14514 7211 14514 7196 14514 7210 14515 7212 14515 7194 14515 7213 14516 7197 14516 7199 14516 7214 14517 7198 14517 7197 14517 7214 14518 7197 14518 7213 14518 7215 14519 7199 14519 7200 14519 7215 14520 7213 14520 7199 14520 7216 14521 7200 14521 7198 14521 7216 14522 7215 14522 7200 14522 7214 14523 7216 14523 7198 14523 7217 14524 7213 14524 7215 14524 7218 14525 7214 14525 7213 14525 7217 14526 7218 14526 7213 14526 7219 14527 7215 14527 7216 14527 7217 14528 7215 14528 7220 14528 7219 14529 7220 14529 7215 14529 7221 14530 7216 14530 7214 14530 7219 14531 7216 14531 7221 14531 7222 14532 7221 14532 7214 14532 7218 14533 7222 14533 7214 14533 7219 14534 7221 14534 7222 14534 7223 14535 7222 14535 7218 14535 7224 14536 7219 14536 7222 14536 7223 14537 7224 14537 7222 14537 7217 14538 7220 14538 7218 14538 7225 14539 7218 14539 7220 14539 7225 14540 7223 14540 7218 14540 7226 14541 7220 14541 7219 14541 7225 14542 7220 14542 7226 14542 7224 14543 7226 14543 7219 14543 7225 14544 7226 14544 7224 14544 7225 14545 7224 14545 7223 14545 7227 14546 7209 14546 7211 14546 7228 14547 7210 14547 7209 14547 7227 14548 7228 14548 7209 14548 389 14549 7211 14549 7212 14549 7227 14550 7211 14550 390 14550 389 14551 390 14551 7211 14551 7229 14552 7212 14552 7210 14552 389 14553 7212 14553 7229 14553 7230 14554 7229 14554 7210 14554 7228 14555 7230 14555 7210 14555 389 14556 7229 14556 7230 14556 314 14557 7230 14557 7228 14557 311 14558 389 14558 7230 14558 314 14559 311 14559 7230 14559 7227 14560 390 14560 7228 14560 309 14561 7228 14561 390 14561 309 14562 314 14562 7228 14562 310 14563 390 14563 389 14563 5983 14564 5982 14564 5984 14564 5983 14565 5981 14565 5517 14565</p>
        </triangles>
      </mesh>
    </geometry>
  </library_geometries>
  <library_visual_scenes>
    <visual_scene id="Scene" name="Scene">
      <node id="lds" name="lds" type="NODE">
        <matrix sid="transform">1 0 0 0 0 1 0 0 0 0 1 0 0 0 0 1</matrix>
        <instance_geometry url="#lds-mesh" name="lds"/>
      </node>
      <node id="Camera" name="Camera" type="NODE">
        <matrix sid="transform">0.6859207 -0.3240135 0.6515582 7.358891 0.7276763 0.3054208 -0.6141704 -6.925791 0 0.8953956 0.4452714 4.958309 0 0 0 1</matrix>
        <instance_camera url="#Camera-camera"/>
      </node>
      <node id="Light" name="Light" type="NODE">
        <matrix sid="transform">-0.2908646 -0.7711008 0.5663932 4.076245 0.9551712 -0.1998834 0.2183912 1.005454 -0.05518906 0.6045247 0.7946723 5.903862 0 0 0 1</matrix>
        <instance_light url="#Light-light"/>
      </node>
    </visual_scene>
  </library_visual_scenes>
  <scene>
    <instance_visual_scene url="#Scene"/>
  </scene>
</COLLADA>